능력코드,이름,아이콘종류,아이콘경로,맵안/밖,맵안실제이름,png파일(~/GRD_skill_icons/),출처
Acri*,!크래커 비스킷,기본,ReplaceableTextures\CommandButtons\BTNMoonWell.blp,맵밖,,std_btnmoonwell.png,"웹(리포지드 HD, 이름 일치)"
Amnz*,마르코깃털폭풍 데미지,기본,ReplaceableTextures\CommandButtons\BTNEnchantedCrows.blp,맵밖,,std_btnenchantedcrows.png,"웹(리포지드 HD, 이름 일치)"
Aslo*,,기본,ReplaceableTextures\CommandButtons\BTNPossession.blp,맵밖,,std_btnpossession.png,"웹(리포지드 HD, 이름 일치)"
Aslo*,,학습해제,ReplaceableTextures\CommandButtons\BTNPossession.blp,맵밖,,std_btnpossession.png,"웹(리포지드 HD, 이름 일치)"
A004,[조합],기본,BTNskud.blp,맵안,BTNskud.blp,A004_[조합].png,원작 맵 안
A005,[조합],기본,BTNulti.blp,맵안,BTNulti.blp,A005_[조합].png,원작 맵 안
A011,[조합],기본,ReplaceableTextures\CommandButtons\BTNMarcoS.blp,맵안,ReplaceableTextures\CommandButtons\BTNMarcoS.blp,A011_[조합].png,원작 맵 안
A012,[조합],기본,BTNLuffy.blp,맵안,BTNLuffy.blp,A012_[조합].png,원작 맵 안
A013,[조합],기본,BTNBajes.blp,맵안,BTNBajes.blp,A013_[조합].png,원작 맵 안
A014,[조합],기본,BTNChoppa3.blp,맵안,BTNChoppa3.blp,A014_[조합].png,원작 맵 안
A015,[조합],기본,BTNNami.blp,맵안,BTNNami.blp,A015_[조합].png,원작 맵 안
A016,[조합],기본,BTNRyuma.blp,맵안,BTNRyuma.blp,A016_[조합].png,원작 맵 안
A017,[조합],기본,BTNKuma.blp,맵안,BTNKuma.blp,A017_[조합].png,원작 맵 안
A018,[조합],기본,BTNBugi.blp,맵안,BTNBugi.blp,A018_[조합].png,원작 맵 안
A019,[조합],기본,BTNhermpo.blp,맵안,BTNhermpo.blp,A019_[조합].png,원작 맵 안
A01A,[조합],기본,BTNchaka.blp,맵안,BTNchaka.blp,A01A_[조합].png,원작 맵 안
A01B,[조합],기본,BTNSanji.blp,맵안,BTNSanji.blp,A01B_[조합].png,원작 맵 안
A01C,[조합],기본,BTNKiller.blp,맵안,BTNKiller.blp,A01C_[조합].png,원작 맵 안
A01E,[조합],기본,BTNjimbae.blp,맵안,BTNjimbae.blp,A01E_[조합].png,원작 맵 안
A01F,[조합],기본,BTNKurohige.blp,맵안,BTNKurohige.blp,A01F_[조합].png,원작 맵 안
A01G,[조합],기본,BTNMoriaAsgard.blp,맵안,BTNMoriaAsgard.blp,A01G_[조합].png,원작 맵 안
A01H,[조합],기본,BTNFranky.blp,맵안,BTNFranky.blp,A01H_[조합].png,원작 맵 안
A01I,[조합],기본,BTNBonkure.blp,맵안,BTNBonkure.blp,A01I_[조합].png,원작 맵 안
A01J,[조합],기본,BTNiwacob.blp,맵안,BTNiwacob.blp,A01J_[조합].png,원작 맵 안
A01K,[조합],기본,BTNUSsop2.blp,맵안,BTNUSsop2.blp,A01K_[조합].png,원작 맵 안
A01L,[조합],기본,BTNHazzi.blp,맵안,BTNHazzi.blp,A01L_[조합].png,원작 맵 안
A01M,[조합],기본,BTNMajellan.blp,맵안,BTNMajellan.blp,A01M_[조합].png,원작 맵 안
A01N,[조합],기본,BTNHokins.blp,맵안,BTNHokins.blp,A01N_[조합].png,원작 맵 안
A01O,[조합],기본,BTNRuchi.blp,맵안,BTNRuchi.blp,A01O_[조합].png,원작 맵 안
A01P,[조합],기본,BTNAron.blp,맵안,BTNAron.blp,A01P_[조합].png,원작 맵 안
A01Q,[조합],기본,BTNCrocodie.blp,맵안,BTNCrocodie.blp,A01Q_[조합].png,원작 맵 안
A01R,[조합],기본,BTNTasigi.blp,맵안,BTNTasigi.blp,A01R_[조합].png,원작 맵 안
A01Y,[조합],기본,BTNenel2.blp,맵안,BTNenel2.blp,A01Y_[조합].png,원작 맵 안
A022,[조합],기본,ReplaceableTextures\CommandButtons\BTNPhilosophersStone.blp,맵밖,,std_btnphilosophersstone.png,"웹(리포지드 HD, 이름 일치)"
A02D,[조합],기본,BTNmarco2.blp,맵안,BTNmarco2.blp,A02D_[조합].png,원작 맵 안
A02E,[조합],기본,BTNBrook.blp,맵안,BTNBrook.blp,A02E_[조합].png,원작 맵 안
A03I,$패기수련,기본,ReplaceableTextures\CommandButtons\BTNScourgeBuild.blp,맵밖,,std_btnscourgebuild.png,"웹(리포지드 HD, 이름 일치)"
A03J,#증오,기본,ReplaceableTextures\CommandButtons\BTNGhoul.blp,맵밖,,std_btnghoul.png,"웹(리포지드 HD, 이름 일치)"
A03K,#2인자 명왕,기본,BTNlaily_im.blp,맵안,BTNlaily_im.blp,A03K_#2인자명왕.png,원작 맵 안
A03L,$허세,기본,ReplaceableTextures\CommandButtons\BTNOrcCaptureFlag.blp,맵밖,,std_btnorccaptureflag.png,"웹(리포지드 HD, 이름 일치)"
A03M,!시구레,기본,ReplaceableTextures\CommandButtons\BTNThoriumMelee.blp,맵밖,,std_btnthoriummelee.png,"웹(리포지드 HD, 이름 일치)"
A03N,!명왕의 검술,기본,ReplaceableTextures\CommandButtons\BTNHoldPosition.blp,맵밖,,std_btnholdposition.png,"웹(리포지드 HD, 이름 일치)"
A03O,$패기수련,기본,ReplaceableTextures\CommandButtons\BTNScourgeBuild.blp,맵밖,,std_btnscourgebuild.png,"웹(리포지드 HD, 이름 일치)"
A03P,A공작슬래셔-비변,기본,ReplaceableTextures\CommandButtons\BTNShadowStrike.blp,맵밖,,std_btnshadowstrike.png,"웹(리포지드 HD, 이름 일치)"
A03Q,!표적표적 열매,기본,ReplaceableTextures\CommandButtons\BTNStormBolt.blp,맵밖,,std_btnstormbolt.png,"웹(리포지드 HD, 이름 일치)"
A03U,!삼림화,기본,ReplaceableTextures\CommandButtons\BTNReplenishHealth.blp,맵밖,,std_btnreplenishhealth.png,"웹(리포지드 HD, 이름 일치)"
A03V,A룸 이속감소1,기본,BTNLailley.blp,맵안,BTNLailley.blp,A03V_A룸이속감소1.png,원작 맵 안
A03W,!패기의 검술,기본,ReplaceableTextures\PassiveButtons\PASBTNVorpalBlades.blp,맵밖,,std_btnvorpalblades.png,"웹(PASBTN→BTN 같은 그림, 패시브 틀만 다름)"
A03X,!패기의 검술,기본,ReplaceableTextures\PassiveButtons\PASBTNVorpalBlades.blp,맵밖,,std_btnvorpalblades.png,"웹(PASBTN→BTN 같은 그림, 패시브 틀만 다름)"
A03Y,!패기의 검술,기본,ReplaceableTextures\PassiveButtons\PASBTNVorpalBlades.blp,맵밖,,std_btnvorpalblades.png,"웹(PASBTN→BTN 같은 그림, 패시브 틀만 다름)"
A03Z,!패기의 대포,기본,ReplaceableTextures\CommandButtons\BTNHumanMissileUpOne.blp,맵밖,,std_btnhumanmissileupone.png,"웹(리포지드 HD, 이름 일치)"
A040,!패기의 탄환,기본,ReplaceableTextures\CommandButtons\BTNHumanMissileUpOne.blp,맵밖,,std_btnhumanmissileupone.png,"웹(리포지드 HD, 이름 일치)"
A041,!패기의 탄환,기본,ReplaceableTextures\CommandButtons\BTNHumanMissileUpOne.blp,맵밖,,std_btnhumanmissileupone.png,"웹(리포지드 HD, 이름 일치)"
A042,!나무 덩쿨 촉수,기본,ReplaceableTextures\CommandButtons\BTNHippogriffRider.blp,맵밖,,std_btnhippogriffrider.png,"웹(리포지드 HD, 이름 일치)"
A043,!용조권,기본,ReplaceableTextures\CommandButtons\BTNImprovedCreatureCarapace.blp,맵밖,,std_btnimprovedcreaturecarapace.png,"웹(리포지드 HD, 이름 일치)"
A044,!패기의 주먹,기본,ReplaceableTextures\CommandButtons\BTNGolemThunderclap.blp,맵밖,,std_btngolemthunderclap.png,"웹(리포지드 HD, 이름 일치)"
A045,!육식,기본,ReplaceableTextures\CommandButtons\BTNTinyCastle.blp,맵밖,,std_btntinycastle.png,"웹(리포지드 HD, 이름 일치)"
A046,!육식,기본,ReplaceableTextures\CommandButtons\BTNTinyCastle.blp,맵밖,,std_btntinycastle.png,"웹(리포지드 HD, 이름 일치)"
A047,!육식,기본,ReplaceableTextures\CommandButtons\BTNTinyCastle.blp,맵밖,,std_btntinycastle.png,"웹(리포지드 HD, 이름 일치)"
A048,!육식,기본,ReplaceableTextures\CommandButtons\BTNTinyCastle.blp,맵밖,,std_btntinycastle.png,"웹(리포지드 HD, 이름 일치)"
A049,!참륙용인,기본,ReplaceableTextures\CommandButtons\BTNUpgradeRegenerationAura.blp,맵밖,,std_btnupgraderegenerationaura.png,"웹(리포지드 HD, 이름 일치)"
A04A,!참륙용인,기본,ReplaceableTextures\CommandButtons\BTNUpgradeRegenerationAura.blp,맵밖,,std_btnupgraderegenerationaura.png,"웹(리포지드 HD, 이름 일치)"
A04B,!잠의 노래 프람,기본,ReplaceableTextures\CommandButtons\BTNSleep.blp,맵밖,,std_btnsleep.png,"웹(리포지드 HD, 이름 일치)"
A04C,!잠의 노래 프람,기본,ReplaceableTextures\CommandButtons\BTNSleep.blp,맵밖,,std_btnsleep.png,"웹(리포지드 HD, 이름 일치)"
A04D,!소울 솔리드,기본,ReplaceableTextures\CommandButtons\BTNSilence.blp,맵밖,,std_btnsilence.png,"웹(리포지드 HD, 이름 일치)"
A04E,#언변,기본,ReplaceableTextures\CommandButtons\BTNManual3.blp,맵밖,,std_btnmanual3.png,"웹(리포지드 HD, 이름 일치)"
A04F,#천왕의 검술1,기본,BTNGaban.blp,맵안,BTNGaban.blp,A04F_#천왕의검술1.png,원작 맵 안
A04G,#선의-쵸초,기본,ReplaceableTextures\CommandButtons\BTNSkillz.tga,맵밖,,std_btnskillz.png,"웹(리포지드 HD, 이름 일치)"
A04J,!최상의 음식,기본,ReplaceableTextures\CommandButtons\BTNReturnGoods.blp,맵밖,,std_btnreturngoods.png,"웹(리포지드 HD, 이름 일치)"
A04K,#드래곤- 혁명군,기본,ReplaceableTextures\PassiveButtons\PASBTNDemolish.blp,맵밖,,std_btndemolish.png,"웹(PASBTN→BTN 같은 그림, 패시브 틀만 다름)"
A04L,$드래곤-혁명가,기본,ReplaceableTextures\CommandButtons\BTNCloakOfFlames.blp,맵밖,,std_btncloakofflames.png,"웹(리포지드 HD, 이름 일치)"
A04M,$공속계열 스킬,기본,ReplaceableTextures\CommandButtons\BTNScourgeBuild.blp,맵밖,,std_btnscourgebuild.png,"웹(리포지드 HD, 이름 일치)"
A04N,$해상 레스토랑1,기본,ReplaceableTextures\CommandButtons\BTNWhirlwind.blp,맵밖,,std_btnwhirlwind.png,"웹(리포지드 HD, 이름 일치)"
A04P,!집어 던지기,기본,ReplaceableTextures\CommandButtons\BTNStormBolt.blp,맵밖,,std_btnstormbolt.png,"웹(리포지드 HD, 이름 일치)"
A04Q,!집어 던지기,기본,ReplaceableTextures\CommandButtons\BTNStormBolt.blp,맵밖,,std_btnstormbolt.png,"웹(리포지드 HD, 이름 일치)"
A04U,!패기의 주먹,기본,ReplaceableTextures\CommandButtons\BTNGolemThunderclap.blp,맵밖,,std_btngolemthunderclap.png,"웹(리포지드 HD, 이름 일치)"
A04V,!육식-체-거프,기본,ReplaceableTextures\CommandButtons\BTNHammer.blp,맵밖,,std_btnhammer.png,"웹(리포지드 HD, 이름 일치)"
A04W,!육식-체-거불,기본,ReplaceableTextures\CommandButtons\BTNHelmOfValor.blp,맵밖,,std_btnhelmofvalor.png,"웹(리포지드 HD, 이름 일치)"
A04X,!도둑고양이 나미1,기본,ReplaceableTextures\CommandButtons\BTNDust.blp,맵밖,,std_btndust.png,"웹(리포지드 HD, 이름 일치)"
A04Y,!방무뎀1,기본,ReplaceableTextures\CommandButtons\BTNTameHippogriff.blp,맵밖,,std_btntamehippogriff.png,"웹(리포지드 HD, 이름 일치)"
A04Z,!요도 - 키쿄쿠1,기본,ReplaceableTextures\CommandButtons\BTNTameHippogriff.blp,맵밖,,std_btntamehippogriff.png,"웹(리포지드 HD, 이름 일치)"
A050,!고무고무 열매,기본,ReplaceableTextures\CommandButtons\BTNBearBlink.blp,맵밖,,std_btnbearblink.png,"웹(리포지드 HD, 이름 일치)"
A051,!고무고무 열매,기본,ReplaceableTextures\CommandButtons\BTNBearBlink.blp,맵밖,,std_btnbearblink.png,"웹(리포지드 HD, 이름 일치)"
A052,!고무고무 열매,기본,ReplaceableTextures\CommandButtons\BTNBearBlink.blp,맵밖,,std_btnbearblink.png,"웹(리포지드 HD, 이름 일치)"
A053,!고무고무 열매,기본,ReplaceableTextures\CommandButtons\BTNBearBlink.blp,맵밖,,std_btnbearblink.png,"웹(리포지드 HD, 이름 일치)"
A054,!고무고무 열매,기본,ReplaceableTextures\CommandButtons\BTNBearBlink.blp,맵밖,,std_btnbearblink.png,"웹(리포지드 HD, 이름 일치)"
A055,!모리아전설 쉐도우 아스가르드1,기본,BTNMoriaAsgard.blp,맵안,BTNMoriaAsgard.blp,A01G_[조합].png,원작 맵 안
A056,!jet 개틀링,기본,ReplaceableTextures\CommandButtons\BTNIncinerate.blp,맵밖,,std_btnincinerate.png,"웹(리포지드 HD, 이름 일치)"
A058,!인의 액티브,기본,ReplaceableTextures\CommandButtons\BTNPolymorph.blp,맵밖,,std_btnpolymorph.png,"웹(리포지드 HD, 이름 일치)"
A059,!인의,기본,ReplaceableTextures\CommandButtons\BTNPolymorph.blp,맵밖,,std_btnpolymorph.png,"웹(리포지드 HD, 이름 일치)"
A05A,!그림자흡수,기본,ReplaceableTextures\CommandButtons\BTNPossession.blp,맵밖,,std_btnpossession.png,"웹(리포지드 HD, 이름 일치)"
A05B,!수술수술열매 '분해',기본,ReplaceableTextures\CommandButtons\BTNFragmentationBombs.blp,맵밖,,std_btnfragmentationbombs.png,"웹(리포지드 HD, 이름 일치)"
A05C,!대태도,기본,BTNswordicon.blp,맵안,BTNswordicon.blp,A05C_!대태도.png,원작 맵 안
A05D,!카운터 쇼크,기본,ReplaceableTextures\CommandButtons\BTNPurge.blp,맵밖,,std_btnpurge.png,"웹(리포지드 HD, 이름 일치)"
A05E,!마기탄,기본,ReplaceableTextures\CommandButtons\BTNGoblinLandMine.blp,맵밖,,std_btngoblinlandmine.png,"웹(리포지드 HD, 이름 일치)"
A05F,#강렬함-아카이누버프,기본,ReplaceableTextures\CommandButtons\BTNBloodKey.blp,맵밖,,std_btnbloodkey.png,"웹(리포지드 HD, 이름 일치)"
A05I,!수술수술열매- 룸,기본,ReplaceableTextures\CommandButtons\BTNNeutralManaShieldOff.blp,맵밖,,std_btnneutralmanashieldoff.png,"웹(리포지드 HD, 이름 일치)"
A05J,!와노쿠니의 검술,기본,ReplaceableTextures\CommandButtons\BTNArcaniteMelee.blp,맵밖,,std_btnarcanitemelee.png,"웹(리포지드 HD, 이름 일치)"
A05K,!와노쿠니의 검술,기본,ReplaceableTextures\CommandButtons\BTNArcaniteMelee.blp,맵밖,,std_btnarcanitemelee.png,"웹(리포지드 HD, 이름 일치)"
A05L,!검투사,기본,ReplaceableTextures\CommandButtons\BTNHelmOfValor.blp,맵밖,,std_btnhelmofvalor.png,"웹(리포지드 HD, 이름 일치)"
A05M,!뇌영,기본,ReplaceableTextures\CommandButtons\BTNOrbOfLightning.blp,맵밖,,std_btnorboflightning.png,"웹(리포지드 HD, 이름 일치)"
A05N,!뇌영,기본,ReplaceableTextures\CommandButtons\BTNOrbOfLightning.blp,맵밖,,std_btnorboflightning.png,"웹(리포지드 HD, 이름 일치)"
A05O,!일도-미호크히든,기본,ReplaceableTextures\CommandButtons\BTNSteelMelee.blp,맵밖,,std_btnsteelmelee.png,"웹(리포지드 HD, 이름 일치)"
A05P,!대구경 탄환2,기본,ReplaceableTextures\CommandButtons\BTNHumanArtilleryUpOne.blp,맵밖,,std_btnhumanartilleryupone.png,"웹(리포지드 HD, 이름 일치)"
A05R,!매료매료 열매,기본,ReplaceableTextures\CommandButtons\BTNSnazzyPotion.blp,맵밖,,std_btnsnazzypotion.png,"웹(리포지드 HD, 이름 일치)"
A05S,!매료매료 열매,기본,ReplaceableTextures\CommandButtons\BTNSnazzyPotion.blp,맵밖,,std_btnsnazzypotion.png,"웹(리포지드 HD, 이름 일치)"
A05T,!매료매료 열매,기본,ReplaceableTextures\CommandButtons\BTNSnazzyPotion.blp,맵밖,,std_btnsnazzypotion.png,"웹(리포지드 HD, 이름 일치)"
A05X,!흑도 슈스이,기본,ReplaceableTextures\CommandButtons\BTNAdvancedCreatureCarapace.blp,맵밖,,std_btnadvancedcreaturecarapace.png,"웹(리포지드 HD, 이름 일치)"
A05Y,!흑도 슈스이,기본,ReplaceableTextures\CommandButtons\BTNAdvancedCreatureCarapace.blp,맵밖,,std_btnadvancedcreaturecarapace.png,"웹(리포지드 HD, 이름 일치)"
A060,!프로메테우스,기본,ReplaceableTextures\CommandButtons\BTNGlyph.blp,맵밖,,std_btnglyph.png,"웹(리포지드 HD, 이름 일치)"
A061,!하늘귀신,기본,ReplaceableTextures\CommandButtons\BTNLocustSwarm.blp,맵밖,,std_btnlocustswarm.png,"웹(리포지드 HD, 이름 일치)"
A062,#해군원수,기본,!MarineG.blp,맵안,!MarineG.blp,A062_#해군원수.png,원작 맵 안
A063,홀로홀로열매,기본,ReplaceableTextures\CommandButtons\BTNGhost.blp,맵밖,,std_btnghost.png,"웹(리포지드 HD, 이름 일치)"
A064,홀로홀로열매,기본,ReplaceableTextures\CommandButtons\BTNGhost.blp,맵밖,,std_btnghost.png,"웹(리포지드 HD, 이름 일치)"
A065,!금쇄봉,기본,ReplaceableTextures\CommandButtons\BTNLichVersion2.blp,맵밖,,std_btnlichversion2.png,"웹(리포지드 HD, 이름 일치)"
A066,!기어 세컨드,기본,ReplaceableTextures\CommandButtons\BTNEngineeringUpgrade.blp,맵밖,,std_btnengineeringupgrade.png,"웹(리포지드 HD, 이름 일치)"
A067,!실실열매,기본,ReplaceableTextures\CommandButtons\BTNWeb.blp,맵밖,,std_btnweb.png,"웹(리포지드 HD, 이름 일치)"
A068,!이글이글열매,기본,ReplaceableTextures\CommandButtons\BTNFire.blp,맵밖,,std_btnfire.png,"웹(리포지드 HD, 이름 일치)"
A069,!꾸드방-프랑초,기본,ReplaceableTextures\CommandButtons\BTNWispHealOn.blp,맵밖,,std_btnwisphealon.png,"웹(리포지드 HD, 이름 일치)"
A06A,!사람사람열매-니카,기본,BTNLuffy_Gear_5.blp,맵안,BTNLuffy_Gear_5.blp,A06A_!사람사람열매-니카.png,원작 맵 안
A06B,!대도끼,기본,ReplaceableTextures\CommandButtons\BTNSpiritWalkerAdeptTraining.blp,맵밖,,std_btnspiritwalkeradepttraining.png,"웹(리포지드 HD, 이름 일치)"
A06C,!디아블 잠브 무통샷,기본,ReplaceableTextures\CommandButtons\BTNRedDragon.blp,맵밖,,std_btnreddragon.png,"웹(리포지드 HD, 이름 일치)"
A06D,!디아블 잠브,기본,ReplaceableTextures\CommandButtons\BTNRedDragon.blp,맵밖,,std_btnreddragon.png,"웹(리포지드 HD, 이름 일치)"
A06E,!디아블 잠브-검은다리 슈트 코스,기본,ReplaceableTextures\CommandButtons\BTNBlackDragonRoost.blp,맵밖,,std_btnblackdragonroost.png,"웹(리포지드 HD, 이름 일치)"
A06F,!고무고무-바즈랑 건,기본,BTNNika_skill_2.blp,맵안,BTNNika_skill_2.blp,A06F_!고무고무-바즈랑건.png,원작 맵 안
A06G,!바람바람열매,기본,ReplaceableTextures\CommandButtons\BTNTornado.blp,맵밖,,std_btntornado.png,"웹(리포지드 HD, 이름 일치)"
A06H,!발바닥발바닥 열매,기본,ReplaceableTextures\CommandButtons\BTNDrunkenDodge.blp,맵밖,,std_btndrunkendodge.png,"웹(리포지드 HD, 이름 일치)"
A06I,!우르스스 쇼크,기본,ReplaceableTextures\CommandButtons\BTNBearForm.blp,맵밖,,std_btnbearform.png,"웹(리포지드 HD, 이름 일치)"
A06J,!이글이글열매,기본,ReplaceableTextures\CommandButtons\BTNFire.blp,맵밖,,std_btnfire.png,"웹(리포지드 HD, 이름 일치)"
A06K,!이글이글열매,기본,ReplaceableTextures\CommandButtons\BTNFire.blp,맵밖,,std_btnfire.png,"웹(리포지드 HD, 이름 일치)"
A06L,!이글이글열매,기본,ReplaceableTextures\CommandButtons\BTNFire.blp,맵밖,,std_btnfire.png,"웹(리포지드 HD, 이름 일치)"
A06M,!죽음의 경지,기본,ReplaceableTextures\CommandButtons\BTNCorpseExplode.blp,맵밖,,std_btncorpseexplode.png,"웹(리포지드 HD, 이름 일치)"
A06N,!어인,기본,ReplaceableTextures\CommandButtons\BTNNagaMyrmidon.blp,맵밖,,std_btnnagamyrmidon.png,"웹(리포지드 HD, 이름 일치)"
A06O,!어인,기본,ReplaceableTextures\CommandButtons\BTNNagaMyrmidon.blp,맵밖,,std_btnnagamyrmidon.png,"웹(리포지드 HD, 이름 일치)"
A06P,!어인,기본,ReplaceableTextures\CommandButtons\BTNNagaMyrmidon.blp,맵밖,,std_btnnagamyrmidon.png,"웹(리포지드 HD, 이름 일치)"
A06Q,!어인,기본,ReplaceableTextures\CommandButtons\BTNNagaMyrmidon.blp,맵밖,,std_btnnagamyrmidon.png,"웹(리포지드 HD, 이름 일치)"
A06R,!둥실둥실열매,기본,ReplaceableTextures\CommandButtons\BTNPriestMaster.blp,맵밖,,std_btnpriestmaster.png,"웹(리포지드 HD, 이름 일치)"
A06S,!용암용암열매,기본,ReplaceableTextures\CommandButtons\BTNVolcano.blp,맵밖,,std_btnvolcano.png,"웹(리포지드 HD, 이름 일치)"
A06T,!용암용암열매,기본,ReplaceableTextures\CommandButtons\BTNVolcano.blp,맵밖,,std_btnvolcano.png,"웹(리포지드 HD, 이름 일치)"
A06U,!아마테라스,기본,ReplaceableTextures\CommandButtons\BTNGoldRing.blp,맵밖,,std_btngoldring.png,"웹(리포지드 HD, 이름 일치)"
A06V,B가상베기-미호크 히든,기본,ReplaceableTextures\CommandButtons\BTNArcaniteMelee.blp,맵밖,,std_btnarcanitemelee.png,"웹(리포지드 HD, 이름 일치)"
A06X,!크리마 텍트,기본,ReplaceableTextures\CommandButtons\BTNWitchDoctorMaster.blp,맵밖,,std_btnwitchdoctormaster.png,"웹(리포지드 HD, 이름 일치)"
A06Y,!크리마 텍트,기본,ReplaceableTextures\CommandButtons\BTNWitchDoctorMaster.blp,맵밖,,std_btnwitchdoctormaster.png,"웹(리포지드 HD, 이름 일치)"
A06Z,!크리마 텍트,기본,ReplaceableTextures\CommandButtons\BTNWitchDoctorMaster.blp,맵밖,,std_btnwitchdoctormaster.png,"웹(리포지드 HD, 이름 일치)"
A072,D월보1,기본,ReplaceableTextures\CommandButtons\BTNStaffOfPreservation.blp,맵밖,,std_btnstaffofpreservation.png,"웹(리포지드 HD, 이름 일치)"
A073,D문문열매,기본,ReplaceableTextures\CommandButtons\BTNScrollOfHaste.blp,맵밖,,std_btnscrollofhaste.png,"웹(리포지드 HD, 이름 일치)"
A074,!불사조불사조열매,기본,ReplaceableTextures\CommandButtons\BTNMarkOfFire.blp,맵밖,,std_btnmarkoffire.png,"웹(리포지드 HD, 이름 일치)"
A075,!불사조불사조열매,기본,ReplaceableTextures\CommandButtons\BTNMarkOfFire.blp,맵밖,,std_btnmarkoffire.png,"웹(리포지드 HD, 이름 일치)"
A076,!불사조불사조열매,기본,ReplaceableTextures\CommandButtons\BTNMarkOfFire.blp,맵밖,,std_btnmarkoffire.png,"웹(리포지드 HD, 이름 일치)"
A079,!마나회복계열,기본,ReplaceableTextures\CommandButtons\BTNDarkRitual.blp,맵밖,,std_btndarkritual.png,"웹(리포지드 HD, 이름 일치)"
A07Y,!#@#!!창고로 이동,기본,ReplaceableTextures\CommandButtons\BTNLoadDwarf.blp,맵밖,,std_btnloaddwarf.png,"웹(리포지드 HD, 이름 일치)"
A080,!@#판매,기본,ReplaceableTextures\CommandButtons\BTNMedalionOfCourage.blp,맵밖,,std_btnmedalionofcourage.png,"웹(리포지드 HD, 이름 일치)"
A08G,C전설 카르가라 샨디아의 창,기본,ReplaceableTextures\CommandButtons\BTNAdvancedStrengthOfTheMoon.blp,맵밖,,std_btnadvancedstrengthofthemoon.png,"웹(리포지드 HD, 이름 일치)"
A08G,C전설 카르가라 샨디아의 창,학습해제,ReplaceableTextures\CommandButtons\BTNAdvancedStrengthOfTheMoon.blp,맵밖,,std_btnadvancedstrengthofthemoon.png,"웹(리포지드 HD, 이름 일치)"
A08H,!샨디아의 기운,기본,ReplaceableTextures\CommandButtons\BTNAdvancedMoonArmor.blp,맵밖,,std_btnadvancedmoonarmor.png,"웹(리포지드 HD, 이름 일치)"
A08I,!팬오브나이츠 계열,기본,BTNOZ.blp,맵안,BTNOZ.blp,A08I_!팬오브나이츠계열.png,원작 맵 안
A08J,2범위 불사조팬옵나 마르코전설,기본,BTNOZ.blp,맵안,BTNOZ.blp,A08I_!팬오브나이츠계열.png,원작 맵 안
A08M,&포이즌 핑크,기본,ReplaceableTextures\CommandButtons\BTNPurpleFelhound.blp,맵밖,,std_btnpurplefelhound.png,"웹(리포지드 HD, 이름 일치)"
A09E,!차지 버스터,기본,ReplaceableTextures\CommandButtons\BTNHumanMissileUpThree.blp,맵밖,,std_btnhumanmissileupthree.png,"웹(리포지드 HD, 이름 일치)"
A09G,!@#판매,기본,ReplaceableTextures\CommandButtons\BTNMedalionOfCourage.blp,맵밖,,std_btnmedalionofcourage.png,"웹(리포지드 HD, 이름 일치)"
A09M,!아카초 - 지천을 녹이는 열기 - 이감2,기본,BTNLailley.blp,맵안,BTNLailley.blp,A03V_A룸이속감소1.png,원작 맵 안
A09O,!고무고무열매 - 초월 개틀링,기본,ReplaceableTextures\CommandButtons\BTNClusterRockets.blp,맵밖,,std_btnclusterrockets.png,"웹(리포지드 HD, 이름 일치)"
A09P,!고무고무열매 - 초월 호크개틀링-강화,기본,BTNClusterRockets2.blp,맵안,BTNClusterRockets2.blp,A09P_!고무고무열매-초월호크개틀링-강화.png,원작 맵 안
A09X,2범위 불사조팬옵나 마르코특별,기본,BTNOZ.blp,맵안,BTNOZ.blp,A08I_!팬오브나이츠계열.png,원작 맵 안
A09Y,2범위 불사조팬옵나 마르코희귀,기본,BTNOZ.blp,맵안,BTNOZ.blp,A08I_!팬오브나이츠계열.png,원작 맵 안
A0A9,요정 도둑질,기본,ReplaceableTextures\CommandButtons\BTNUndeadLoad.blp,맵밖,,std_btnundeadload.png,"웹(리포지드 HD, 이름 일치)"
A0AC,!솔져도크 시스템,기본,BTNFranky2Y.blp,맵안,BTNFranky2Y.blp,A0AC_!솔져도크시스템.png,원작 맵 안
A0AD,!베가펑크의 지식,기본,ReplaceableTextures\CommandButtons\BTNAltarOfKings.blp,맵밖,,std_btnaltarofkings.png,"웹(리포지드 HD, 이름 일치)"
A0AF,6변신1,기본,ReplaceableTextures\PassiveButtons\PASBTNStormHammer.blp,맵밖,,std_btnstormhammer.png,"웹(PASBTN→BTN 같은 그림, 패시브 틀만 다름)"
A0AG,10톤 해머,기본,ReplaceableTextures\PassiveButtons\PASBTNStormHammer.blp,맵밖,,std_btnstormhammer.png,"웹(PASBTN→BTN 같은 그림, 패시브 틀만 다름)"
A0AJ,B열매각성 방깍,기본,mr.war3_mgfyw.blp,맵안,mr.war3_mgfyw.blp,A0AJ_B열매각성방깍.png,원작 맵 안
A0AK,!흉탄,기본,ReplaceableTextures\CommandButtons\BTNShamanAdept.blp,맵밖,,std_btnshamanadept.png,"웹(리포지드 HD, 이름 일치)"
A0AP,!프렐류드 브룩초월,기본,ReplaceableTextures\CommandButtons\BTNCurse.blp,맵밖,,std_btncurse.png,"웹(리포지드 HD, 이름 일치)"
A0AP,!프렐류드 브룩초월,학습해제,ReplaceableTextures\CommandButtons\BTNCurse.blp,맵밖,,std_btncurse.png,"웹(리포지드 HD, 이름 일치)"
A0B7,타시기 체,기본,ReplaceableTextures\CommandButtons\BTNtashigiicon2.blp,맵안,ReplaceableTextures\CommandButtons\BTNtashigiicon2.blp,A0B7_타시기체.png,원작 맵 안
A0B7,타시기 체,연구,ReplaceableTextures\CommandButtons\BTNtashigiicon2.blp,맵안,ReplaceableTextures\CommandButtons\BTNtashigiicon2.blp,A0B7_타시기체.png,원작 맵 안
A0B8,!@#판매,기본,ReplaceableTextures\CommandButtons\BTNMedalionOfCourage.blp,맵밖,,std_btnmedalionofcourage.png,"웹(리포지드 HD, 이름 일치)"
A0B9,!@#판매,기본,ReplaceableTextures\CommandButtons\BTNMedalionOfCourage.blp,맵밖,,std_btnmedalionofcourage.png,"웹(리포지드 HD, 이름 일치)"
A0BA,!@#판매,기본,ReplaceableTextures\CommandButtons\BTNMedalionOfCourage.blp,맵밖,,std_btnmedalionofcourage.png,"웹(리포지드 HD, 이름 일치)"
A0BB,!@#판매,기본,ReplaceableTextures\CommandButtons\BTNMedalionOfCourage.blp,맵밖,,std_btnmedalionofcourage.png,"웹(리포지드 HD, 이름 일치)"
A0BC,행운의 토큰,기본,ReplaceableTextures\CommandButtons\BTNSpellShieldAmulet.blp,맵밖,,std_btnspellshieldamulet.png,"웹(리포지드 HD, 이름 일치)"
A0BP,!해적선 모비딕호,기본,ReplaceableTextures\CommandButtons\BTNHumanBattleShip.blp,맵밖,,std_btnhumanbattleship.png,"웹(리포지드 HD, 이름 일치)"
A0BQ,!표적표적 열매,기본,ReplaceableTextures\CommandButtons\BTNStormBolt.blp,맵밖,,std_btnstormbolt.png,"웹(리포지드 HD, 이름 일치)"
A0CA,4지정 코비전설 공속,기본,ReplaceableTextures\CommandButtons\BTNBlink.blp,맵밖,,std_btnblink.png,"웹(리포지드 HD, 이름 일치)"
A0CA,4지정 코비전설 공속,학습해제,ReplaceableTextures\CommandButtons\BTNBlink.blp,맵밖,,std_btnblink.png,"웹(리포지드 HD, 이름 일치)"
A0CG,!모래모래 열매,기본,ReplaceableTextures\PassiveButtons\PASBTNExhumeCorpses.blp,맵밖,,std_btnexhumecorpses.png,"웹(PASBTN→BTN 같은 그림, 패시브 틀만 다름)"
A0CH,!모래모래 열매,기본,ReplaceableTextures\PassiveButtons\PASBTNExhumeCorpses.blp,맵밖,,std_btnexhumecorpses.png,"웹(PASBTN→BTN 같은 그림, 패시브 틀만 다름)"
A0CI,!모래모래 열매,기본,ReplaceableTextures\PassiveButtons\PASBTNExhumeCorpses.blp,맵밖,,std_btnexhumecorpses.png,"웹(PASBTN→BTN 같은 그림, 패시브 틀만 다름)"
A0CJ,B!수분흡수1,기본,ReplaceableTextures\CommandButtons\BTNEntrapmentWard.blp,맵밖,,std_btnentrapmentward.png,"웹(리포지드 HD, 이름 일치)"
A0CK,!금강보도,기본,ReplaceableTextures\CommandButtons\BTNNagaWeaponUp3.blp,맵밖,,std_btnnagaweaponup3.png,"웹(리포지드 HD, 이름 일치)"
A0CM,D남은 블링크,기본,ReplaceableTextures\CommandButtons\BTNBoots.blp,맵밖,,std_btnboots.png,"웹(리포지드 HD, 이름 일치)"
A0CN,D수술열매 워프,기본,ReplaceableTextures\CommandButtons\BTNCrystalBall.blp,맵밖,,std_btncrystalball.png,"웹(리포지드 HD, 이름 일치)"
A0CO,D키자루 빛의 이동,기본,ReplaceableTextures\CommandButtons\BTNBarkskin.blp,맵밖,,std_btnbarkskin.png,"웹(리포지드 HD, 이름 일치)"
A0CP,D수술열매 워프,기본,ReplaceableTextures\CommandButtons\BTNCrystalBall.blp,맵밖,,std_btncrystalball.png,"웹(리포지드 HD, 이름 일치)"
A0CQ,D수술열매 워프1,기본,ReplaceableTextures\CommandButtons\BTNCrystalBall.blp,맵밖,,std_btncrystalball.png,"웹(리포지드 HD, 이름 일치)"
A0CR,D키자루 빛의 이동,기본,ReplaceableTextures\CommandButtons\BTNBarkskin.blp,맵밖,,std_btnbarkskin.png,"웹(리포지드 HD, 이름 일치)"
A0CS,!빛빛열매,기본,ReplaceableTextures\CommandButtons\BTNHolyBolt.blp,맵밖,,std_btnholybolt.png,"웹(리포지드 HD, 이름 일치)"
A0CT,!빛빛열매,기본,ReplaceableTextures\CommandButtons\BTNHolyBolt.blp,맵밖,,std_btnholybolt.png,"웹(리포지드 HD, 이름 일치)"
A0CV,!흑도 요루,기본,ReplaceableTextures\CommandButtons\BTNTheBlackArrow.blp,맵밖,,std_btntheblackarrow.png,"웹(리포지드 HD, 이름 일치)"
A0CW,!흑도 요루,기본,ReplaceableTextures\CommandButtons\BTNTheBlackArrow.blp,맵밖,,std_btntheblackarrow.png,"웹(리포지드 HD, 이름 일치)"
A0CX,!흑도 밤 폭풍-패기를머금은 흑도,기본,BTNMihawkicon3.blp,맵안,BTNMihawkicon3.blp,A0CX_!흑도밤폭풍-패기를머금은흑도.png,원작 맵 안
A0CY,!흔들흔들 열매,기본,ReplaceableTextures\CommandButtons\BTNEarthquake.blp,맵밖,,std_btnearthquake.png,"웹(리포지드 HD, 이름 일치)"
A0CZ,!지진강타-흰불,기본,moon_shin_bhztx.blp,맵안,moon_shin_bhztx.blp,A0CZ_!지진강타-흰불.png,원작 맵 안
A0D0,!흔들흔들 열매,기본,ReplaceableTextures\CommandButtons\BTNEarthquake.blp,맵밖,,std_btnearthquake.png,"웹(리포지드 HD, 이름 일치)"
A0D1,!이글이글열매,기본,ReplaceableTextures\CommandButtons\BTNFire.blp,맵밖,,std_btnfire.png,"웹(리포지드 HD, 이름 일치)"
A0D2,!배리어배리어 열매,기본,ReplaceableTextures\CommandButtons\BTNDefendStop.blp,맵밖,,std_btndefendstop.png,"웹(리포지드 HD, 이름 일치)"
A0D3,A!빙빙열매,기본,ReplaceableTextures\CommandButtons\BTNGlacier.blp,맵밖,,std_btnglacier.png,"웹(리포지드 HD, 이름 일치)"
A0D4,A!빙빙열매,기본,ReplaceableTextures\CommandButtons\BTNGlacier.blp,맵밖,,std_btnglacier.png,"웹(리포지드 HD, 이름 일치)"
A0D5,A!빙빙열매,기본,ReplaceableTextures\CommandButtons\BTNGlacier.blp,맵밖,,std_btnglacier.png,"웹(리포지드 HD, 이름 일치)"
A0D6,!배리어배리어 열매,기본,ReplaceableTextures\CommandButtons\BTNDefend.blp,맵밖,,std_btndefend.png,"웹(리포지드 HD, 이름 일치)"
A0D7,!폭격백조,기본,ReplaceableTextures\CommandButtons\BTNAlbatross.blp,맵밖,,std_btnalbatross.png,"웹(리포지드 HD, 이름 일치)"
A0D8,!부처의 일격 센불,기본,ReplaceableTextures\CommandButtons\BTNInvulnerable.blp,맵밖,,std_btninvulnerable.png,"웹(리포지드 HD, 이름 일치)"
A0D9,!리젝트 다이얼,기본,ReplaceableTextures\CommandButtons\BTNPendantOfMana.blp,맵밖,,std_btnpendantofmana.png,"웹(리포지드 HD, 이름 일치)"
A0DA,!쿠릉쿠릉열매,기본,ReplaceableTextures\CommandButtons\BTNMonsoon.blp,맵밖,,std_btnmonsoon.png,"웹(리포지드 HD, 이름 일치)"
A0DB,!쿠릉쿠릉열매,기본,ReplaceableTextures\CommandButtons\BTNMonsoon.blp,맵밖,,std_btnmonsoon.png,"웹(리포지드 HD, 이름 일치)"
A0DC,A!연기연기열매,기본,ReplaceableTextures\CommandButtons\BTNCloudOfFog.blp,맵밖,,std_btncloudoffog.png,"웹(리포지드 HD, 이름 일치)"
A0DD,A!연기연기열매,기본,ReplaceableTextures\CommandButtons\BTNCloudOfFog.blp,맵밖,,std_btncloudoffog.png,"웹(리포지드 HD, 이름 일치)"
A0DE,!실실열매,기본,ReplaceableTextures\CommandButtons\BTNWeb.blp,맵밖,,std_btnweb.png,"웹(리포지드 HD, 이름 일치)"
A0DF,!실실열매,기본,ReplaceableTextures\CommandButtons\BTNWeb.blp,맵밖,,std_btnweb.png,"웹(리포지드 HD, 이름 일치)"
A0DG,!가스가스 열매,기본,ReplaceableTextures\PassiveButtons\PASBTNPlagueCloud.blp,맵밖,,std_btnplaguecloud.png,"웹(PASBTN→BTN 같은 그림, 패시브 틀만 다름)"
A0DH,B살기-킬러히든,기본,ReplaceableTextures\CommandButtons\BTNSacrificialSkull.blp,맵밖,,std_btnsacrificialskull.png,"웹(리포지드 HD, 이름 일치)"
A0DJ,!살육,기본,ReplaceableTextures\CommandButtons\BTNAbomination.blp,맵밖,,std_btnabomination.png,"웹(리포지드 HD, 이름 일치)"
A0DK,!살육,기본,ReplaceableTextures\CommandButtons\BTNAbomination.blp,맵밖,,std_btnabomination.png,"웹(리포지드 HD, 이름 일치)"
A0DM,!양날 교차,기본,ReplaceableTextures\CommandButtons\BTNBattleStations.blp,맵밖,,std_btnbattlestations.png,"웹(리포지드 HD, 이름 일치)"
A0DN,!디아블 잠브,기본,ReplaceableTextures\CommandButtons\BTNBlackDragonRoost.blp,맵밖,,std_btnblackdragonroost.png,"웹(리포지드 HD, 이름 일치)"
A0DO,!디아블 잠브 불꽃 스펙트럼,기본,ReplaceableTextures\CommandButtons\BTNLavaSpawn.blp,맵밖,,std_btnlavaspawn.png,"웹(리포지드 HD, 이름 일치)"
A0DP,!무장색의 패기-가반,기본,ReplaceableTextures\CommandButtons\BTNDeepLordRevenant.blp,맵밖,,std_btndeeplordrevenant.png,"웹(리포지드 HD, 이름 일치)"
A0DQ,!쿠릉쿠릉열매,기본,ReplaceableTextures\CommandButtons\BTNMonsoon.blp,맵밖,,std_btnmonsoon.png,"웹(리포지드 HD, 이름 일치)"
A0DS,!거인의 힘- 오즈희귀,기본,ReplaceableTextures\CommandButtons\BTNNecromancer.blp,맵밖,,std_btnnecromancer.png,"웹(리포지드 HD, 이름 일치)"
A0DT,A흉포한 광기,기본,BTNbigmam.blp,맵안,BTNbigmam.blp,A0DT_A흉포한광기.png,원작 맵 안
A0DU,6변신,기본,ReplaceableTextures\CommandButtons\BTNAncientOfTheMoon.blp,맵밖,,std_btnancientofthemoon.png,"웹(리포지드 HD, 이름 일치)"
A0DV,!사람사람열매,기본,ReplaceableTextures\CommandButtons\BTNHealingWard.blp,맵밖,,std_btnhealingward.png,"웹(리포지드 HD, 이름 일치)"
A0DW,!핑크 호넷,기본,ReplaceableTextures\CommandButtons\BTNSoulGem.blp,맵밖,,std_btnsoulgem.png,"웹(리포지드 HD, 이름 일치)"
A0DX,A흰수염의 전언,기본,ReplaceableTextures\CommandButtons\BTNWitchDoctorAdept.blp,맵밖,,std_btnwitchdoctoradept.png,"웹(리포지드 HD, 이름 일치)"
A0DY,A신념,기본,ReplaceableTextures\CommandButtons\BTNWandOfCyclone.blp,맵밖,,std_btnwandofcyclone.png,"웹(리포지드 HD, 이름 일치)"
A0DZ,B아지랑이-전설,기본,ReplaceableTextures\CommandButtons\BTNStasisTrap.blp,맵밖,,std_btnstasistrap.png,"웹(리포지드 HD, 이름 일치)"
A0E0,B부두부두 열매,기본,ReplaceableTextures\CommandButtons\BTNShadowPact.blp,맵밖,,std_btnshadowpact.png,"웹(리포지드 HD, 이름 일치)"
A0E1,B부두부두 열매,기본,ReplaceableTextures\CommandButtons\BTNShadowPact.blp,맵밖,,std_btnshadowpact.png,"웹(리포지드 HD, 이름 일치)"
A0E2,!베이비-무기무기,기본,ReplaceableTextures\CommandButtons\BTNHumanMissileUpTwo.blp,맵밖,,std_btnhumanmissileuptwo.png,"웹(리포지드 HD, 이름 일치)"
A0E3,!폭격백조,기본,ReplaceableTextures\CommandButtons\BTNAlbatross.blp,맵밖,,std_btnalbatross.png,"웹(리포지드 HD, 이름 일치)"
A0E4,B뉴카마,기본,ReplaceableTextures\CommandButtons\BTNRaider.blp,맵밖,,std_btnraider.png,"웹(리포지드 HD, 이름 일치)"
A0E5,A투기,기본,ReplaceableTextures\CommandButtons\BTNSlow.blp,맵밖,,std_btnslow.png,"웹(리포지드 HD, 이름 일치)"
A0E6,A투기,기본,ReplaceableTextures\CommandButtons\BTNSlow.blp,맵밖,,std_btnslow.png,"웹(리포지드 HD, 이름 일치)"
A0E7,!중압,기본,luckmirror_lufei06.blp,맵안,luckmirror_lufei06.blp,A0E7_!중압.png,원작 맵 안
A0E8,!지천을 녹이는열기-아카초,기본,ReplaceableTextures\CommandButtons\BTNCagedIllidan.blp,맵밖,,std_btncagedillidan.png,"웹(리포지드 HD, 이름 일치)"
A0E9,D도약,기본,ReplaceableTextures\CommandButtons\BTNWirtsLeg.blp,맵밖,,std_btnwirtsleg.png,"웹(리포지드 HD, 이름 일치)"
A0EA,!듀랜달,기본,ReplaceableTextures\CommandButtons\BTNThoriumMelee.blp,맵밖,,std_btnthoriummelee.png,"웹(리포지드 HD, 이름 일치)"
A0EC,B미공자,기본,BTNcabu.blp,맵안,BTNcabu.blp,A0EC_B미공자.png,원작 맵 안
A0ED,!크래커-롤 프레첼,기본,ReplaceableTextures\CommandButtons\BTNClawsOfAttack.blp,맵밖,,std_btnclawsofattack.png,"웹(리포지드 HD, 이름 일치)"
A0EE,!사막의 대검,기본,ReplaceableTextures\CommandButtons\BTNDryadDispelMagicOn.blp,맵밖,,std_btndryaddispelmagicon.png,"웹(리포지드 HD, 이름 일치)"
A0EF,B간수,기본,ReplaceableTextures\CommandButtons\BTNBerserkForTrolls.blp,맵밖,,std_btnberserkfortrolls.png,"웹(리포지드 HD, 이름 일치)"
A0EG,!혈우,기본,ReplaceableTextures\CommandButtons\BTNPhilosophersStone.blp,맵밖,,std_btnphilosophersstone.png,"웹(리포지드 HD, 이름 일치)"
A0EH,B강자의 패기-일반유닛,기본,ReplaceableTextures\CommandButtons\BTNSpellBreakerMagicUnDefend.blp,맵밖,,std_btnspellbreakermagicundefend.png,"웹(리포지드 HD, 이름 일치)"
A0EI,B노장의 패기-보스방깎-흔들흔들열매 레벨 1,기본,ReplaceableTextures\CommandButtons\BTNEarthquake.blp,맵밖,,std_btnearthquake.png,"웹(리포지드 HD, 이름 일치)"
A0EK,!임팩트 다이얼,기본,ReplaceableTextures\CommandButtons\BTNLifeDrain.blp,맵밖,,std_btnlifedrain.png,"웹(리포지드 HD, 이름 일치)"
A0EM,!명왕의 검술,기본,ReplaceableTextures\CommandButtons\BTNHoldPosition.blp,맵밖,,std_btnholdposition.png,"웹(리포지드 HD, 이름 일치)"
A0EN,!명왕의 검술,기본,ReplaceableTextures\CommandButtons\BTNHoldPosition.blp,맵밖,,std_btnholdposition.png,"웹(리포지드 HD, 이름 일치)"
A0EO,!순속,기본,ReplaceableTextures\CommandButtons\BTNWispSplode.blp,맵밖,,std_btnwispsplode.png,"웹(리포지드 HD, 이름 일치)"
A0EP,!탐욕-모건,기본,ReplaceableTextures\CommandButtons\BTNSkeletonMage.blp,맵밖,,std_btnskeletonmage.png,"웹(리포지드 HD, 이름 일치)"
A0EQ,!해류조정-시라호시,기본,ReplaceableTextures\CommandButtons\BTNCrushingWave.blp,맵밖,,std_btncrushingwave.png,"웹(리포지드 HD, 이름 일치)"
A0ER,B명왕의 패기,기본,ReplaceableTextures\CommandButtons\BTNCharm.blp,맵밖,,std_btncharm.png,"웹(리포지드 HD, 이름 일치)"
A0ES,B명왕의 패기,기본,ReplaceableTextures\CommandButtons\BTNCharm.blp,맵밖,,std_btncharm.png,"웹(리포지드 HD, 이름 일치)"
A0ET,!급소베기-가반,기본,ReplaceableTextures\CommandButtons\BTNUpgradeRegenerationAura.blp,맵밖,,std_btnupgraderegenerationaura.png,"웹(리포지드 HD, 이름 일치)"
A0EU,!깃털폭격-마르코전설,기본,ReplaceableTextures\CommandButtons\BTNEnchantedCrows.blp,맵밖,,std_btnenchantedcrows.png,"웹(리포지드 HD, 이름 일치)"
A0EV,!고스트 랩,기본,ReplaceableTextures\CommandButtons\BTNShade.blp,맵밖,,std_btnshade.png,"웹(리포지드 HD, 이름 일치)"
A0EW,!네거티브 홀로우,기본,ReplaceableTextures\CommandButtons\BTNCripple.blp,맵밖,,std_btncripple.png,"웹(리포지드 HD, 이름 일치)"
A0EX,!지령,기본,ReplaceableTextures\CommandButtons\BTNTavern.blp,맵밖,,std_btntavern.png,"웹(리포지드 HD, 이름 일치)"
A0EY,!마리조나 탈환,기본,ReplaceableTextures\CommandButtons\BTNDeathPact.blp,맵밖,,std_btndeathpact.png,"웹(리포지드 HD, 이름 일치)"
A0EZ,!실실 열매 - 패러사이트,기본,ReplaceableTextures\CommandButtons\BTNManaDrain.blp,맵밖,,std_btnmanadrain.png,"웹(리포지드 HD, 이름 일치)"
A0F0,!미검 블루버드,기본,ReplaceableTextures\CommandButtons\BTNSnowOwl.blp,맵밖,,std_btnsnowowl.png,"웹(리포지드 HD, 이름 일치)"
A0F1,!강력범-죄수크리,기본,ReplaceableTextures\CommandButtons\BTNDoom.blp,맵밖,,std_btndoom.png,"웹(리포지드 HD, 이름 일치)"
A0F2,!미검 백조의호수,기본,ReplaceableTextures\CommandButtons\BTNStaffOfPreservation.blp,맵밖,,std_btnstaffofpreservation.png,"웹(리포지드 HD, 이름 일치)"
A0F3,!기면증,기본,ReplaceableTextures\CommandButtons\BTNSleep.blp,맵밖,,std_btnsleep.png,"웹(리포지드 HD, 이름 일치)"
A0F5,!오버히트,기본,ReplaceableTextures\CommandButtons\BTNRegenerate.blp,맵밖,,std_btnregenerate.png,"웹(리포지드 HD, 이름 일치)"
A0F6,!레드라인을 부수는 박치기,기본,ReplaceableTextures\CommandButtons\BTNThunderLizard.blp,맵밖,,std_btnthunderlizard.png,"웹(리포지드 HD, 이름 일치)"
A0F7,!파이어버드스타-우솝초월,기본,ReplaceableTextures\CommandButtons\BTNWallOfFire.blp,맵밖,,std_btnwalloffire.png,"웹(리포지드 HD, 이름 일치)"
A0F8,$우정의 고래1,기본,ReplaceableTextures\CommandButtons\BTNWyvernRider.blp,맵밖,,std_btnwyvernrider.png,"웹(리포지드 HD, 이름 일치)"
A0F9,!육왕건,기본,ReplaceableTextures\CommandButtons\BTNEntanglingRoots.blp,맵밖,,std_btnentanglingroots.png,"웹(리포지드 HD, 이름 일치)"
A0FA,B용조권,기본,ReplaceableTextures\CommandButtons\BTNImprovedCreatureCarapace.blp,맵밖,,std_btnimprovedcreaturecarapace.png,"웹(리포지드 HD, 이름 일치)"
A0FB,B공포-울티전설,기본,ReplaceableTextures\CommandButtons\BTNBattleRoar.blp,맵밖,,std_btnbattleroar.png,"웹(리포지드 HD, 이름 일치)"
A0FC,!용용열매 고대종-파키케팔로1,기본,ReplaceableTextures\CommandButtons\BTNJungleBeast.blp,맵밖,,std_btnjunglebeast.png,"웹(리포지드 HD, 이름 일치)"
A0FD,B해적왕의 위엄,기본,ReplaceableTextures\CommandButtons\BTNVengeanceIncarnate.tga,맵밖,,std_btnvengeanceincarnate.png,"웹(리포지드 HD, 이름 일치)"
A0FE,!사자의노래-조로전설,기본,ReplaceableTextures\CommandButtons\BTNCleavingAttack.blp,맵밖,,std_btncleavingattack.png,"웹(리포지드 HD, 이름 일치)"
A0FF,A대염계1,기본,ReplaceableTextures\CommandButtons\BTNDisenchant.blp,맵밖,,std_btndisenchant.png,"웹(리포지드 HD, 이름 일치)"
A0FG,B매혹의 향수,기본,ReplaceableTextures\CommandButtons\BTNLesserRejuvPotion.blp,맵밖,,std_btnlesserrejuvpotion.png,"웹(리포지드 HD, 이름 일치)"
A0FH,!용조권(진),기본,ReplaceableTextures\CommandButtons\BTNAdvancedCreatureAttack.blp,맵밖,,std_btnadvancedcreatureattack.png,"웹(리포지드 HD, 이름 일치)"
A0FI,!카무사리,기본,ReplaceableTextures\CommandButtons\BTNUltravision.blp,맵밖,,std_btnultravision.png,"웹(리포지드 HD, 이름 일치)"
A0FJ,!공작슬래셔-희귀,기본,ReplaceableTextures\CommandButtons\BTNShadowStrike.blp,맵밖,,std_btnshadowstrike.png,"웹(리포지드 HD, 이름 일치)"
A0FK,!공작스트링,기본,ReplaceableTextures\PassiveButtons\PASBTNUpgradeMoonGlaive.blp,맵밖,,std_btnupgrademoonglaive.png,"웹(PASBTN→BTN 같은 그림, 패시브 틀만 다름)"
A0FL,D로빈의 손날개,기본,BTNShedding_Wing.blp,맵안,BTNShedding_Wing.blp,A0FL_D로빈의손날개.png,원작 맵 안
A0FM,!대지진-흰불,기본,ReplaceableTextures\CommandButtons\BTNReinforcedBurrows.blp,맵밖,,std_btnreinforcedburrows.png,"웹(리포지드 HD, 이름 일치)"
A0FN,!고대병기,기본,ReplaceableTextures\CommandButtons\BTNDalaranGuardTower.blp,맵밖,,std_btndalaranguardtower.png,"웹(리포지드 HD, 이름 일치)"
A0FO,#만물을 듣는 힘-로져1,기본,ReplaceableTextures\CommandButtons\BTNStaffOfTeleportation.blp,맵밖,,std_btnstaffofteleportation.png,"웹(리포지드 HD, 이름 일치)"
A0FP,B대해적의 위압감,기본,ReplaceableTextures\CommandButtons\BTNSpellBreakerMagicUnDefend.blp,맵밖,,std_btnspellbreakermagicundefend.png,"웹(리포지드 HD, 이름 일치)"
A0FR,!아이스타임-아오초,기본,ReplaceableTextures\PassiveButtons\PASBTNFreezingBreath.blp,맵밖,,std_btnfreezingbreath.png,"웹(PASBTN→BTN 같은 그림, 패시브 틀만 다름)"
A0FS,!용오름-드불,기본,ReplaceableTextures\CommandButtons\BTNCyclone.blp,맵밖,,std_btncyclone.png,"웹(리포지드 HD, 이름 일치)"
A0FT,!폭풍-드불,기본,ReplaceableTextures\CommandButtons\BTNTranquility.blp,맵밖,,std_btntranquility.png,"웹(리포지드 HD, 이름 일치)"
A0FU,!주먹의거프-거불,기본,BTNGarp_IM.blp,맵안,BTNGarp_IM.blp,A0FU_!주먹의거프-거불.png,원작 맵 안
A0FV,A비구름 이감패시브,기본,BTNLailley.blp,맵안,BTNLailley.blp,A03V_A룸이속감소1.png,원작 맵 안
A0FW,A중력중력열매,기본,ReplaceableTextures\CommandButtons\BTNAmuletOftheWild.blp,맵밖,,std_btnamuletofthewild.png,"웹(리포지드 HD, 이름 일치)"
A0FX,A중력중력열매,기본,ReplaceableTextures\CommandButtons\BTNAmuletOftheWild.blp,맵밖,,std_btnamuletofthewild.png,"웹(리포지드 HD, 이름 일치)"
A0FY,!중력검,기본,ReplaceableTextures\CommandButtons\BTNDaggerOfEscape.blp,맵밖,,std_btndaggerofescape.png,"웹(리포지드 HD, 이름 일치)"
A0FZ,!중력검,기본,ReplaceableTextures\CommandButtons\BTNDaggerOfEscape.blp,맵밖,,std_btndaggerofescape.png,"웹(리포지드 HD, 이름 일치)"
A0G0,!아이스 파르티잔,기본,ReplaceableTextures\CommandButtons\BTNBreathOfFrost.blp,맵밖,,std_btnbreathoffrost.png,"웹(리포지드 HD, 이름 일치)"
A0G1,!페잔트백-아오초1,기본,ReplaceableTextures\CommandButtons\BTNFrostWyrm.blp,맵밖,,std_btnfrostwyrm.png,"웹(리포지드 HD, 이름 일치)"
A0G2,!아이스타임,기본,ReplaceableTextures\PassiveButtons\PASBTNFreezingBreath.blp,맵밖,,std_btnfreezingbreath.png,"웹(PASBTN→BTN 같은 그림, 패시브 틀만 다름)"
A0G3,!최강의 참격,기본,BTNMihawkicon4.blp,맵안,BTNMihawkicon4.blp,A0G3_!최강의참격.png,원작 맵 안
A0G4,!화염성,기본,ReplaceableTextures\CommandButtons\BTNLiquidFire.blp,맵밖,,std_btnliquidfire.png,"웹(리포지드 HD, 이름 일치)"
A0G5,!휩쓸기-패트릭,기본,ReplaceableTextures\CommandButtons\BTNCurse.blp,맵밖,,std_btncurse.png,"웹(리포지드 HD, 이름 일치)"
A0G6,!프랑키 라디칼 빔,기본,ReplaceableTextures\CommandButtons\BTNShockWave.blp,맵밖,,std_btnshockwave.png,"웹(리포지드 HD, 이름 일치)"
A0G7,!조선공,기본,ReplaceableTextures\CommandButtons\BTNRepairOn.blp,맵밖,,std_btnrepairon.png,"웹(리포지드 HD, 이름 일치)"
A0G8,#의료품-쵸초,기본,ReplaceableTextures\CommandButtons\BTNHealingSalve.blp,맵밖,,std_btnhealingsalve.png,"웹(리포지드 HD, 이름 일치)"
A0G9,!충격파,기본,ReplaceableTextures\CommandButtons\BTNCOP.blp,맵밖,,std_btncop.png,"웹(리포지드 HD, 이름 일치)"
A0GD,!숲숲 열매,기본,ReplaceableTextures\CommandButtons\BTNNightElfBuild.blp,맵밖,,std_btnnightelfbuild.png,"웹(리포지드 HD, 이름 일치)"
A0GE,!흑완,기본,ReplaceableTextures\CommandButtons\BTNRavenForm.blp,맵밖,,std_btnravenform.png,"웹(리포지드 HD, 이름 일치)"
A0GF,!1080 번뇌봉,기본,ReplaceableTextures\CommandButtons\BTNWandOfNeutralization.blp,맵밖,,std_btnwandofneutralization.png,"웹(리포지드 HD, 이름 일치)"
A0GG,!염제-에영,기본,ReplaceableTextures\CommandButtons\BTNOrbOfFire.blp,맵밖,,std_btnorboffire.png,"웹(리포지드 HD, 이름 일치)"
A0GH,!무장색의패기-제파,기본,ReplaceableTextures\CommandButtons\BTNLightningShield.blp,맵밖,,std_btnlightningshield.png,"웹(리포지드 HD, 이름 일치)"
A0GK,!단신 최강,기본,ReplaceableTextures\CommandButtons\BTNHeroDreadLord.blp,맵밖,,std_btnherodreadlord.png,"웹(리포지드 HD, 이름 일치)"
A0GL,!신의 손,기본,ReplaceableTextures\CommandButtons\BTNControlMagic.blp,맵밖,,std_btncontrolmagic.png,"웹(리포지드 HD, 이름 일치)"
A0GM,!끓어오르는피,기본,ReplaceableTextures\CommandButtons\BTNPhilosophersStone.blp,맵밖,,std_btnphilosophersstone.png,"웹(리포지드 HD, 이름 일치)"
A0GN,#애교,기본,ReplaceableTextures\CommandButtons\BTNPandaTaunt.blp,맵밖,,std_btnpandataunt.png,"웹(리포지드 HD, 이름 일치)"
A0GO,#애교,기본,ReplaceableTextures\CommandButtons\BTNPandaTaunt.blp,맵밖,,std_btnpandataunt.png,"웹(리포지드 HD, 이름 일치)"
A0GP,B삼도류 검술-조초1,기본,BTNzoro_white.blp,맵안,BTNzoro_white.blp,A0GP_B삼도류검술-조초1.png,원작 맵 안
A0GQ,A귀기-조초,기본,ReplaceableTextures\PassiveButtons\PASBTNShadeTrueSight.blp,맵밖,,,못 구함
A0GR,!중력장,기본,slashb1a.blp,맵안,slashb1a.blp,A0GR_!중력장.png,원작 맵 안
A0GS,!미라쥬템포,기본,ReplaceableTextures\CommandButtons\BTNMassTeleport.blp,맵밖,,std_btnmassteleport.png,"웹(리포지드 HD, 이름 일치)"
A0GT,!삼천대천세계,기본,ReplaceableTextures\PassiveButtons\PASBTNFeedBack.blp,맵밖,,std_btnfeedback.png,"웹(PASBTN→BTN 같은 그림, 패시브 틀만 다름)"
A0GU,!사자의노래-조로초월,기본,ReplaceableTextures\CommandButtons\BTNCleavingAttack.blp,맵밖,,std_btncleavingattack.png,"웹(리포지드 HD, 이름 일치)"
A0GV,!씽크홀,기본,Shockwave10.blp,맵안,Shockwave10.blp,A0GV_!씽크홀.png,원작 맵 안
A0GW,!날씨조작술-나초,기본,ReplaceableTextures\CommandButtons\BTNStarWand.blp,맵밖,,std_btnstarwand.png,"웹(리포지드 HD, 이름 일치)"
A0GX,!흑구-검수초,기본,ReplaceableTextures\PassiveButtons\PASBTNGenericSpellImmunity.blp,맵밖,,std_btngenericspellimmunity.png,"웹(PASBTN→BTN 같은 그림, 패시브 틀만 다름)"
A0GY,!특제대포환,기본,ReplaceableTextures\PassiveButtons\PASBTNHardenedSkin.blp,맵밖,,std_btnhardenedskin.png,"웹(PASBTN→BTN 같은 그림, 패시브 틀만 다름)"
A0GZ,$천재항해사-나초,기본,ReplaceableTextures\CommandButtons\BTNHumanDestroyer.blp,맵밖,,std_btnhumandestroyer.png,"웹(리포지드 HD, 이름 일치)"
A0H1,A씽크홀 이감,기본,ReplaceableTextures\CommandButtons\BTNGargoyle.blp,맵밖,,std_btngargoyle.png,"웹(리포지드 HD, 이름 일치)"
A0H2,B용조권,기본,ReplaceableTextures\CommandButtons\BTNImprovedCreatureCarapace.blp,맵밖,,std_btnimprovedcreaturecarapace.png,"웹(리포지드 HD, 이름 일치)"
A0H3,B급소분석,기본,ReplaceableTextures\CommandButtons\BTNMarksmanship.blp,맵밖,,std_btnmarksmanship.png,"웹(리포지드 HD, 이름 일치)"
A0H4,B급소분석,기본,ReplaceableTextures\CommandButtons\BTNMarksmanship.blp,맵밖,,std_btnmarksmanship.png,"웹(리포지드 HD, 이름 일치)"
A0H5,!마음의 눈,기본,ReplaceableTextures\CommandButtons\BTNCharm.blp,맵밖,,std_btncharm.png,"웹(리포지드 HD, 이름 일치)"
A0H6,!슈타인베르거,기본,Model\btnsb,못찾음,,,
A0H7,#공격데미지오라계열 스킬,기본,ReplaceableTextures\CommandButtons\BTNScourgeBuild.blp,맵밖,,std_btnscourgebuild.png,"웹(리포지드 HD, 이름 일치)"
A0H8,$스피드포인트-초월,기본,ReplaceableTextures\CommandButtons\BTNVialFull.blp,맵밖,,std_btnvialfull.png,"웹(리포지드 HD, 이름 일치)"
A0H9,$스피드포인트-특별함,기본,ReplaceableTextures\CommandButtons\BTNMirrorImage.blp,맵밖,,std_btnmirrorimage.png,"웹(리포지드 HD, 이름 일치)"
A0HA,!용의 숨결,기본,ReplaceableTextures\CommandButtons\BTNPowerGenerator.blp,맵밖,,std_btnpowergenerator.png,"웹(리포지드 HD, 이름 일치)"
A0HB,!명구,기본,ReplaceableTextures\CommandButtons\BTNDeathPact.blp,맵밖,,std_btndeathpact.png,"웹(리포지드 HD, 이름 일치)"
A0HC,!오색실,기본,ReplaceableTextures\CommandButtons\BTNShamanMaster.blp,맵밖,,std_btnshamanmaster.png,"웹(리포지드 HD, 이름 일치)"
A0HD,!용의 발톱,기본,ReplaceableTextures\CommandButtons\BTNUnholyStrength.blp,맵밖,,std_btnunholystrength.png,"웹(리포지드 HD, 이름 일치)"
A0HE,!화염용왕,기본,ReplaceableTextures\CommandButtons\BTNFireBolt.blp,맵밖,,std_btnfirebolt.png,"웹(리포지드 HD, 이름 일치)"
A0HF,!이글이글열매,기본,ReplaceableTextures\CommandButtons\BTNFire.blp,맵밖,,std_btnfire.png,"웹(리포지드 HD, 이름 일치)"
A0HG,!유성화산-아카초,기본,ReplaceableTextures\PassiveButtons\PASBTNFireRocks.blp,맵밖,,std_btnfirerocks.png,"웹(PASBTN→BTN 같은 그림, 패시브 틀만 다름)"
A0HH,!해왕류 다이브-패시브,기본,ReplaceableTextures\CommandButtons\BTNStaffOfNegation.blp,맵밖,,std_btnstaffofnegation.png,"웹(리포지드 HD, 이름 일치)"
A0HI,!해왕류 대습격-시라호시패시브,기본,ReplaceableTextures\CommandButtons\BTNIceCrownObelisk.blp,맵밖,,std_btnicecrownobelisk.png,"웹(리포지드 HD, 이름 일치)"
A0HJ,!팔척경곡옥,기본,ReplaceableTextures\CommandButtons\BTNWispHealOn.blp,맵밖,,std_btnwisphealon.png,"웹(리포지드 HD, 이름 일치)"
A0HK,!저격왕-우솝초,기본,ReplaceableTextures\CommandButtons\BTNFlyingMachine.blp,맵밖,,std_btnflyingmachine.png,"웹(리포지드 HD, 이름 일치)"
A0HL,B애교-쵸초,기본,ReplaceableTextures\CommandButtons\BTNThunderLizardEgg.blp,맵밖,,std_btnthunderlizardegg.png,"웹(리포지드 HD, 이름 일치)"
A0HM,!쵸파 탱크,기본,ReplaceableTextures\CommandButtons\BTNSeigeEngine.blp,맵밖,,std_btnseigeengine.png,"웹(리포지드 HD, 이름 일치)"
A0HN,!인어공주,기본,BTNSirahosi.blp,맵안,BTNSirahosi.blp,A0HN_!인어공주.png,원작 맵 안
A0HP,A매의눈,기본,BTNMihawkicon1.blp,맵안,BTNMihawkicon1.blp,A0HP_A매의눈.png,원작 맵 안
A0HQ,!웨더에그-헤비레인,기본,ReplaceableTextures\CommandButtons\BTNResStone.blp,맵밖,,std_btnresstone.png,"웹(리포지드 HD, 이름 일치)"
A0HO,!어둠어둠열매-데브리션,기본,ReplaceableTextures\CommandButtons\BTNOrbOfDarkness.blp,맵밖,,std_btnorbofdarkness.png,"웹(리포지드 HD, 이름 일치)"
A0HS,!크로우즈,기본,ReplaceableTextures\CommandButtons\BTNFaerieFireOff.blp,맵밖,,std_btnfaeriefireoff.png,"웹(리포지드 HD, 이름 일치)"
A0HT,!크로우즈,기본,ReplaceableTextures\CommandButtons\BTNFaerieFireOff.blp,맵밖,,std_btnfaeriefireoff.png,"웹(리포지드 HD, 이름 일치)"
A0HU,!어둠어둠열매-리버레이션,기본,ReplaceableTextures\CommandButtons\BTNOrbOfDarkness.blp,맵밖,,std_btnorbofdarkness.png,"웹(리포지드 HD, 이름 일치)"
A0HV,!흑도-일섬,기본,gemlight.blp,맵안,gemlight.blp,A0HV_!흑도-일섬.png,원작 맵 안
A0HW,!크로우즈,기본,ReplaceableTextures\CommandButtons\BTNFaerieFireOff.blp,맵밖,,std_btnfaeriefireoff.png,"웹(리포지드 HD, 이름 일치)"
A0HX,!오바드 꾸 드로와,기본,ReplaceableTextures\CommandButtons\BTNThoriumRanged.blp,맵밖,,std_btnthoriumranged.png,"웹(리포지드 HD, 이름 일치)"
A0HY,!판타지아,기본,ReplaceableTextures\CommandButtons\BTNStaffOfNegation.blp,맵밖,,std_btnstaffofnegation.png,"웹(리포지드 HD, 이름 일치)"
A0HZ,!싹둑싹둑열매,기본,ReplaceableTextures\CommandButtons\BTNWandOfManaSteal.blp,맵밖,,std_btnwandofmanasteal.png,"웹(리포지드 HD, 이름 일치)"
A0I0,!하늘을 찢는 패기,기본,ReplaceableTextures\CommandButtons\BTNWellSpring.blp,맵밖,,std_btnwellspring.png,"웹(리포지드 HD, 이름 일치)"
A0I1,$카리스마1,기본,BTNShanks_2year.blp,맵안,BTNShanks_2year.blp,A0I1_$카리스마1.png,원작 맵 안
A0I3,!샴블즈,기본,BTNRowTact.blp,맵안,BTNRowTact.blp,A0I3_!샴블즈.png,원작 맵 안
A0I4,!흑도 요루,기본,BTNMihawkicon2.blp,맵안,BTNMihawkicon2.blp,A0I4_!흑도요루.png,원작 맵 안
A0I5,A자기장,기본,BTNLailley.blp,맵안,BTNLailley.blp,A03V_A룸이속감소1.png,원작 맵 안
A0I6,!인젝션 샷,기본,BTN_injection.blp,맵안,BTN_injection.blp,A0I6_!인젝션샷.png,원작 맵 안
A0I7,!시엔플루르 도스 마노,기본,ReplaceableTextures\CommandButtons\BTNFrostMourne.blp,맵밖,,std_btnfrostmourne.png,"웹(리포지드 HD, 이름 일치)"
A0I8,B마노스 기간테스,기본,ReplaceableTextures\CommandButtons\BTNHealOff.blp,맵밖,,std_btnhealoff.png,"웹(리포지드 HD, 이름 일치)"
A0I9,9도움소 흡수,기본,ReplaceableTextures\CommandButtons\BTNBanish.blp,맵밖,,std_btnbanish.png,"웹(리포지드 HD, 이름 일치)"
A0IA,9도움소 선택위습제조,기본,ReplaceableTextures\CommandButtons\BTNWisp.blp,맵밖,,std_btnwisp.png,"웹(리포지드 HD, 이름 일치)"
A0IC,9도움소 출항,기본,ReplaceableTextures\CommandButtons\BTNCryptFiendUnBurrow.blp,맵밖,,std_btncryptfiendunburrow.png,"웹(리포지드 HD, 이름 일치)"
A0IG,!무뢰관,기본,ReplaceableTextures\CommandButtons\BTNDarkRitual.blp,맵밖,,std_btndarkritual.png,"웹(리포지드 HD, 이름 일치)"
A0IH,!기와 돌려차기,기본,ReplaceableTextures\CommandButtons\BTNManaRechargeOn.blp,맵밖,,std_btnmanarechargeon.png,"웹(리포지드 HD, 이름 일치)"
A0II,!혁명군대리사범,기본,ReplaceableTextures\CommandButtons\BTNReplenishMana.blp,맵밖,,std_btnreplenishmana.png,"웹(리포지드 HD, 이름 일치)"
A0IJ,!불기둥,기본,ReplaceableTextures\CommandButtons\BTNSelfDestructOn.blp,맵밖,,std_btnselfdestructon.png,"웹(리포지드 HD, 이름 일치)"
A0IK,!불기둥,기본,ReplaceableTextures\CommandButtons\BTNSelfDestructOn.blp,맵밖,,std_btnselfdestructon.png,"웹(리포지드 HD, 이름 일치)"
A0IL,!조선공의 망치,기본,ReplaceableTextures\CommandButtons\BTNDivineIntervention.blp,맵밖,,std_btndivineintervention.png,"웹(리포지드 HD, 이름 일치)"
A0IM,B석화-핸영,기본,ReplaceableTextures\CommandButtons\BTNRune.blp,맵밖,,std_btnrune.png,"웹(리포지드 HD, 이름 일치)"
A0IN,!파퓸 페뮤르,기본,ReplaceableTextures\CommandButtons\BTNUsedSoulGem.blp,맵밖,,std_btnusedsoulgem.png,"웹(리포지드 HD, 이름 일치)"
A01W,[조합],기본,BTNsogeking.blp,맵안,BTNsogeking.blp,A01W_[조합].png,원작 맵 안
A0IP,$흩날리는 겨울의 벚꽃,기본,ReplaceableTextures\CommandButtons\BTNHeartOfAszune.blp,맵밖,,std_btnheartofaszune.png,"웹(리포지드 HD, 이름 일치)"
A0IQ,!해적선 레드포스호1,기본,ReplaceableTextures\CommandButtons\BTNHumanBattleShip.blp,맵밖,,std_btnhumanbattleship.png,"웹(리포지드 HD, 이름 일치)"
A0IR,!해적선-싸우전드 써니호,기본,ReplaceableTextures\CommandButtons\BTNHumanBattleShip.blp,맵밖,,std_btnhumanbattleship.png,"웹(리포지드 HD, 이름 일치)"
A0IS,!화이트 블로우,기본,ReplaceableTextures\CommandButtons\BTNAdvancedStrengthOfTheWild.blp,맵밖,,std_btnadvancedstrengthofthewild.png,"웹(리포지드 HD, 이름 일치)"
A0IT,!강철 풍선,기본,ReplaceableTextures\CommandButtons\BTNPotionOfRestoration.blp,맵밖,,std_btnpotionofrestoration.png,"웹(리포지드 HD, 이름 일치)"
A0IU,!대자재천신,기본,BTNbigmam2.blp,맵안,BTNbigmam2.blp,A0IU_!대자재천신.png,원작 맵 안
A0IV,!트루에노 바스타드,기본,ReplaceableTextures\CommandButtons\BTNFlamingArrows.blp,맵밖,,std_btnflamingarrows.png,"웹(리포지드 HD, 이름 일치)"
A0IW,!특별간부,기본,ReplaceableTextures\CommandButtons\BTNJanggo.blp,맵밖,,std_btnjanggo.png,"웹(리포지드 HD, 이름 일치)"
A0IX,!특별 간부,기본,ReplaceableTextures\CommandButtons\BTNJanggo.blp,맵밖,,std_btnjanggo.png,"웹(리포지드 HD, 이름 일치)"
A0IY,!하비하비열매,기본,ReplaceableTextures\CommandButtons\BTNStone.blp,맵밖,,std_btnstone.png,"웹(리포지드 HD, 이름 일치)"
A0IZ,!하비하비열매,기본,ReplaceableTextures\CommandButtons\BTNStone.blp,맵밖,,std_btnstone.png,"웹(리포지드 HD, 이름 일치)"
A0J0,4지정 장난감화,기본,ReplaceableTextures\CommandButtons\BTNClockWerkGoblin.blp,맵밖,,std_btnclockwerkgoblin.png,"웹(리포지드 HD, 이름 일치)"
A0J3,$흩날리는 겨울의 벚꽃,기본,ReplaceableTextures\CommandButtons\BTNHeartOfAszune.blp,맵밖,,std_btnheartofaszune.png,"웹(리포지드 HD, 이름 일치)"
A0J7,!쿠사의 패기,기본,ReplaceableTextures\CommandButtons\BTNStaffOfPreservation.blp,맵밖,,std_btnstaffofpreservation.png,"웹(리포지드 HD, 이름 일치)"
A0J8,!패왕색의패기 -핸콕,기본,ReplaceableTextures\CommandButtons\BTNMoonStone.blp,맵밖,,std_btnmoonstone.png,"웹(리포지드 HD, 이름 일치)"
A0J9,!수술수술열매 '분해',기본,ReplaceableTextures\CommandButtons\BTNFragmentationBombs.blp,맵밖,,std_btnfragmentationbombs.png,"웹(리포지드 HD, 이름 일치)"
A0JB,!화류일섬,기본,ReplaceableTextures\CommandButtons\BTNFireBolt.blp,맵밖,,std_btnfirebolt.png,"웹(리포지드 HD, 이름 일치)"
A0JE,!@@!#유닛모으기,기본,ReplaceableTextures\CommandButtons\BTNReplay-Loop.blp,맵밖,,std_btnreplay-loop.png,"웹(리포지드 HD, 이름 일치)"
A0JG,!난향접,기본,BTNtashigiicon3.blp,맵안,BTNtashigiicon3.blp,A0JG_!난향접.png,원작 맵 안
A0JH,!박무,기본,BTNtashigiicon.blp,맵안,BTNtashigiicon.blp,A0JH_!박무.png,원작 맵 안
A0JI,B루키 메이킹,기본,ReplaceableTextures\CommandButtons\BTNDenOfWonders.tga,맵밖,,std_btndenofwonders.png,"웹(리포지드 HD, 이름 일치)"
A0JI,B루키 메이킹,연구,ReplaceableTextures\CommandButtons\BTNDenOfWonders.tga,맵밖,,std_btndenofwonders.png,"웹(리포지드 HD, 이름 일치)"
A0JJ,예검 시구레,기본,ReplaceableTextures\CommandButtons\BTNThoriumMelee.blp,맵밖,,std_btnthoriummelee.png,"웹(리포지드 HD, 이름 일치)"
A0JJ,예검 시구레,연구,ReplaceableTextures\CommandButtons\BTNThoriumMelee.blp,맵밖,,std_btnthoriummelee.png,"웹(리포지드 HD, 이름 일치)"
A0JK,!검은다리-특별함,기본,ReplaceableTextures\CommandButtons\BTNHornOfDoom.blp,맵밖,,std_btnhornofdoom.png,"웹(리포지드 HD, 이름 일치)"
A0JL,!육중한 일합-모몬가,기본,ReplaceableTextures\CommandButtons\BTNGlove.blp,맵밖,,std_btnglove.png,"웹(리포지드 HD, 이름 일치)"
A0JM,!빛의 발차기,기본,ReplaceableTextures\CommandButtons\BTNHealingWave.blp,맵밖,,std_btnhealingwave.png,"웹(리포지드 HD, 이름 일치)"
A0JO,!유성 소바 킥,기본,ReplaceableTextures\CommandButtons\BTNDOTMasterTraining.blp,맵밖,,std_btndotmastertraining.png,"웹(리포지드 HD, 이름 일치)"
A05Z,버기 긴급탈출1,기본,ReplaceableTextures\CommandButtons\BTNBattleStations.blp,맵밖,,std_btnbattlestations.png,"웹(리포지드 HD, 이름 일치)"
A0JP,카포네 분열,기본,ReplaceableTextures\CommandButtons\BTNGoldMine.blp,맵밖,,std_btngoldmine.png,"웹(리포지드 HD, 이름 일치)"
A0JQ,!깨달음,기본,ReplaceableTextures\CommandButtons\BTNTomeBrown.blp,맵밖,,std_btntomebrown.png,"웹(리포지드 HD, 이름 일치)"
A0JT,!쿠크리,기본,ReplaceableTextures\CommandButtons\BTNDOTAdeptTraining.blp,맵밖,,std_btndotadepttraining.png,"웹(리포지드 HD, 이름 일치)"
A0JU,!호크 개틀링,기본,BTNClusterRockets2.blp,맵안,BTNClusterRockets2.blp,A09P_!고무고무열매-초월호크개틀링-강화.png,원작 맵 안
A0JW,!배리어 피스트,기본,ReplaceableTextures\CommandButtons\BTNHumanArmorUpThree.blp,맵밖,,std_btnhumanarmorupthree.png,"웹(리포지드 HD, 이름 일치)"
A0JX,!배리어불스,기본,ReplaceableTextures\CommandButtons\BTNAdvancedUnholyArmor.blp,맵밖,,std_btnadvancedunholyarmor.png,"웹(리포지드 HD, 이름 일치)"
A0JY,D도약1,기본,ReplaceableTextures\CommandButtons\BTNWirtsLeg.blp,맵밖,,std_btnwirtsleg.png,"웹(리포지드 HD, 이름 일치)"
A0K0,!능력자 사냥꾼,기본,ReplaceableTextures\CommandButtons\BTNChaosGrom.blp,맵밖,,std_btnchaosgrom.png,"웹(리포지드 HD, 이름 일치)"
A0K1,!괴력,기본,ReplaceableTextures\CommandButtons\BTNSpellSteal.blp,맵밖,,std_btnspellsteal.png,"웹(리포지드 HD, 이름 일치)"
A0K3,C사람으로써의 부끄러움,기본,ReplaceableTextures\CommandButtons\BTNStormEarth&Fire.blp,맵밖,,std_btnstormearth&fire.png,"웹(리포지드 HD, 이름 일치)"
A0K4,A자석자석 열매,기본,ReplaceableTextures\CommandButtons\BTNControlMagic.blp,맵밖,,std_btncontrolmagic.png,"웹(리포지드 HD, 이름 일치)"
A0K5,A자석자석 열매,기본,ReplaceableTextures\CommandButtons\BTNControlMagic.blp,맵밖,,std_btncontrolmagic.png,"웹(리포지드 HD, 이름 일치)"
A0K6,!자석 팔,기본,ReplaceableTextures\CommandButtons\BTNGatherGold.blp,맵밖,,std_btngathergold.png,"웹(리포지드 HD, 이름 일치)"
A0K8,!삼도류-조로희귀,기본,ReplaceableTextures\CommandButtons\BTNBlood&GhostKey.blp,맵밖,,std_btnblood&ghostkey.png,"웹(리포지드 HD, 이름 일치)"
A0K9,!썩 괜찮은 인생이었다.,기본,ReplaceableTextures\CommandButtons\BTNGreaterInvisibility.blp,맵밖,,std_btngreaterinvisibility.png,"웹(리포지드 HD, 이름 일치)"
A0KA,!레드호크,기본,ReplaceableTextures\CommandButtons\BTNFireForTheCannon.blp,맵밖,,std_btnfireforthecannon.png,"웹(리포지드 HD, 이름 일치)"
A0KC,!참격-랜유 요미,기본,ReplaceableTextures\CommandButtons\BTNWandOfNeutralization.blp,맵밖,,std_btnwandofneutralization.png,"웹(리포지드 HD, 이름 일치)"
A0KD,!기간트 개틀링,기본,ReplaceableTextures\CommandButtons\BTNClusterRockets.blp,맵밖,,std_btnclusterrockets.png,"웹(리포지드 HD, 이름 일치)"
A0KE,!숙련된 패기,기본,ReplaceableTextures\CommandButtons\BTNTaunt.blp,맵밖,,std_btntaunt.png,"웹(리포지드 HD, 이름 일치)"
A0KF,!표적표적열매-노아,기본,ReplaceableTextures\CommandButtons\BTNJuggernaut.blp,맵밖,,std_btnjuggernaut.png,"웹(리포지드 HD, 이름 일치)"
A0KG,떼쓰기,기본,model\BTNyostuba2,못찾음,,,
A0KH,N채널용,기본,model\BTNyostuba2,못찾음,,,
A0KI,!동심,기본,model\BTNyostuba,못찾음,,,
A0KJ,T변화,기본,ReplaceableTextures\CommandButtons\BTNForgottenOne.blp,맵밖,,std_btnforgottenone.png,"웹(리포지드 HD, 이름 일치)"
A0KK,T랜덤유닛강화,기본,ReplaceableTextures\CommandButtons\BTNVampiricAura.blp,맵밖,,std_btnvampiricaura.png,"웹(리포지드 HD, 이름 일치)"
A0KL,T특성강화,기본,ReplaceableTextures\CommandButtons\BTNStatUp.blp,맵밖,,std_btnstatup.png,"웹(리포지드 HD, 이름 일치)"
A0KN,!월아천충,기본,ReplaceableTextures\PassiveButtons\PASBTNRegenerationAura.blp,맵밖,,std_btnregenerationaura.png,"웹(PASBTN→BTN 같은 그림, 패시브 틀만 다름)"
A0KO,!풍둔 나선 수리검,기본,ReplaceableTextures\PassiveButtons\PASBTNUpgradeMoonGlaive.blp,맵밖,,std_btnupgrademoonglaive.png,"웹(PASBTN→BTN 같은 그림, 패시브 틀만 다름)"
A0KP,!데스노트,기본,ReplaceableTextures\CommandButtons\BTNSpellBookBLS.blp,맵밖,,std_btnspellbookbls.png,"웹(리포지드 HD, 이름 일치)"
A0KQ,!고양이발톱,기본,ReplaceableTextures\CommandButtons\BTNAdvancedCreatureAttack.blp,맵밖,,std_btnadvancedcreatureattack.png,"웹(리포지드 HD, 이름 일치)"
A0KR,!뱀파이어-랜유,기본,ReplaceableTextures\CommandButtons\BTNStoneForm.blp,맵밖,,std_btnstoneform.png,"웹(리포지드 HD, 이름 일치)"
A0KS,D블랙아웃-랜유,기본,ReplaceableTextures\CommandButtons\BTNRingVioletSpider.blp,맵밖,,std_btnringvioletspider.png,"웹(리포지드 HD, 이름 일치)"
A0KT,!체인드라이브,기본,ReplaceableTextures\PassiveButtons\PASBTNIncinerate.blp,맵밖,,std_btnincinerate.png,"웹(PASBTN→BTN 같은 그림, 패시브 틀만 다름)"
A0KU,!영능력,기본,ReplaceableTextures\CommandButtons\BTNWandOfNeutralization.blp,맵밖,,std_btnwandofneutralization.png,"웹(리포지드 HD, 이름 일치)"
A0KW,!액션펭귄,기본,ReplaceableTextures\CommandButtons\BTNPenguin.blp,맵밖,,std_btnpenguin.png,"웹(리포지드 HD, 이름 일치)"
A0KX,#사기상승-랜유,기본,ReplaceableTextures\CommandButtons\BTNUndeadShrine.blp,맵밖,,std_btnundeadshrine.png,"웹(리포지드 HD, 이름 일치)"
A0KY,!개개열매-오오구치마카미,기본,ReplaceableTextures\CommandButtons\BTNGhostOfKelThuzad.blp,맵밖,,std_btnghostofkelthuzad.png,"웹(리포지드 HD, 이름 일치)"
A0KZ,N토큰 소환,기본,ReplaceableTextures\CommandButtons\BTNSpellShieldAmulet.blp,맵밖,,std_btnspellshieldamulet.png,"웹(리포지드 HD, 이름 일치)"
A0L0,A펭귄의 패기,기본,ReplaceableTextures\CommandButtons\BTNPenguin.blp,맵밖,,std_btnpenguin.png,"웹(리포지드 HD, 이름 일치)"
A0L1,!대옥나선환,기본,ReplaceableTextures\CommandButtons\BTNOrbOfLightning.blp,맵밖,,std_btnorboflightning.png,"웹(리포지드 HD, 이름 일치)"
A0L2,!미닛츠 스파이크,기본,ReplaceableTextures\CommandButtons\BTNWandOfNeutralization.blp,맵밖,,std_btnwandofneutralization.png,"웹(리포지드 HD, 이름 일치)"
A0L3,!용기의 외침,기본,ReplaceableTextures\CommandButtons\BTNEnchantedBears.blp,맵밖,,std_btnenchantedbears.png,"웹(리포지드 HD, 이름 일치)"
A0L4,!코비 체,기본,ReplaceableTextures\CommandButtons\BTNHoldPosition.blp,맵밖,,std_btnholdposition.png,"웹(리포지드 HD, 이름 일치)"
A0L5,!초월위습-꾸러미상자,기본,ReplaceableTextures\CommandButtons\BTNTemp.blp,맵밖,,std_btntemp.png,"웹(리포지드 HD, 이름 일치)"
A0L6,B살생석,기본,ReplaceableTextures\CommandButtons\BTNPendantOfMana.blp,맵밖,,std_btnpendantofmana.png,"웹(리포지드 HD, 이름 일치)"
A0L7,!죽음의 필기- 랜유,기본,ReplaceableTextures\CommandButtons\BTNWandOfNeutralization.blp,맵밖,,std_btnwandofneutralization.png,"웹(리포지드 HD, 이름 일치)"
A0L8,$귀여움-랜유,기본,ReplaceableTextures\CommandButtons\BTNScourgeBuild.blp,맵밖,,std_btnscourgebuild.png,"웹(리포지드 HD, 이름 일치)"
A0L9,!파라다이스  로스트,기본,ReplaceableTextures\CommandButtons\BTNHoldPosition.blp,맵밖,,std_btnholdposition.png,"웹(리포지드 HD, 이름 일치)"
A0LA,!저주의 마력방출,기본,ReplaceableTextures\CommandButtons\BTNPhaseShiftOn.blp,맵밖,,std_btnphaseshifton.png,"웹(리포지드 HD, 이름 일치)"
A0LB,N폭렬마법1,기본,ReplaceableTextures\CommandButtons\BTNSlow.blp,맵밖,,std_btnslow.png,"웹(리포지드 HD, 이름 일치)"
A0LC,C저격1,기본,ReplaceableTextures\CommandButtons\BTNPurpleFelhound.blp,맵밖,,std_btnpurplefelhound.png,"웹(리포지드 HD, 이름 일치)"
A0KV,!브릴리언스 펑크,기본,ReplaceableTextures\CommandButtons\BTNOrbOfVenom.blp,맵밖,,std_btnorbofvenom.png,"웹(리포지드 HD, 이름 일치)"
A0LK,8업글,기본,ReplaceableTextures\CommandButtons\BTNPriestAdept.blp,맵밖,,std_btnpriestadept.png,"웹(리포지드 HD, 이름 일치)"
A0LL,8업글,기본,BTNLailley.blp,맵안,BTNLailley.blp,A03V_A룸이속감소1.png,원작 맵 안
A0LM,T특성강화,기본,ReplaceableTextures\CommandButtons\BTNStatUp.blp,맵밖,,std_btnstatup.png,"웹(리포지드 HD, 이름 일치)"
A0LN,T특성강화,기본,ReplaceableTextures\CommandButtons\BTNStatUp.blp,맵밖,,std_btnstatup.png,"웹(리포지드 HD, 이름 일치)"
A0JZ,T특성강화,기본,ReplaceableTextures\CommandButtons\BTNStatUp.blp,맵밖,,std_btnstatup.png,"웹(리포지드 HD, 이름 일치)"
A0LO,T특성강화,기본,ReplaceableTextures\CommandButtons\BTNStatUp.blp,맵밖,,std_btnstatup.png,"웹(리포지드 HD, 이름 일치)"
A0LP,T특성강화,기본,ReplaceableTextures\CommandButtons\BTNStatUp.blp,맵밖,,std_btnstatup.png,"웹(리포지드 HD, 이름 일치)"
A0LQ,T특성강화,기본,ReplaceableTextures\CommandButtons\BTNStatUp.blp,맵밖,,std_btnstatup.png,"웹(리포지드 HD, 이름 일치)"
A0LR,!참파,기본,mirrorzi_effect_weaponattack_greenW.blp,맵안,mirrorzi_effect_weaponattack_greenW.blp,A0LR_!참파.png,원작 맵 안
A0LS,!천신,기본,BTNShiki_IM.blp,맵안,BTNShiki_IM.blp,A0LS_!천신.png,원작 맵 안
A0LT,!둥실둥실열매,기본,ReplaceableTextures\CommandButtons\BTNPriestMaster.blp,맵밖,,std_btnpriestmaster.png,"웹(리포지드 HD, 이름 일치)"
A0LU,!사자 떨어트리기,기본,ReplaceableTextures\CommandButtons\BTNWolf.blp,맵밖,,std_btnwolf.png,"웹(리포지드 HD, 이름 일치)"
A0LZ,!알라바스타-비영,기본,BTNgun.blp,맵안,BTNgun.blp,A0LZ_!알라바스타-비영.png,원작 맵 안
A0M0,T알라바스타 강화-비영,기본,ReplaceableTextures\CommandButtons\BTNRepairOff.blp,맵밖,,std_btnrepairoff.png,"웹(리포지드 HD, 이름 일치)"
A0M1,!3연사,기본,ReplaceableTextures\CommandButtons\BTNHumanMissileUpThree.blp,맵밖,,std_btnhumanmissileupthree.png,"웹(리포지드 HD, 이름 일치)"
A0M2,!헤드샷,기본,Textures\Star8c,못찾음,,,
A0M7,B전설을 살아가는 사나이,기본,ReplaceableTextures\PassiveButtons\PASBTNPillage.blp,맵밖,,std_btnpillage.png,"웹(PASBTN→BTN 같은 그림, 패시브 틀만 다름)"
A0M8,!해적파견조직총수,기본,ReplaceableTextures\CommandButtons\BTNHumanBarracks.blp,맵밖,,std_btnhumanbarracks.png,"웹(리포지드 HD, 이름 일치)"
A0MA,!십자화,기본,Shoot1Lotus.blp,맵안,Shoot1Lotus.blp,A0MA_!십자화.png,원작 맵 안
A0MB,!이글이글열매 - 형화 화달마,기본,ReplaceableTextures\CommandButtons\BTNFlare.blp,맵밖,,std_btnflare.png,"웹(리포지드 HD, 이름 일치)"
A0MC,!이글이글열매 - 산화 부지화-전설,기본,ReplaceableTextures\CommandButtons\BTNFlare.blp,맵밖,,std_btnflare.png,"웹(리포지드 HD, 이름 일치)"
A0MG,!도깨비대나무,기본,ReplaceableTextures\CommandButtons\BTNThorns.blp,맵밖,,std_btnthorns.png,"웹(리포지드 HD, 이름 일치)"
A0MH,!베르고-무장색의 패기,기본,ReplaceableTextures\CommandButtons\BTNBanish.blp,맵밖,,std_btnbanish.png,"웹(리포지드 HD, 이름 일치)"
A0MK,!창검술-x드레이크1,기본,ReplaceableTextures\CommandButtons\BTNOrcMeleeUpThree.blp,맵밖,,std_btnorcmeleeupthree.png,"웹(리포지드 HD, 이름 일치)"
A0MN,!람각 주단,기본,ReplaceableTextures\CommandButtons\BTNHydraWarStomp.blp,맵밖,,std_btnhydrawarstomp.png,"웹(리포지드 HD, 이름 일치)"
A0MO,!개개열매,기본,ReplaceableTextures\CommandButtons\BTNDireWolf.blp,맵밖,,std_btndirewolf.png,"웹(리포지드 HD, 이름 일치)"
A0MP,!의족,기본,ReplaceableTextures\CommandButtons\BTNSlippersOfAgility.blp,맵밖,,std_btnslippersofagility.png,"웹(리포지드 HD, 이름 일치)"
A0MQ,!궁극의 어인 가라데,기본,ReplaceableTextures\CommandButtons\BTNSummonWaterElemental.blp,맵밖,,std_btnsummonwaterelemental.png,"웹(리포지드 HD, 이름 일치)"
A0MR,!해류 한판 엎어치기,기본,ReplaceableTextures\CommandButtons\BTNNagaBurrow.blp,맵밖,,std_btnnagaburrow.png,"웹(리포지드 HD, 이름 일치)"
A0MS,!!도전과제1,기본,ReplaceableTextures\CommandButtons\BTNTomeBrown.blp,맵밖,,std_btntomebrown.png,"웹(리포지드 HD, 이름 일치)"
A0MT,!!도전과제1,기본,ReplaceableTextures\CommandButtons\BTNTomeBrown.blp,맵밖,,std_btntomebrown.png,"웹(리포지드 HD, 이름 일치)"
A0MU,!!도전과제,기본,ReplaceableTextures\CommandButtons\BTNDust.blp,맵밖,,std_btndust.png,"웹(리포지드 HD, 이름 일치)"
A0MV,!!도전과제1,기본,ReplaceableTextures\CommandButtons\BTNTomeBrown.blp,맵밖,,std_btntomebrown.png,"웹(리포지드 HD, 이름 일치)"
A0MW,!!도전과제1,기본,ReplaceableTextures\CommandButtons\BTNTomeBrown.blp,맵밖,,std_btntomebrown.png,"웹(리포지드 HD, 이름 일치)"
A0MX,!!도전과제1,기본,ReplaceableTextures\CommandButtons\BTNTomeBrown.blp,맵밖,,std_btntomebrown.png,"웹(리포지드 HD, 이름 일치)"
A0MY,!!도전과제,기본,ReplaceableTextures\CommandButtons\BTNDust.blp,맵밖,,std_btndust.png,"웹(리포지드 HD, 이름 일치)"
A0MZ,!!도전과제1,기본,ReplaceableTextures\CommandButtons\BTN3M1.blp,맵밖,,std_btn3m1.png,"웹(리포지드 HD, 이름 일치)"
A0N0,!!도전과제1,기본,ReplaceableTextures\CommandButtons\BTNTomeBrown.blp,맵밖,,std_btntomebrown.png,"웹(리포지드 HD, 이름 일치)"
A0N1,!!도전과제1,기본,ReplaceableTextures\CommandButtons\BTN3M1.blp,맵밖,,std_btn3m1.png,"웹(리포지드 HD, 이름 일치)"
A0N2,!!도전과제1,기본,ReplaceableTextures\CommandButtons\BTN3M1.blp,맵밖,,std_btn3m1.png,"웹(리포지드 HD, 이름 일치)"
A0N3,!!도전과제1,기본,ReplaceableTextures\CommandButtons\BTNTomeBrown.blp,맵밖,,std_btntomebrown.png,"웹(리포지드 HD, 이름 일치)"
A0N4,$콧노래공속-브룩희귀,기본,ReplaceableTextures\CommandButtons\BTNBanish.blp,맵밖,,std_btnbanish.png,"웹(리포지드 HD, 이름 일치)"
A00W,[조합],기본,BTNBrook.blp,맵안,BTNBrook.blp,A02E_[조합].png,원작 맵 안
A0N5,[조합],기본,BTNBluno.blp,맵안,BTNBluno.blp,A0N5_[조합].png,원작 맵 안
A0N6,[조합],기본,BTNKijaru.blp,맵안,BTNKijaru.blp,A0N6_[조합].png,원작 맵 안
A0N7,[조합],기본,BTNHukuro.blp,맵안,BTNHukuro.blp,A0N7_[조합].png,원작 맵 안
A0N8,[조합],기본,BTNcaptaincraw.blp,맵안,BTNcaptaincraw.blp,A0N8_[조합].png,원작 맵 안
A0N9,[조합],기본,BTNhancock.blp,맵안,BTNhancock.blp,A0N9_[조합].png,원작 맵 안
A0NA,[조합],기본,BTNGang.blp,맵안,BTNGang.blp,A0NA_[조합].png,원작 맵 안
A0NB,[조합],기본,BTNWiper.blp,맵안,BTNWiper.blp,A0NB_[조합].png,원작 맵 안
A036,[조합],기본,BTNTichi_2year.blp,맵안,BTNTichi_2year.blp,A036_[조합].png,원작 맵 안
A037,[조합],기본,BTNHiruruk.blp,맵안,BTNHiruruk.blp,A037_[조합].png,원작 맵 안
A039,[조합],기본,BTNsiryu.blp,맵안,BTNsiryu.blp,A039_[조합].png,원작 맵 안
A00E,[조합],기본,BTNBepo.blp,맵안,BTNBepo.blp,A00E_[조합].png,원작 맵 안
A006,[조합],기본,BTNRobin.blp,맵안,BTNRobin.blp,A006_[조합].png,원작 맵 안
A01S,[조합],기본,BTNLaily_le.blp,맵안,BTNLaily_le.blp,A01S_[조합].png,원작 맵 안
A02X,[조합],기본,BTNsiki.blp,맵안,BTNsiki.blp,A02X_[조합].png,원작 맵 안
A007,[조합],기본,Model\BTNRebeka.blp,못찾음,,,
A009,[조합],기본,BTNSizer.blp,맵안,BTNSizer.blp,A009_[조합].png,원작 맵 안
A00A,[조합],기본,BTNbaby5.blp,맵안,BTNbaby5.blp,A00A_[조합].png,원작 맵 안
A03E,[조합],기본,BTNRobin.blp,맵안,BTNRobin.blp,A006_[조합].png,원작 맵 안
A0NC,[조합],기본,BTNAokiji.blp,맵안,BTNAokiji.blp,A0NC_[조합].png,원작 맵 안
A0ND,[조합],기본,BTNhancock.blp,맵안,BTNhancock.blp,A0N9_[조합].png,원작 맵 안
A00B,[조합],기본,BTNChoppa2.blp,맵안,BTNChoppa2.blp,A00B_[조합].png,원작 맵 안
A00C,[조합],기본,BTNKaku.blp,맵안,BTNKaku.blp,A00C_[조합].png,원작 맵 안
A00D,[조합],기본,BTNAce.blp,맵안,BTNAce.blp,A00D_[조합].png,원작 맵 안
A03D,[조합],기본,BTNLuffy.blp,맵안,BTNLuffy.blp,A012_[조합].png,원작 맵 안
A00F,[조합],기본,BTNLuffy.blp,맵안,BTNLuffy.blp,A012_[조합].png,원작 맵 안
A00I,[조합],기본,BTNMarco.blp,맵안,BTNMarco.blp,A00I_[조합].png,원작 맵 안
A028,[조합],기본,BTNOZ.blp,맵안,BTNOZ.blp,A08I_!팬오브나이츠계열.png,원작 맵 안
A03H,[조합],기본,BTNSmoker.blp,맵안,BTNSmoker.blp,A03H_[조합].png,원작 맵 안
A0IO,[조합],기본,BTNbasil2.blp,맵안,BTNbasil2.blp,A0IO_[조합].png,원작 맵 안
A00G,[조합],기본,BTNreiju.blp,맵안,BTNreiju.blp,A00G_[조합].png,원작 맵 안
A00J,[조합],기본,BTNBR.blp,맵안,BTNBR.blp,A00J_[조합].png,원작 맵 안
A00K,[조합],기본,BTNMoria.blp,맵안,BTNMoria.blp,A00K_[조합].png,원작 맵 안
A03B,[조합],기본,BTNShanks.blp,맵안,BTNShanks.blp,A03B_[조합].png,원작 맵 안
A0NE,[조합],기본,BTNJimbe_2year.blp,맵안,BTNJimbe_2year.blp,A0NE_[조합].png,원작 맵 안
A008,[조합],기본,BTNjeff.blp,맵안,BTNjeff.blp,A008_[조합].png,원작 맵 안
A01X,[조합],기본,BTNLow.blp,맵안,BTNLow.blp,A01X_[조합].png,원작 맵 안
A020,8아이템-고철판매,기본,ReplaceableTextures\CommandButtons\BTNForge.blp,맵밖,,std_btnforge.png,"웹(리포지드 HD, 이름 일치)"
A023,[조,기본,ReplaceableTextures\CommandButtons\BTNHumanDestroyer.blp,맵밖,,std_btnhumandestroyer.png,"웹(리포지드 HD, 이름 일치)"
A00L,[조합],기본,BTNPerona.blp,맵안,BTNPerona.blp,A00L_[조합].png,원작 맵 안
A00N,[조합],기본,BTNace_legend.blp,맵안,BTNace_legend.blp,A00N_[조합].png,원작 맵 안
A00O,[조합],기본,BTNNami_legend.blp,맵안,BTNNami_legend.blp,A00O_[조합].png,원작 맵 안
A00P,[조합],기본,BTNInazma.blp,맵안,BTNInazma.blp,A00P_[조합].png,원작 맵 안
A024,[조합],기본,BTNMarco.blp,맵안,BTNMarco.blp,A00I_[조합].png,원작 맵 안
A03C,[조합],기본,BTNRaboon.blp,맵안,BTNRaboon.blp,A03C_[조합].png,원작 맵 안
A01T,[조합],기본,BTNKobi.blp,맵안,BTNKobi.blp,A01T_[조합].png,원작 맵 안
A01U,[조합],기본,BTNsanji_legend.blp,맵안,BTNsanji_legend.blp,A01U_[조합].png,원작 맵 안
A01V,[조합],기본,BTNPerona.blp,맵안,BTNPerona.blp,A00L_[조합].png,원작 맵 안
A025,[조합],기본,BTNshanks_legend.blp,맵안,BTNshanks_legend.blp,A025_[조합].png,원작 맵 안
A027,[조합],기본,BTNKuma.blp,맵안,BTNKuma.blp,A017_[조합].png,원작 맵 안
A0NF,[조합],기본,BTNSanji.blp,맵안,BTNSanji.blp,A01B_[조합].png,원작 맵 안
A00M,[조합],기본,BTNSengoku.blp,맵안,BTNSengoku.blp,A00M_[조합].png,원작 맵 안
A02A,[조합],기본,BTNDiamond.blp,맵안,BTNDiamond.blp,A02A_[조합].png,원작 맵 안
A02B,[조합],기본,BTNDrake.blp,맵안,BTNDrake.blp,A02B_[조합].png,원작 맵 안
A03G,[조합],기본,BTNBander.blp,맵안,BTNBander.blp,A03G_[조합].png,원작 맵 안
A0NG,[조합],기본,BTNZepa.blp,맵안,BTNZepa.blp,A0NG_[조합].png,원작 맵 안
A0NH,[조합],기본,BTNzoro_legend.blp,맵안,BTNzoro_legend.blp,A0NH_[조합].png,원작 맵 안
A0NI,[조합],기본,BTNsugar.blp,맵안,BTNsugar.blp,A0NI_[조합].png,원작 맵 안
A00R,[조합],기본,BTNAkainu.blp,맵안,BTNAkainu.blp,A00R_[조합].png,원작 맵 안
A00S,[조합],기본,BTNAce.blp,맵안,BTNAce.blp,A00D_[조합].png,원작 맵 안
A00Q,[조합],기본,BTNBenBekman.blp,맵안,BTNBenBekman.blp,A00Q_[조합].png,원작 맵 안
A00T,[조합],기본,BTNRuffyNightmare.blp,맵안,BTNRuffyNightmare.blp,A00T_[조합].png,원작 맵 안
A00U,[조합],기본,BTNKid.blp,맵안,BTNKid.blp,A00U_[조합].png,원작 맵 안
A00V,[조합],기본,BTNsogeking.blp,맵안,BTNsogeking.blp,A01W_[조합].png,원작 맵 안
A00X,[조합],기본,BTNsabo22.blp,맵안,BTNsabo22.blp,A00X_[조합].png,원작 맵 안
A00Y,[조합],기본,BTNDragon.blp,맵안,BTNDragon.blp,A00Y_[조합].png,원작 맵 안
A00Z,[조합],기본,BTNInazma.blp,맵안,BTNInazma.blp,A00P_[조합].png,원작 맵 안
A010,[조합],기본,BTNchopa_u.blp,맵안,BTNchopa_u.blp,A010_[조합].png,원작 맵 안
A01D,[조합],기본,BTNEnel.blp,맵안,BTNEnel.blp,A01D_[조합].png,원작 맵 안
A026,[조합],기본,BTNKargara.blp,맵안,BTNKargara.blp,A026_[조합].png,원작 맵 안
A029,[조합],기본,BTNYabsalrom.blp,맵안,BTNYabsalrom.blp,A029_[조합].png,원작 맵 안
A02C,[조합],기본,BTNcra.blp,맵안,BTNcra.blp,A02C_[조합].png,원작 맵 안
A02F,[조합],기본,BTNBR.blp,맵안,BTNBR.blp,A00J_[조합].png,원작 맵 안
A02G,[조합],기본,BTNSiroHige.blp,맵안,BTNSiroHige.blp,A02G_[조합].png,원작 맵 안
A02T,[조합],기본,BTNMihawk.blp,맵안,BTNMihawk.blp,A02T_[조합].png,원작 맵 안
A032,[조합],기본,BTNZoroAsura.blp,맵안,BTNZoroAsura.blp,A032_[조합].png,원작 맵 안
A02R,[조합],기본,BTNZoroAsura.blp,맵안,BTNZoroAsura.blp,A032_[조합].png,원작 맵 안
A02H,[조합],기본,BTNLow.blp,맵안,BTNLow.blp,A01X_[조합].png,원작 맵 안
A02I,[조합],기본,BTNChopper.blp,맵안,BTNChopper.blp,A02I_[조합].png,원작 맵 안
A02J,[조합],기본,BTNvivi5.blp,맵안,BTNvivi5.blp,A02J_[조합].png,원작 맵 안
A02K,[조합],기본,BTNmomonga4.blp,맵안,BTNmomonga4.blp,A02K_[조합].png,원작 맵 안
A02L,[조합],기본,BTNsugar.blp,맵안,BTNsugar.blp,A0NI_[조합].png,원작 맵 안
A02N,[조합],기본,BTNCrocodie.blp,맵안,BTNCrocodie.blp,A01Q_[조합].png,원작 맵 안
A02O,[조합],기본,BTNcro6.blp,맵안,BTNcro6.blp,A02O_[조합].png,원작 맵 안
A02P,[조합],기본,BTNRuchiLeo.blp,맵안,BTNRuchiLeo.blp,A02P_[조합].png,원작 맵 안
A02M,[조합],기본,BTNDople.blp,맵안,BTNDople.blp,A02M_[조합].png,원작 맵 안
A00H,[조합],기본,BTNHoji.blp,맵안,BTNHoji.blp,A00H_[조합].png,원작 맵 안
A02Q,[조합],기본,BTNToki.blp,맵안,BTNToki.blp,A02Q_[조합].png,원작 맵 안
A02S,[조합],기본,BTNKinemon.blp,맵안,BTNKinemon.blp,A02S_[조합].png,원작 맵 안
A02V,[조합],기본,BTNSento.blp,맵안,BTNSento.blp,A02V_[조합].png,원작 맵 안
A02W,[조합],기본,BTNGarp.blp,맵안,BTNGarp.blp,A02W_[조합].png,원작 맵 안
A02Y,[조합],기본,BTNPd.blp,맵안,BTNPd.blp,A02Y_[조합].png,원작 맵 안
A02Z,[조합],기본,BTNLow.blp,맵안,BTNLow.blp,A01X_[조합].png,원작 맵 안
A030,[조합],기본,BTNKid.blp,맵안,BTNKid.blp,A00U_[조합].png,원작 맵 안
A003,!!도전과제1,기본,ReplaceableTextures\CommandButtons\BTNTomeBrown.blp,맵밖,,std_btntomebrown.png,"웹(리포지드 HD, 이름 일치)"
A02U,!!도전과제1,기본,ReplaceableTextures\CommandButtons\BTNTomeBrown.blp,맵밖,,std_btntomebrown.png,"웹(리포지드 HD, 이름 일치)"
A031,!!도전과제,기본,ReplaceableTextures\CommandButtons\BTNDust.blp,맵밖,,std_btndust.png,"웹(리포지드 HD, 이름 일치)"
A033,!!도전과제,기본,ReplaceableTextures\CommandButtons\BTNDust.blp,맵밖,,std_btndust.png,"웹(리포지드 HD, 이름 일치)"
A034,!!도전과제,기본,ReplaceableTextures\CommandButtons\BTNDust.blp,맵밖,,std_btndust.png,"웹(리포지드 HD, 이름 일치)"
A035,!!도전과제,기본,ReplaceableTextures\CommandButtons\BTNDust.blp,맵밖,,std_btndust.png,"웹(리포지드 HD, 이름 일치)"
A038,!!도전과제,기본,ReplaceableTextures\CommandButtons\BTNDust.blp,맵밖,,std_btndust.png,"웹(리포지드 HD, 이름 일치)"
A03A,!!도전과제,기본,ReplaceableTextures\CommandButtons\BTNDust.blp,맵밖,,std_btndust.png,"웹(리포지드 HD, 이름 일치)"
A03F,!!도전과제,기본,ReplaceableTextures\CommandButtons\BTNDust.blp,맵밖,,std_btndust.png,"웹(리포지드 HD, 이름 일치)"
A0NJ,!!도전과제,기본,ReplaceableTextures\CommandButtons\BTN3M1.blp,맵밖,,std_btn3m1.png,"웹(리포지드 HD, 이름 일치)"
A0NK,!!도전과제,기본,ReplaceableTextures\CommandButtons\BTN3M1.blp,맵밖,,std_btn3m1.png,"웹(리포지드 HD, 이름 일치)"
A0NL,!!도전과제,기본,ReplaceableTextures\CommandButtons\BTN3M1.blp,맵밖,,std_btn3m1.png,"웹(리포지드 HD, 이름 일치)"
A0NT,D멘트라-제한됨,기본,ReplaceableTextures\PassiveButtons\PASBTNMagicalSentry.blp,맵밖,,std_btnmagicalsentry.png,"웹(PASBTN→BTN 같은 그림, 패시브 틀만 다름)"
A0NU,B무공세계,기본,ReplaceableTextures\CommandButtons\BTNOrbOfDeathOff.blp,맵밖,,std_btnorbofdeathoff.png,"웹(리포지드 HD, 이름 일치)"
A0NV,P생체병기 px,기본,ReplaceableTextures\CommandButtons\BTNArmorGolem.blp,맵밖,,std_btnarmorgolem.png,"웹(리포지드 HD, 이름 일치)"
A0NX,!패왕색의패기-핸콕,기본,ReplaceableTextures\CommandButtons\BTNMoonStone.blp,맵밖,,std_btnmoonstone.png,"웹(리포지드 HD, 이름 일치)"
A0NY,!콤비네이션 어택-코변,기본,ReplaceableTextures\CommandButtons\BTNWindWalkOn.blp,맵밖,,std_btnwindwalkon.png,"웹(리포지드 HD, 이름 일치)"
A0NZ,!거프의 제자-코변,기본,ReplaceableTextures\CommandButtons\BTNGolemThunderclap.blp,맵밖,,std_btngolemthunderclap.png,"웹(리포지드 HD, 이름 일치)"
A0O7,!그림자 일격-일도양단,기본,T_VFX_HERO_AURA_SQUARE.blp,맵안,T_VFX_HERO_AURA_SQUARE.blp,A0O7_!그림자일격-일도양단.png,원작 맵 안
A0OC,!랜덤유닛도박-고대의배1,기본,ReplaceableTextures\CommandButtons\BTNMechanicalCritter.blp,맵밖,,std_btnmechanicalcritter.png,"웹(리포지드 HD, 이름 일치)"
A0OD,!레일리 도박-고대의 배,기본,BTNLailley.blp,맵안,BTNLailley.blp,A03V_A룸이속감소1.png,원작 맵 안
A0OE,!@#판매,기본,ReplaceableTextures\CommandButtons\BTNMedalionOfCourage.blp,맵밖,,std_btnmedalionofcourage.png,"웹(리포지드 HD, 이름 일치)"
A0OI,!그림자 절단,기본,ReplaceableTextures\CommandButtons\BTNPossession.blp,맵밖,,std_btnpossession.png,"웹(리포지드 HD, 이름 일치)"
A0OI,!그림자 절단,학습해제,ReplaceableTextures\CommandButtons\BTNPossession.blp,맵밖,,std_btnpossession.png,"웹(리포지드 HD, 이름 일치)"
A0OJ,C그림자 절단,기본,ReplaceableTextures\CommandButtons\BTNPossession.blp,맵밖,,std_btnpossession.png,"웹(리포지드 HD, 이름 일치)"
A0OL,8업글1,기본,ReplaceableTextures\CommandButtons\BTNHumanCaptureFlag.blp,맵밖,,std_btnhumancaptureflag.png,"웹(리포지드 HD, 이름 일치)"
A0ON,!!도전과제,기본,ReplaceableTextures\CommandButtons\BTNShoveler.blp,맵밖,,,못 구함
A0OO,!!도전과제1,기본,ReplaceableTextures\CommandButtons\BTNShoveler.blp,맵밖,,,못 구함
A0OS,D체-제트불멸,기본,ReplaceableTextures\CommandButtons\BTNRingVioletSpider.blp,맵밖,,std_btnringvioletspider.png,"웹(리포지드 HD, 이름 일치)"
A0OT,!다이나 스톤-제불,기본,ReplaceableTextures\CommandButtons\BTNRejuvPotion.blp,맵밖,,std_btnrejuvpotion.png,"웹(리포지드 HD, 이름 일치)"
A0OU,!웨스턴 액션,기본,ReplaceableTextures\CommandButtons\BTNHumanArtilleryUpOne.blp,맵밖,,std_btnhumanartilleryupone.png,"웹(리포지드 HD, 이름 일치)"
A0P0,!흉포한 검술,기본,ReplaceableTextures\CommandButtons\BTNWandOfNeutralization.blp,맵밖,,std_btnwandofneutralization.png,"웹(리포지드 HD, 이름 일치)"
A0P1,!빛의 기둥,기본,ReplaceableTextures\CommandButtons\BTNResurrection.blp,맵밖,,std_btnresurrection.png,"웹(리포지드 HD, 이름 일치)"
A0P2,9도움소 낙뢰,기본,ReplaceableTextures\CommandButtons\BTNMonsoon.blp,맵밖,,std_btnmonsoon.png,"웹(리포지드 HD, 이름 일치)"
A0IF,!맨손투포환,기본,ReplaceableTextures\CommandButtons\BTNGolemStormBolt.blp,맵밖,,std_btngolemstormbolt.png,"웹(리포지드 HD, 이름 일치)"
A0P5,!맥시멈스윙,기본,ReplaceableTextures\CommandButtons\BTNStormHammer.blp,맵밖,,std_btnstormhammer.png,"웹(리포지드 HD, 이름 일치)"
A0P6,!어흥포,기본,ReplaceableTextures\CommandButtons\BTNDevourMagic.blp,맵밖,,std_btndevourmagic.png,"웹(리포지드 HD, 이름 일치)"
A0P8,!어인-피셔,기본,ReplaceableTextures\CommandButtons\BTNChaosGrom.blp,맵밖,,std_btnchaosgrom.png,"웹(리포지드 HD, 이름 일치)"
A0PE,#왕가의 수호신,기본,ReplaceableTextures\CommandButtons\BTNWarEagle.blp,맵밖,,std_btnwareagle.png,"웹(리포지드 HD, 이름 일치)"
A0PF,B참모장,기본,ReplaceableTextures\CommandButtons\BTNTomeBrown.blp,맵밖,,std_btntomebrown.png,"웹(리포지드 HD, 이름 일치)"
A0PJ,B3장성 크래커,기본,BTNcra.blp,맵안,BTNcra.blp,A02C_[조합].png,원작 맵 안
A0PM,B장악,기본,ReplaceableTextures\CommandButtons\BTNLocustSwarm.blp,맵밖,,std_btnlocustswarm.png,"웹(리포지드 HD, 이름 일치)"
A0PO,!제압-벤베크만,기본,ReplaceableTextures\CommandButtons\BTNGatherGold.blp,맵밖,,std_btngathergold.png,"웹(리포지드 HD, 이름 일치)"
A0PP,!명구,기본,ReplaceableTextures\CommandButtons\BTNDeathPact.blp,맵밖,,std_btndeathpact.png,"웹(리포지드 HD, 이름 일치)"
A0PQ,!강철을 벤 사나이,기본,ReplaceableTextures\CommandButtons\BTNTrueShot.blp,맵밖,,std_btntrueshot.png,"웹(리포지드 HD, 이름 일치)"
A0PW,A풍압,기본,ReplaceableTextures\CommandButtons\BTNWarEagle.blp,맵밖,,std_btnwareagle.png,"웹(리포지드 HD, 이름 일치)"
A0PY,B약점분석,기본,ReplaceableTextures\CommandButtons\BTNBattleStations.blp,맵밖,,std_btnbattlestations.png,"웹(리포지드 HD, 이름 일치)"
A0PZ,!이강력참1,기본,ReplaceableTextures\CommandButtons\BTNDizzy.blp,맵밖,,std_btndizzy.png,"웹(리포지드 HD, 이름 일치)"
A0Q2,T특성강화,기본,ReplaceableTextures\CommandButtons\BTNStatUp.blp,맵밖,,std_btnstatup.png,"웹(리포지드 HD, 이름 일치)"
A0PH,B우솝의 허풍1,기본,ReplaceableTextures\CommandButtons\BTNManaDrain.blp,맵밖,,std_btnmanadrain.png,"웹(리포지드 HD, 이름 일치)"
A0Q3,!조선공-아이스버그,기본,ReplaceableTextures\CommandButtons\BTNRepairOn.blp,맵밖,,std_btnrepairon.png,"웹(리포지드 HD, 이름 일치)"
A0Q4,!이글이글열매 - 산화 부지화-영원,기본,ReplaceableTextures\CommandButtons\BTNFlare.blp,맵밖,,std_btnflare.png,"웹(리포지드 HD, 이름 일치)"
A0Q5,)조이보이,기본,ReplaceableTextures\CommandButtons\BTNBarkskin.blp,맵밖,,std_btnbarkskin.png,"웹(리포지드 HD, 이름 일치)"
A0Q7,A자장가 프람,기본,ReplaceableTextures\CommandButtons\BTNSleep.blp,맵밖,,std_btnsleep.png,"웹(리포지드 HD, 이름 일치)"
A0QC,A이속감소 냉철함-아오키지버프,기본,ReplaceableTextures\CommandButtons\BTNMoonKey.blp,맵밖,,std_btnmoonkey.png,"웹(리포지드 HD, 이름 일치)"
A0QD,#룸 공증,기본,ReplaceableTextures\CommandButtons\BTNScourgeBuild.blp,맵밖,,std_btnscourgebuild.png,"웹(리포지드 HD, 이름 일치)"
A0QG,!빈스킬,기본,ReplaceableTextures\CommandButtons\BTNWandOfNeutralization.blp,맵밖,,std_btnwandofneutralization.png,"웹(리포지드 HD, 이름 일치)"
A0QI,!난사,기본,ReplaceableTextures\CommandButtons\BTNBlizzard.blp,맵밖,,std_btnblizzard.png,"웹(리포지드 HD, 이름 일치)"
A0QL,!어인족 수장1,기본,BTNjimbae.blp,맵안,BTNjimbae.blp,A01E_[조합].png,원작 맵 안
A0QO,!떡떡열매,기본,ReplaceableTextures\CommandButtons\BTNStone.blp,맵밖,,std_btnstone.png,"웹(리포지드 HD, 이름 일치)"
A0QP,!카드-운명,기본,ReplaceableTextures\CommandButtons\BTNBookOfSummoning.blp,맵밖,,std_btnbookofsummoning.png,"웹(리포지드 HD, 이름 일치)"
A0QQ,!견문색의 패기-카타쿠리,기본,ReplaceableTextures\CommandButtons\BTNSentryWard.blp,맵밖,,std_btnsentryward.png,"웹(리포지드 HD, 이름 일치)"
A0QR,7범위 체력회복,연구,ReplaceableTextures\CommandButtons\BTNCheese.blp,맵밖,,std_btncheese.png,"웹(리포지드 HD, 이름 일치)"
A0QS,7범위 무쌍도넛,기본,ReplaceableTextures\CommandButtons\BTNHornOfCenarius.blp,맵밖,,std_btnhornofcenarius.png,"웹(리포지드 HD, 이름 일치)"
A0QS,7범위 무쌍도넛,연구,ReplaceableTextures\CommandButtons\BTNCheese.blp,맵밖,,std_btncheese.png,"웹(리포지드 HD, 이름 일치)"
A0QT,9도움소 지진,기본,ReplaceableTextures\CommandButtons\BTNWarStomp.blp,맵밖,,std_btnwarstomp.png,"웹(리포지드 HD, 이름 일치)"
A0QV,!배수의 검무,기본,ReplaceableTextures\CommandButtons\BTNFountainOfLife.blp,맵밖,,std_btnfountainoflife.png,"웹(리포지드 HD, 이름 일치)"
A0QW,!전설의 후예,기본,ReplaceableTextures\CommandButtons\BTNNightElfCaptureFlag.blp,맵밖,,std_btnnightelfcaptureflag.png,"웹(리포지드 HD, 이름 일치)"
A0QZ,$소울 뮤직-음표용,기본,ReplaceableTextures\CommandButtons\BTNFrostArmor.blp,맵밖,,std_btnfrostarmor.png,"웹(리포지드 HD, 이름 일치)"
A0R0,T특성강화,기본,ReplaceableTextures\CommandButtons\BTNStatUp.blp,맵밖,,std_btnstatup.png,"웹(리포지드 HD, 이름 일치)"
A0R1,A소울 뮤직,기본,ReplaceableTextures\CommandButtons\BTNFrostArmor.blp,맵밖,,std_btnfrostarmor.png,"웹(리포지드 HD, 이름 일치)"
A0R2,!람각 개조,기본,ReplaceableTextures\CommandButtons\BTNImpale.blp,맵밖,,std_btnimpale.png,"웹(리포지드 HD, 이름 일치)"
A0R3,!육왕건,기본,ReplaceableTextures\CommandButtons\BTNEntanglingRoots.blp,맵밖,,std_btnentanglingroots.png,"웹(리포지드 HD, 이름 일치)"
A0R4,!CP.0,기본,BTNLob_luchi3.blp,맵안,BTNLob_luchi3.blp,A0R4_!CP.0.png,원작 맵 안
A0R5,!육식,기본,ReplaceableTextures\CommandButtons\BTNTinyCastle.blp,맵밖,,std_btntinycastle.png,"웹(리포지드 HD, 이름 일치)"
A0R9,!귀기-특별1,기본,ReplaceableTextures\CommandButtons\BTNLichVersion2.blp,맵밖,,std_btnlichversion2.png,"웹(리포지드 HD, 이름 일치)"
A0RB,D월보-루치초월,기본,ReplaceableTextures\CommandButtons\BTNStaffOfPreservation.blp,맵밖,,std_btnstaffofpreservation.png,"웹(리포지드 HD, 이름 일치)"
A0RD,!날으는 지건,기본,ReplaceableTextures\CommandButtons\BTNHoldPosition.blp,맵밖,,std_btnholdposition.png,"웹(리포지드 HD, 이름 일치)"
A0RF,A이속감소 계열 크리마,기본,BTNLailley.blp,맵안,BTNLailley.blp,A03V_A룸이속감소1.png,원작 맵 안
A0RI,!체-아인,기본,ReplaceableTextures\CommandButtons\BTNBlink.blp,맵밖,,std_btnblink.png,"웹(리포지드 HD, 이름 일치)"
A0RJ,!뒤로뒤로열매,기본,ReplaceableTextures\CommandButtons\BTNObsidianStatue.blp,맵밖,,std_btnobsidianstatue.png,"웹(리포지드 HD, 이름 일치)"
A0RL,!달의 사자-스론,기본,BTNCarrot.blp,맵안,BTNCarrot.blp,A0RL_!달의사자-스론.png,원작 맵 안
A0RM,!일렉트리컬 루나,기본,ReplaceableTextures\CommandButtons\BTNMageTower.blp,맵밖,,std_btnmagetower.png,"웹(리포지드 HD, 이름 일치)"
A0RN,T특성강화,기본,ReplaceableTextures\CommandButtons\BTNStatUp.blp,맵밖,,std_btnstatup.png,"웹(리포지드 HD, 이름 일치)"
A0RO,매료매료열매-영원 액티브,기본,ReplaceableTextures\CommandButtons\BTNSnazzyPotion.blp,맵밖,,std_btnsnazzypotion.png,"웹(리포지드 HD, 이름 일치)"
A0RP,[조합],기본,BTNain.blp,맵안,BTNain.blp,A0RP_[조합].png,원작 맵 안
A0RQ,!폭발탄 사격,기본,ReplaceableTextures\CommandButtons\BTNGhoulFrenzy.blp,맵밖,,std_btnghoulfrenzy.png,"웹(리포지드 HD, 이름 일치)"
A0RR,^흑완-제파전설,기본,ReplaceableTextures\CommandButtons\BTNRavenForm.blp,맵밖,,std_btnravenform.png,"웹(리포지드 HD, 이름 일치)"
A0RR,^흑완-제파전설,학습해제,ReplaceableTextures\CommandButtons\BTNRavenForm.blp,맵밖,,std_btnravenform.png,"웹(리포지드 HD, 이름 일치)"
A0RV,T특성강화,기본,ReplaceableTextures\CommandButtons\BTNStatUp.blp,맵밖,,std_btnstatup.png,"웹(리포지드 HD, 이름 일치)"
A0RW,7범위 돌팔이1,기본,ReplaceableTextures\CommandButtons\BTNPipeOfInsight.blp,맵밖,,std_btnpipeofinsight.png,"웹(리포지드 HD, 이름 일치)"
A0RW,7범위 돌팔이1,연구,ReplaceableTextures\CommandButtons\BTNCheese.blp,맵밖,,std_btncheese.png,"웹(리포지드 HD, 이름 일치)"
A0S0,[조합],기본,BTNkata.blp,맵안,BTNkata.blp,A0S0_[조합].png,원작 맵 안
A0S2,T특성강화,기본,ReplaceableTextures\CommandButtons\BTNStatUp.blp,맵밖,,std_btnstatup.png,"웹(리포지드 HD, 이름 일치)"
A0S7,!전격-캐럿,기본,ReplaceableTextures\CommandButtons\BTNFrostTower.blp,맵밖,,std_btnfrosttower.png,"웹(리포지드 HD, 이름 일치)"
A0S8,!일렉클로,기본,ReplaceableTextures\CommandButtons\BTNTreeOfAges.blp,맵밖,,std_btntreeofages.png,"웹(리포지드 HD, 이름 일치)"
A0S9,!전격-캐럿,기본,ReplaceableTextures\CommandButtons\BTNFrostTower.blp,맵밖,,std_btnfrosttower.png,"웹(리포지드 HD, 이름 일치)"
A0SA,!달빛걸음,기본,ReplaceableTextures\CommandButtons\BTNSentinel.blp,맵밖,,std_btnsentinel.png,"웹(리포지드 HD, 이름 일치)"
A0SB,A덩쿨 뿌리1,기본,ReplaceableTextures\CommandButtons\BTNHippogriffRider.blp,맵밖,,std_btnhippogriffrider.png,"웹(리포지드 HD, 이름 일치)"
A0SC,!불멸의 육체,기본,ReplaceableTextures\CommandButtons\BTNRiderlessKodo.blp,맵밖,,std_btnriderlesskodo.png,"웹(리포지드 HD, 이름 일치)"
A0SD,!뇌명 팔괘1,기본,ReplaceableTextures\CommandButtons\BTNHeroMoonPriestess.blp,맵밖,,std_btnheromoonpriestess.png,"웹(리포지드 HD, 이름 일치)"
A0SI,!생체병기-특별아이콘용,기본,ReplaceableTextures\CommandButtons\BTNArmorGolem.blp,맵밖,,std_btnarmorgolem.png,"웹(리포지드 HD, 이름 일치)"
A0SJ,B부두부두 열매,기본,ReplaceableTextures\CommandButtons\BTNShadowPact.blp,맵밖,,std_btnshadowpact.png,"웹(리포지드 HD, 이름 일치)"
A0SK,!저주-스트로맨,기본,ReplaceableTextures\CommandButtons\BTNAvengingAssassin.tga,맵밖,,std_btnavengingassassin.png,"웹(리포지드 HD, 이름 일치)"
A0SL,!마술카드-조커,기본,2a.blp,맵안,2a.blp,A0SL_!마술카드-조커.png,원작 맵 안
A0SM,!용용열매-열식,기본,KarazahnBonfireWood.blp,맵안,KarazahnBonfireWood.blp,A0SM_!용용열매-열식.png,원작 맵 안
A0SN,!백수의 왕,기본,ReplaceableTextures\CommandButtons\BTNBlackDragon.blp,맵밖,,std_btnblackdragon.png,"웹(리포지드 HD, 이름 일치)"
A0SO,T특성강화,기본,ReplaceableTextures\CommandButtons\BTNStatUp.blp,맵밖,,std_btnstatup.png,"웹(리포지드 HD, 이름 일치)"
A0SP,[조합],기본,BTNSmoker.blp,맵안,BTNSmoker.blp,A03H_[조합].png,원작 맵 안
A0SQ,!작살-크로,기본,ReplaceableTextures\CommandButtons\BTNHoldPosition.blp,맵밖,,std_btnholdposition.png,"웹(리포지드 HD, 이름 일치)"
A0SR,A오바드 꾸 드로와,기본,ReplaceableTextures\CommandButtons\BTNThoriumRanged.blp,맵밖,,std_btnthoriumranged.png,"웹(리포지드 HD, 이름 일치)"
A0SS,$바람바람열매-전설,기본,ReplaceableTextures\CommandButtons\BTNTornado.blp,맵밖,,std_btntornado.png,"웹(리포지드 HD, 이름 일치)"
A0SU,T특성강화,기본,ReplaceableTextures\CommandButtons\BTNStatUp.blp,맵밖,,std_btnstatup.png,"웹(리포지드 HD, 이름 일치)"
A0SV,A!서리걸음,기본,aokiji_skill.blp,맵안,aokiji_skill.blp,A0SV_A!서리걸음.png,원작 맵 안
A0SW,A독기,기본,ReplaceableTextures\CommandButtons\BTNMinorRejuvPotion.blp,맵밖,,std_btnminorrejuvpotion.png,"웹(리포지드 HD, 이름 일치)"
A0SX,B삭풍,기본,beam_smokegrey.blp,맵안,beam_smokegrey.blp,A0SX_B삭풍.png,원작 맵 안
A0SY,!지진강타-흰전,기본,moon_shin_bhztx.blp,맵안,moon_shin_bhztx.blp,A0CZ_!지진강타-흰불.png,원작 맵 안
A0T0,!바닷물 가두기,기본,ReplaceableTextures\CommandButtons\BTNOrbOfFrost.blp,맵밖,,std_btnorboffrost.png,"웹(리포지드 HD, 이름 일치)"
A0T1,!바닷물 가두기,기본,ReplaceableTextures\CommandButtons\BTNOrbOfFrost.blp,맵밖,,std_btnorboffrost.png,"웹(리포지드 HD, 이름 일치)"
A0T3,T특성강화,기본,ReplaceableTextures\CommandButtons\BTNStatUp.blp,맵밖,,std_btnstatup.png,"웹(리포지드 HD, 이름 일치)"
A0T4,!함대,기본,ReplaceableTextures\CommandButtons\BTNNightElfBattleCruiser.blp,맵밖,,std_btnnightelfbattlecruiser.png,"웹(리포지드 HD, 이름 일치)"
A0T5,!아이스타임-아오초-서리걸음,기본,ReplaceableTextures\PassiveButtons\PASBTNFreezingBreath.blp,맵밖,,std_btnfreezingbreath.png,"웹(PASBTN→BTN 같은 그림, 패시브 틀만 다름)"
A0T6,A!빙빙열매-서리걸음,기본,ReplaceableTextures\CommandButtons\BTNGlacier.blp,맵밖,,std_btnglacier.png,"웹(리포지드 HD, 이름 일치)"
A03S,$신속함-키자루버프,기본,ReplaceableTextures\CommandButtons\BTNSunKey.blp,맵밖,,std_btnsunkey.png,"웹(리포지드 HD, 이름 일치)"
A0T8,A이속감소 영웅,기본,BTNLailley.blp,맵안,BTNLailley.blp,A03V_A룸이속감소1.png,원작 맵 안
A0TH,B우솝갓,기본,BTNYusop.blp,맵안,BTNYusop.blp,A0TH_B우솝갓.png,원작 맵 안
A0TJ,!!@#창고에서 나오기,기본,ReplaceableTextures\CommandButtons\BTNUnloadDwarf.blp,맵밖,,std_btnunloaddwarf.png,"웹(리포지드 HD, 이름 일치)"
A0TL,!급습,기본,BTNarcane.blp,맵안,BTNarcane.blp,A0TL_!급습.png,원작 맵 안
A0TN,D멘트라-희귀함,기본,ReplaceableTextures\PassiveButtons\PASBTNMagicalSentry.blp,맵밖,,std_btnmagicalsentry.png,"웹(PASBTN→BTN 같은 그림, 패시브 틀만 다름)"
A0TP,[조합],기본,ReplaceableTextures\CommandButtons\BTNhero_s.blp,맵안,ReplaceableTextures\CommandButtons\BTNhero_s.blp,A0TP_[조합].png,원작 맵 안
A0TQ,[조합],기본,ReplaceableTextures\CommandButtons\BTNhero_s.blp,맵안,ReplaceableTextures\CommandButtons\BTNhero_s.blp,A0TP_[조합].png,원작 맵 안
A0TR,[조합]영웅,기본,ReplaceableTextures\CommandButtons\BTNhero_s.blp,맵안,ReplaceableTextures\CommandButtons\BTNhero_s.blp,A0TP_[조합].png,원작 맵 안
A0TS,!베이비-무기무기1,기본,ReplaceableTextures\CommandButtons\BTNHumanMissileUpTwo.blp,맵밖,,std_btnhumanmissileuptwo.png,"웹(리포지드 HD, 이름 일치)"
A0TW,!그림자 흡수-루피 나메,기본,ReplaceableTextures\CommandButtons\BTNBigBadVoodooSpell.blp,맵밖,,std_btnbigbadvoodoospell.png,"웹(리포지드 HD, 이름 일치)"
A0TZ,!사람사람열매,기본,ReplaceableTextures\CommandButtons\BTNHealingWard.blp,맵밖,,std_btnhealingward.png,"웹(리포지드 HD, 이름 일치)"
A0U0,!고무고무 컬버린,기본,BTNsnakeman_skill1.blp,맵안,BTNsnakeman_skill1.blp,A0U0_!고무고무컬버린.png,원작 맵 안
A0U3,!베이비5-과열1,기본,AZ_Flare9.blp,맵안,AZ_Flare9.blp,A0U3_!베이비5-과열1.png,원작 맵 안
A0U4,!전류방출-에넬제한,기본,BTNEnel2.blp,맵안,BTNEnel2.blp,A0U4_!전류방출-에넬제한.png,원작 맵 안
A0U7,!인술 분신,기본,ReplaceableTextures\CommandButtons\BTNAmbush.blp,맵밖,,std_btnambush.png,"웹(리포지드 HD, 이름 일치)"
A0U9,!닌술-수리검,기본,BTNsinobu_s1.blp,맵안,BTNsinobu_s1.blp,A0U9_!닌술-수리검.png,원작 맵 안
A0UA,!인술 분신,기본,ReplaceableTextures\CommandButtons\BTNAmbush.blp,맵밖,,std_btnambush.png,"웹(리포지드 HD, 이름 일치)"
A0UD,!시노부분신평타방무뎀,기본,ReplaceableTextures\CommandButtons\BTNTameHippogriff.blp,맵밖,,std_btntamehippogriff.png,"웹(리포지드 HD, 이름 일치)"
A0UF,$영주 대리,기본,BTNtoki_skill.blp,맵안,BTNtoki_skill.blp,A0UF_$영주대리.png,원작 맵 안
A0UG,[조합],기본,BTNSinobu.blp,맵안,BTNSinobu.blp,A0UG_[조합].png,원작 맵 안
A0UH,[조합],기본,BTNSinobu_2.blp,맵안,BTNSinobu_2.blp,A0UH_[조합].png,원작 맵 안
A0UI,$시간시간 열매,기본,BTNtoki_skill2.blp,맵안,BTNtoki_skill2.blp,A0UI_$시간시간열매.png,원작 맵 안
A0UJ,A암행,기본,BTNsinobu_s3.blp,맵안,BTNsinobu_s3.blp,A0UJ_A암행.png,원작 맵 안
A0UK,!시간급가속 버프,기본,ReplaceableTextures\CommandButtons\BTNReturnGoods.blp,맵밖,,std_btnreturngoods.png,"웹(리포지드 HD, 이름 일치)"
A0UN,!배쉬계열 스킬,기본,ReplaceableTextures\CommandButtons\BTNHoldPosition.blp,맵밖,,std_btnholdposition.png,"웹(리포지드 HD, 이름 일치)"
A0UT,D요염 술법,기본,BTNsinobu_s2.blp,맵안,BTNsinobu_s2.blp,A0UT_D요염술법.png,원작 맵 안
A0UU,!숙련된 패기,기본,ReplaceableTextures\CommandButtons\BTNTaunt.blp,맵밖,,std_btntaunt.png,"웹(리포지드 HD, 이름 일치)"
A0UZ,!혼포인트,기본,ReplaceableTextures\CommandButtons\BTNHippogriffRider.blp,맵밖,,std_btnhippogriffrider.png,"웹(리포지드 HD, 이름 일치)"
A0V0,T특성강화,기본,ReplaceableTextures\CommandButtons\BTNStatUp.blp,맵밖,,std_btnstatup.png,"웹(리포지드 HD, 이름 일치)"
A0V2,!해루석못,기본,ReplaceableTextures\CommandButtons\BTNThornShield.blp,맵밖,,std_btnthornshield.png,"웹(리포지드 HD, 이름 일치)"
A0V4,$요리사의 길,기본,ReplaceableTextures\CommandButtons\BTNSpinyCrab.blp,맵밖,,std_btnspinycrab.png,"웹(리포지드 HD, 이름 일치)"
A0V6,!깨달음-요리사의 길,기본,ReplaceableTextures\CommandButtons\BTNTomeBrown.blp,맵밖,,std_btntomebrown.png,"웹(리포지드 HD, 이름 일치)"
A0V7,!기간테스코 마노1,기본,ReplaceableTextures\CommandButtons\BTNFrostMourne.blp,맵밖,,std_btnfrostmourne.png,"웹(리포지드 HD, 이름 일치)"
A0V8,#밀 플루르-마노스 공증1,기본,ReplaceableTextures\CommandButtons\BTNDoom.blp,맵밖,,std_btndoom.png,"웹(리포지드 HD, 이름 일치)"
A0VB,A이속감소 도플초월,기본,ReplaceableTextures\CommandButtons\BTNWebOn.blp,맵밖,,std_btnwebon.png,"웹(리포지드 HD, 이름 일치)"
A0VD,!다중절단,기본,ReplaceableTextures\PassiveButtons\PASBTNMagicImmunity.blp,맵밖,,std_btnmagicimmunity.png,"웹(PASBTN→BTN 같은 그림, 패시브 틀만 다름)"
A0F4,#중재자의 배,기본,ReplaceableTextures\CommandButtons\BTNMassTeleport.blp,맵밖,,std_btnmassteleport.png,"웹(리포지드 HD, 이름 일치)"
A0VE,B영웅,기본,ReplaceableTextures\CommandButtons\BTNRevenant.blp,맵밖,,std_btnrevenant.png,"웹(리포지드 HD, 이름 일치)"
A0VF,7범위 흰수염의독려,기본,ReplaceableTextures\CommandButtons\BTNHornOfFog.blp,맵밖,,std_btnhornoffog.png,"웹(리포지드 HD, 이름 일치)"
A0VF,7범위 흰수염의독려,연구,ReplaceableTextures\CommandButtons\BTNCheese.blp,맵밖,,std_btncheese.png,"웹(리포지드 HD, 이름 일치)"
A0VG,#흩날리는 겨울의 벚꽃,기본,ReplaceableTextures\CommandButtons\BTNHeartOfAszune.blp,맵밖,,std_btnheartofaszune.png,"웹(리포지드 HD, 이름 일치)"
A0VH,#전투보조,기본,BTNRobin_skill.blp,맵안,BTNRobin_skill.blp,A0VH_#전투보조.png,원작 맵 안
A0VK,신세계-광폭화 피해량증가,기본,ReplaceableTextures\CommandButtons\BTNForestTroll.blp,맵밖,,std_btnforesttroll.png,"웹(리포지드 HD, 이름 일치)"
A0VM,/자석자석열매-1,기본,ReplaceableTextures\CommandButtons\BTNGatherGold.blp,맵밖,,std_btngathergold.png,"웹(리포지드 HD, 이름 일치)"
A0VQ,A이속감소 계열 스킬 이감 이동속도,기본,BTNLailley.blp,맵안,BTNLailley.blp,A03V_A룸이속감소1.png,원작 맵 안
A0VR,B3장성 카타쿠리,기본,BTNkata.blp,맵안,BTNkata.blp,A0S0_[조합].png,원작 맵 안
A0VX,!!@리롤,기본,UI\Widgets\Console\Human\infocard-banshee.blp,맵밖,,,못 구함
A0VY,!오버히트,기본,ReplaceableTextures\CommandButtons\BTNRegenerate.blp,맵밖,,std_btnregenerate.png,"웹(리포지드 HD, 이름 일치)"
A0VZ,!금전감각,기본,ReplaceableTextures\CommandButtons\BTNPillage.blp,맵밖,,std_btnpillage.png,"웹(리포지드 HD, 이름 일치)"
A0W0,!금전감각,기본,ReplaceableTextures\CommandButtons\BTNPillage.blp,맵밖,,std_btnpillage.png,"웹(리포지드 HD, 이름 일치)"
A0W1,T특성강화,기본,ReplaceableTextures\CommandButtons\BTNStatUp.blp,맵밖,,std_btnstatup.png,"웹(리포지드 HD, 이름 일치)"
A0W2,!수전노1,기본,BTNBuggi_skill.blp,맵안,BTNBuggi_skill.blp,A0W2_!수전노1.png,원작 맵 안
A0W4,T특성강화,기본,ReplaceableTextures\CommandButtons\BTNStatUp.blp,맵밖,,std_btnstatup.png,"웹(리포지드 HD, 이름 일치)"
A0W6,A이속감소 계열 크리마,기본,BTNLailley.blp,맵안,BTNLailley.blp,A03V_A룸이속감소1.png,원작 맵 안
A0W7,D박쥐박쥐열매,기본,ReplaceableTextures\CommandButtons\BTNPotionOfVampirism.blp,맵밖,,std_btnpotionofvampirism.png,"웹(리포지드 HD, 이름 일치)"
A0W8,B파괴공작,기본,ReplaceableTextures\CommandButtons\BTNGraveyard.blp,맵밖,,std_btngraveyard.png,"웹(리포지드 HD, 이름 일치)"
A0WA,!천본앵경엄,기본,model\BTNchunbon.blp,못찾음,,,
A0WB,!호킨스-고도,기본,ReplaceableTextures\CommandButtons\BTNMechanicalCritter.blp,맵밖,,std_btnmechanicalcritter.png,"웹(리포지드 HD, 이름 일치)"
A0WD,!공작스트링-비변,기본,ReplaceableTextures\PassiveButtons\PASBTNUpgradeMoonGlaive.blp,맵밖,,std_btnupgrademoonglaive.png,"웹(PASBTN→BTN 같은 그림, 패시브 틀만 다름)"
A0WE,!공작스트링-비비희귀,기본,ReplaceableTextures\PassiveButtons\PASBTNUpgradeMoonGlaive.blp,맵밖,,std_btnupgrademoonglaive.png,"웹(PASBTN→BTN 같은 그림, 패시브 틀만 다름)"
A0WG,!점술1,기본,ReplaceableTextures\CommandButtons\BTNTempleOfTheDamned.blp,맵밖,,std_btntempleofthedamned.png,"웹(리포지드 HD, 이름 일치)"
A0WH,T특성강화,기본,ReplaceableTextures\CommandButtons\BTNStatUp.blp,맵밖,,std_btnstatup.png,"웹(리포지드 HD, 이름 일치)"
A0WI,B저주 중첩,기본,ReplaceableTextures\CommandButtons\BTNSobiMask.blp,맵밖,,std_btnsobimask.png,"웹(리포지드 HD, 이름 일치)"
A0WJ,!미니스트로맨-호킨스,기본,BTNbasil2.blp,맵안,BTNbasil2.blp,A0IO_[조합].png,원작 맵 안
A0WK,$미니 스트로맨1,기본,BTNbasil2.blp,맵안,BTNbasil2.blp,A0IO_[조합].png,원작 맵 안
A0WL,$의협,기본,ReplaceableTextures\CommandButtons\BTNSatyrTrickster.blp,맵밖,,std_btnsatyrtrickster.png,"웹(리포지드 HD, 이름 일치)"
A0WM,!무뢰관,기본,ReplaceableTextures\CommandButtons\BTNDarkRitual.blp,맵밖,,std_btndarkritual.png,"웹(리포지드 HD, 이름 일치)"
A0WN,#히어로-타츠마키,기본,Model\BTNTatsumaki.blp,못찾음,,,
A0WO,$군대장,기본,ReplaceableTextures\CommandButtons\BTNGoblinZeppelin.blp,맵밖,,std_btngoblinzeppelin.png,"웹(리포지드 HD, 이름 일치)"
A0WQ,!격려격려열매,기본,ReplaceableTextures\CommandButtons\BTNTreeOfEternity.blp,맵밖,,std_btntreeofeternity.png,"웹(리포지드 HD, 이름 일치)"
A0WR,!지천을 녹이는열기-아카히든,기본,ReplaceableTextures\CommandButtons\BTNCagedIllidan.blp,맵밖,,std_btncagedillidan.png,"웹(리포지드 HD, 이름 일치)"
A0WS,T특성강화,기본,ReplaceableTextures\CommandButtons\BTNStatUp.blp,맵밖,,std_btnstatup.png,"웹(리포지드 HD, 이름 일치)"
A0WT,#부처의 인의,기본,ReplaceableTextures\CommandButtons\BTNGoldRing.blp,맵밖,,std_btngoldring.png,"웹(리포지드 HD, 이름 일치)"
A0WU,D여행-쿠마,기본,ReplaceableTextures\CommandButtons\BTNManual.blp,맵밖,,std_btnmanual.png,"웹(리포지드 HD, 이름 일치)"
A0WV,T특성강화,기본,ReplaceableTextures\CommandButtons\BTNStatUp.blp,맵밖,,std_btnstatup.png,"웹(리포지드 HD, 이름 일치)"
A0WX,!해류 한판 엎어치기,기본,ReplaceableTextures\CommandButtons\BTNNagaBurrow.blp,맵밖,,std_btnnagaburrow.png,"웹(리포지드 HD, 이름 일치)"
A0X0,!어인공수도-징베,기본,BTNjimbae.blp,맵안,BTNjimbae.blp,A01E_[조합].png,원작 맵 안
A0X1,!내가중수,기본,ReplaceableTextures\CommandButtons\BTNPotionBlueSmall.blp,맵밖,,std_btnpotionbluesmall.png,"웹(리포지드 HD, 이름 일치)"
A0X2,점치기,기본,ReplaceableTextures\CommandButtons\BTNAnkh.blp,맵밖,,std_btnankh.png,"웹(리포지드 HD, 이름 일치)"
A0X4,!고무고무 열매,기본,BTNSnakeman.blp,맵안,BTNSnakeman.blp,A0X4_!고무고무열매.png,원작 맵 안
A0X6,7범위 격려,기본,ReplaceableTextures\CommandButtons\BTNTreeOfEternity.blp,맵밖,,std_btntreeofeternity.png,"웹(리포지드 HD, 이름 일치)"
A0X6,7범위 격려,연구,ReplaceableTextures\CommandButtons\BTNCheese.blp,맵밖,,std_btncheese.png,"웹(리포지드 HD, 이름 일치)"
A0X7,T특성강화,기본,ReplaceableTextures\CommandButtons\BTNStatUp.blp,맵밖,,std_btnstatup.png,"웹(리포지드 HD, 이름 일치)"
A0X9,!배쉬계열 스킬1,기본,ReplaceableTextures\CommandButtons\BTNHoldPosition.blp,맵밖,,std_btnholdposition.png,"웹(리포지드 HD, 이름 일치)"
A0XA,!무기화 빌드,기본,Model\BTNBronyaQ.blp,못찾음,,,
A0XB,!무기화 빌드,기본,Model\BTNBronyaQ.blp,못찾음,,,
A0XC,$사이버 엔젤,기본,Model\BTNBronyaD.blp,못찾음,,,
A0XD,!데이터 질주,기본,model\BTNBronyaF.blp,못찾음,,,
A0XE,!이성의 창조물,기본,model\BTNBronyaR.blp,못찾음,,,
A0XF,!스탠드-스타플라티나,기본,Model\BTNJotaroD,못찾음,,,
A0XG,!스탠드-스타플라티나 더월드,기본,Model\BTNKujo_Jotaro04.blp,못찾음,,,
A0XH,6변신,기본,ReplaceableTextures\CommandButtons\BTNsnakeman_skill2.blp,맵안,ReplaceableTextures\CommandButtons\BTNsnakeman_skill2.blp,A0XH_6변신.png,원작 맵 안
A0XI,!킹코브라,기본,ReplaceableTextures\CommandButtons\BTNWindSerpent.blp,맵밖,,std_btnwindserpent.png,"웹(리포지드 HD, 이름 일치)"
A0XJ,!붕권,기본,model\BTNFuhuaQ2.blp,못찾음,,,
A0XK,!수호무녀,기본,Model\BTN_Kikoyous0.blp,못찾음,,,
A0XL,!스탠드-러쉬,기본,Model\BTNkujo_rush.blp,못찾음,,,
A0XM,!섬경 천본앵경엄,기본,model\BTNchunbon_hang.blp,못찾음,,,
A0XN,!선법,기본,Model\BTNFuhuaW2.blp,못찾음,,,
A0XO,!패기발현,기본,Blood_slash.blp,맵안,Blood_slash.blp,A0XO_!패기발현.png,원작 맵 안
A0XP,[조합],기본,BTNX_Drak2.blp,맵안,BTNX_Drak2.blp,A0XP_[조합].png,원작 맵 안
A0XQ,!비뢰신 이의 단,기본,ReplaceableTextures\CommandButtons\BTNOrbOfLightning.blp,맵밖,,std_btnorboflightning.png,"웹(리포지드 HD, 이름 일치)"
A0XR,!용용열매-알로사우로스,기본,ReplaceableTextures\CommandButtons\BTNGreenDragonSpawn.blp,맵밖,,std_btngreendragonspawn.png,"웹(리포지드 HD, 이름 일치)"
A0XS,[조합],기본,BTNNeco.blp,맵안,BTNNeco.blp,A0XS_[조합].png,원작 맵 안
A0XT,[조합],기본,Model\BTNBronyaD.blp,못찾음,,,
A0XV,!나선섬광,기본,Model\BTNMinato_W.blp,못찾음,,,
A0XW,!섬광연무,기본,Model\BTNMinato_D.blp,못찾음,,,
A0XY,!도원 백룡,기본,Model\BTNodeng_skill2,못찾음,,,
A0XZ,!도원 토츠카,기본,Model\BTNodeng_skill4,못찾음,,,
A0Y0,!패기-류오(오뎅),기본,Model\BTNodeng_skill5,못찾음,,,
A0Y1,#수호자 나리,기본,BTNNeco.blp,맵안,BTNNeco.blp,A0XS_[조합].png,원작 맵 안
A0Y2,#와노쿠니의 혼1,기본,Model\BTNodeng_skill3,못찾음,,,
A0Y3,[조합],기본,Model\BTNMinato.blp,못찾음,,,
A0Y4,B마왕,기본,ReplaceableTextures\CommandButtons\BTNEvilIllidan.blp,맵밖,,std_btnevilillidan.png,"웹(리포지드 HD, 이름 일치)"
A0Y5,#황금의 정신,기본,ReplaceableTextures\CommandButtons\BTNMassTeleport.blp,맵밖,,std_btnmassteleport.png,"웹(리포지드 HD, 이름 일치)"
A0Y6,[조합],기본,Model\BTNJotaro.blp,못찾음,,,
A0Y7,!네코마무시 방무뎀,기본,BTNneoko_skill.blp,맵안,BTNneoko_skill.blp,A0Y7_!네코마무시방무뎀.png,원작 맵 안
A0Y9,[조합],기본,Model\BTNRyougi2.blp,못찾음,,,
A0YB,!이기어검,기본,Model\BTNEn_skill1,못찾음,,,
A0YC,/오뎅 이도류,기본,ReplaceableTextures\CommandButtons\BTNGatherGold.blp,맵밖,,std_btngathergold.png,"웹(리포지드 HD, 이름 일치)"
A0YE,$어검결,기본,Model\BTNEn_skill2,못찾음,,,
A0YF,!오뎅 이도류,기본,Model\BTNodeng_skill1,못찾음,,,
A0YG,!료우기 무명의 달,기본,Model\BTNRyougiE,못찾음,,,
A0YH,!료우기 유식-직사의 마안,기본,Model\BTNRyougiR,못찾음,,,
A0YI,B직사의 마안,기본,Model\BTNRyougiD2,못찾음,,,
A0YJ,!은폐나이프-료우기,기본,Model\BTNRYougiQ,못찾음,,,
A0YK,[조합],기본,Model\BTN_Kikoyous0.blp,못찾음,,,
A0YO,B!샨디아의 대전사,기본,ReplaceableTextures\CommandButtons\BTNCorruptedEnt.blp,맵밖,,std_btncorruptedent.png,"웹(리포지드 HD, 이름 일치)"
A0YP,!시노부 보물찾기,기본,ReplaceableTextures\CommandButtons\BTNExpandedView.tga,맵밖,,std_btnexpandedview.png,"웹(리포지드 HD, 이름 일치)"
A0YQ,!철저한 정의,기본,ReplaceableTextures\CommandButtons\BTNSpellBreaker.blp,맵밖,,std_btnspellbreaker.png,"웹(리포지드 HD, 이름 일치)"
A0YR,$공속계열 스킬,기본,ReplaceableTextures\CommandButtons\BTNScourgeBuild.blp,맵밖,,std_btnscourgebuild.png,"웹(리포지드 HD, 이름 일치)"
A0YS,$고강도 탄성,기본,ReplaceableTextures\CommandButtons\BTNRejuvenationPotion.blp,맵밖,,std_btnrejuvenationpotion.png,"웹(리포지드 HD, 이름 일치)"
A0YY,!산적왕의 검기,기본,Model\BTN_Higma_skill_4,못찾음,,,
A0YZ,!총알세례,기본,ReplaceableTextures\CommandButtons\BTN_Higma_s.blp,맵안,ReplaceableTextures\CommandButtons\BTN_Higma_s.blp,A0YZ_!총알세례.png,원작 맵 안
A0Z0,!하이퍼슬래쉬,기본,ReplaceableTextures\CommandButtons\BTNHoldPosition.blp,맵밖,,std_btnholdposition.png,"웹(리포지드 HD, 이름 일치)"
A0Z1,!강탈1,기본,Model\BTN_Higma_skill_2,못찾음,,,
A0Z5,베어 폼-카이도/용,기본,ReplaceableTextures\CommandButtons\BTNk.blp,맵안,ReplaceableTextures\CommandButtons\BTNk.blp,A0Z5_베어폼-카이도용.png,원작 맵 안
A0Z5,베어 폼-카이도/용,학습해제,ReplaceableTextures\CommandButtons\BTNk.blp,맵안,ReplaceableTextures\CommandButtons\BTNk.blp,A0Z5_베어폼-카이도용.png,원작 맵 안
A0Z6,테크트리-연합세력-원본,기본,ReplaceableTextures\CommandButtonsdisabled\DISBTN_Kaido_dragon.blp,맵안,ReplaceableTextures\CommandButtonsdisabled\DISBTN_Kaido_dragon.blp,A0Z6_테크트리-연합세력-원본.png,원작 맵 안
A0Z6,테크트리-연합세력-원본,학습해제,ReplaceableTextures\CommandButtons\BTN_Kaido_dragon.blp,맵안,ReplaceableTextures\CommandButtons\BTN_Kaido_dragon.blp,A0Z6_테크트리-연합세력-원본_학습해제.png,원작 맵 안
A0Z7,A산적왕,기본,Model\BTN_Higma,못찾음,,,
A0Z8,!권총 던지기,기본,Model\BTN_Higma_skill_5,못찾음,,,
A0Z9,!괴풍,기본,ReplaceableTextures\CommandButtons\BTNWhirlwind.blp,맵밖,,std_btnwhirlwind.png,"웹(리포지드 HD, 이름 일치)"
A0ZA,!훌쩍 떠나는 폐역하차 여행,기본,Model\BTNYukari_Skill3,못찾음,,,
A0ZB,!천국 편도행,기본,Model\BTNYukari_Skill2,못찾음,,,
A0ZC,!환소 비광충,기본,Model\BTNYukari_Skill1.blp,못찾음,,,
A0ZD,D스키마,기본,Model\BTNYukari_Skill4.blp,못찾음,,,
A0ZE,[조합]+랜유랜덤,기본,Model\BTNyukari_port,못찾음,,,
A0ZF,!아이스 사브르1,기본,ReplaceableTextures\CommandButtons\BTNBreathOfFrost.blp,맵밖,,std_btnbreathoffrost.png,"웹(리포지드 HD, 이름 일치)"
A0ZG,!아이스에이지-아오초,기본,BTN_Iceage.blp,맵안,BTN_Iceage.blp,A0ZG_!아이스에이지-아오초.png,원작 맵 안
A0ZI,6변신1,기본,ReplaceableTextures\CommandButtons\BTN_kaido_form.blp,맵안,ReplaceableTextures\CommandButtons\BTN_kaido_form.blp,A0ZI_6변신1.png,원작 맵 안
A0ZI,6변신1,학습해제,ReplaceableTextures\CommandButtons\BTN_kaido_form.blp,맵안,ReplaceableTextures\CommandButtons\BTN_kaido_form.blp,A0ZI_6변신1.png,원작 맵 안
A0ZJ,!이성의,기본,model\BTNBronyaR.blp,못찾음,,,
A0ZL,!아이스볼-동상,기본,ReplaceableTextures\CommandButtons\BTNOrbOfFrost.blp,맵밖,,std_btnorboffrost.png,"웹(리포지드 HD, 이름 일치)"
A0ZT,[조합]+랜유랜덤,기본,Model\BTN_Higma,못찾음,,,
A0ZV,!브레스-카이도,기본,ReplaceableTextures\CommandButtons\BTNBreathOfFire.blp,맵밖,,std_btnbreathoffire.png,"웹(리포지드 HD, 이름 일치)"
A0ZW,7범위 파마의화살,기본,Model\BTNFuhuaG.blp,못찾음,,,
A0ZW,7범위 파마의화살,연구,ReplaceableTextures\CommandButtons\BTNCheese.blp,맵밖,,std_btncheese.png,"웹(리포지드 HD, 이름 일치)"
A0ZY,테크트리-도박광,기본,ReplaceableTextures\CommandButtons\BTN_Kaido_dragon.blp,맵안,ReplaceableTextures\CommandButtons\BTN_Kaido_dragon.blp,A0Z6_테크트리-연합세력-원본_학습해제.png,원작 맵 안
A0ZY,테크트리-도박광,학습해제,ReplaceableTextures\CommandButtons\BTNk.blp,맵안,ReplaceableTextures\CommandButtons\BTNk.blp,A0Z5_베어폼-카이도용.png,원작 맵 안
A100,A여진,기본,BTNLailley.blp,맵안,BTNLailley.blp,A03V_A룸이속감소1.png,원작 맵 안
A101,!자석 팔,기본,ReplaceableTextures\CommandButtons\BTNGauntletsOfOgrePower.blp,맵밖,,std_btngauntletsofogrepower.png,"웹(리포지드 HD, 이름 일치)"
A102,/자석자석열매-키드초월,기본,ReplaceableTextures\CommandButtons\BTNGatherGold.blp,맵밖,,std_btngathergold.png,"웹(리포지드 HD, 이름 일치)"
A107,$제우스,기본,BTNZuse.blp,맵안,BTNZuse.blp,A107_$제우스.png,원작 맵 안
A108,[조합],기본,BTNking_bird.blp,맵안,BTNking_bird.blp,A108_[조합].png,원작 맵 안
A10A,[조합],기본,BTNking3.blp,맵안,BTNking3.blp,A10A_[조합].png,원작 맵 안
A103,!펑크 바이스,기본,ReplaceableTextures\CommandButtons\BTNDivineShieldOff.blp,맵밖,,std_btndivineshieldoff.png,"웹(리포지드 HD, 이름 일치)"
A10D,A자석자석 열매,기본,ReplaceableTextures\CommandButtons\BTNControlMagic.blp,맵밖,,std_btncontrolmagic.png,"웹(리포지드 HD, 이름 일치)"
A10E,!리펠1,기본,ReplaceableTextures\CommandButtons\BTNCallToArms.blp,맵밖,,std_btncalltoarms.png,"웹(리포지드 HD, 이름 일치)"
A10F,!펑크 깁슨,기본,ReplaceableTextures\CommandButtons\BTNSpiderSilkBroach.blp,맵밖,,std_btnspidersilkbroach.png,"웹(리포지드 HD, 이름 일치)"
A10G,!용용열매-프테라노돈,기본,ReplaceableTextures\CommandButtons\BTNOwlBear.blp,맵밖,,std_btnowlbear.png,"웹(리포지드 HD, 이름 일치)"
A10H,6변신,기본,ReplaceableTextures\CommandButtons\BTN_kaido_form.blp,맵안,ReplaceableTextures\CommandButtons\BTN_kaido_form.blp,A0ZI_6변신1.png,원작 맵 안
A10H,6변신,학습해제,ReplaceableTextures\CommandButtons\BTN_kaido_form.blp,맵안,ReplaceableTextures\CommandButtons\BTN_kaido_form.blp,A0ZI_6변신1.png,원작 맵 안
A10I,#킹 잔혹한 검술,기본,ReplaceableTextures\CommandButtons\BTNOrcCaptureFlag.blp,맵밖,,std_btnorccaptureflag.png,"웹(리포지드 HD, 이름 일치)"
A10K,!처형,기본,ReplaceableTextures\CommandButtons\BTNGrimWard.blp,맵밖,,std_btngrimward.png,"웹(리포지드 HD, 이름 일치)"
A10N,!용용열매-프테라노돈,기본,ReplaceableTextures\CommandButtons\BTNOwlBear.blp,맵밖,,std_btnowlbear.png,"웹(리포지드 HD, 이름 일치)"
A10O,!선제공격-써니호,기본,ReplaceableTextures\CommandButtons\BTNAdvancedFrostTower.blp,맵밖,,std_btnadvancedfrosttower.png,"웹(리포지드 HD, 이름 일치)"
A10P,!화재-리,기본,BTN_King_Skill.blp,맵안,BTN_King_Skill.blp,A10P_!화재-리.png,원작 맵 안
A10S,!감마나이프,기본,BTNLaw_knife.blp,맵안,BTNLaw_knife.blp,A10S_!감마나이프.png,원작 맵 안
A10T,T특성강화,기본,ReplaceableTextures\CommandButtons\BTNStatUp.blp,맵밖,,std_btnstatup.png,"웹(리포지드 HD, 이름 일치)"
A10U,!화재-리,기본,BTN_King_Skill.blp,맵안,BTN_King_Skill.blp,A10P_!화재-리.png,원작 맵 안
A10Y,!레이드 슈트,기본,ReplaceableTextures\CommandButtons\BTNMoonArmor.blp,맵밖,,std_btnmoonarmor.png,"웹(리포지드 HD, 이름 일치)"
A112,!압착,기본,ReplaceableTextures\CommandButtons\BTNHoldPosition.blp,맵밖,,std_btnholdposition.png,"웹(리포지드 HD, 이름 일치)"
A113,!그림자그림자열매-리멕특별,기본,ReplaceableTextures\CommandButtons\BTNBigBadVoodooSpell.blp,맵밖,,std_btnbigbadvoodoospell.png,"웹(리포지드 HD, 이름 일치)"
A113,!그림자그림자열매-리멕특별,학습해제,ReplaceableTextures\CommandButtons\BTNBigBadVoodooSpell.blp,맵밖,,std_btnbigbadvoodoospell.png,"웹(리포지드 HD, 이름 일치)"
A114,!염동력,기본,Model\BTNTatsumaki_skill1.blp,못찾음,,,
A115,[조합]+랜유랜덤,기본,Model\BTNbyakuya_icon.blp,못찾음,,,
A116,A천본앵,기본,Model\BTNbyakuya_skill3.blp,못찾음,,,
A117,!만해-이치고,기본,ReplaceableTextures\PassiveButtons\PASBTNRegenerationAura.blp,맵밖,,std_btnregenerationaura.png,"웹(PASBTN→BTN 같은 그림, 패시브 틀만 다름)"
A119,6변신,기본,BTNChopper_skill.blp,맵안,BTNChopper_skill.blp,A119_6변신.png,원작 맵 안
A11A,!울두건,기본,BTNulti_skill.blp,맵안,BTNulti_skill.blp,A11A_!울두건.png,원작 맵 안
A11B,$천쇄참월,기본,Model\BTNichigo_skill.blp,못찾음,,,
A11D,7범위 영웅체젠,기본,ReplaceableTextures\CommandButtons\BTNHornOfFog.blp,맵밖,,std_btnhornoffog.png,"웹(리포지드 HD, 이름 일치)"
A11D,7범위 영웅체젠,연구,ReplaceableTextures\CommandButtons\BTNCheese.blp,맵밖,,std_btncheese.png,"웹(리포지드 HD, 이름 일치)"
A11G,6변신,기본,BTNChopper_skill.blp,맵안,BTNChopper_skill.blp,A119_6변신.png,원작 맵 안
A11J,T특성강화,기본,ReplaceableTextures\CommandButtons\BTNStatUp.blp,맵밖,,std_btnstatup.png,"웹(리포지드 HD, 이름 일치)"
A11K,7판단력,기본,ReplaceableTextures\CommandButtons\BTNTemp.blp,맵밖,,std_btntemp.png,"웹(리포지드 HD, 이름 일치)"
A11M,!종경백제검,기본,Model\BTN_Byakuya_skill3.blp,못찾음,,,
A11U,신세계광폭화 자기방어력증가1,기본,ReplaceableTextures\CommandButtons\BTNPolymorph.blp,맵밖,,std_btnpolymorph.png,"웹(리포지드 HD, 이름 일치)"
A11W,신세계광폭화 몹체젠증가,기본,ReplaceableTextures\CommandButtons\BTNPolymorph.blp,맵밖,,std_btnpolymorph.png,"웹(리포지드 HD, 이름 일치)"
A11X,8업글 도움소 체젠,기본,ReplaceableTextures\CommandButtons\BTNTreeOfEternity.blp,맵밖,,std_btntreeofeternity.png,"웹(리포지드 HD, 이름 일치)"
A11X,8업글 도움소 체젠,연구,ReplaceableTextures\CommandButtons\BTNCheese.blp,맵밖,,std_btncheese.png,"웹(리포지드 HD, 이름 일치)"
A11Y,!디아블 잠브-검은다리-상초,기본,ReplaceableTextures\CommandButtons\BTNBlackDragonRoost.blp,맵밖,,std_btnblackdragonroost.png,"웹(리포지드 HD, 이름 일치)"
A122,N이동사격,기본,ReplaceableTextures\CommandButtons\BTNBoots.blp,맵밖,,std_btnboots.png,"웹(리포지드 HD, 이름 일치)"
A125,신세계광폭화주변방어력증가,기본,ReplaceableTextures\CommandButtons\BTNPolarFurbolgShaman.blp,맵밖,,std_btnpolarfurbolgshaman.png,"웹(리포지드 HD, 이름 일치)"
A126,신세계광폭화 보스방어력,기본,ReplaceableTextures\CommandButtons\BTNAncientOfTheMoon.blp,맵밖,,std_btnancientofthemoon.png,"웹(리포지드 HD, 이름 일치)"
A129,T특성강화,기본,ReplaceableTextures\CommandButtons\BTNStatUp.blp,맵밖,,std_btnstatup.png,"웹(리포지드 HD, 이름 일치)"
A12A,B!수배지령,기본,BTNYamato.blp,맵안,BTNYamato.blp,A12A_B!수배지령.png,원작 맵 안
A12B,6변신,기본,ReplaceableTextures\CommandButtons\BTNFountainOfLife.blp,맵밖,,std_btnfountainoflife.png,"웹(리포지드 HD, 이름 일치)"
A12C,[조합],기본,Model\BTNTatsumaki.blp,못찾음,,,
A12D,T특성강화,기본,ReplaceableTextures\CommandButtons\BTNStatUp.blp,맵밖,,std_btnstatup.png,"웹(리포지드 HD, 이름 일치)"
A12G,!뇌명 팔괘1,기본,BTNYamato_skill_A.blp,맵안,BTNYamato_skill_A.blp,A12G_!뇌명팔괘1.png,원작 맵 안
A12H,!패황색 휘감기,기본,BTNYamato_skill_B.blp,맵안,BTNYamato_skill_B.blp,A12H_!패황색휘감기.png,원작 맵 안
A12I,T특성강화,기본,ReplaceableTextures\CommandButtons\BTNStatUp.blp,맵밖,,std_btnstatup.png,"웹(리포지드 HD, 이름 일치)"
A12L,!염동 회오리,기본,Model\BTNTatsumaki_skill2.blp,못찾음,,,
A12M,!염동-운석낙하,기본,model\BTNTatsumaki_skill3.blp,못찾음,,,
A12P,A오오구치,기본,ReplaceableTextures\CommandButtons\BTNGhostOfKelThuzad.blp,맵밖,,std_btnghostofkelthuzad.png,"웹(리포지드 HD, 이름 일치)"
A12Q,A이속감소 계열 스킬 이감 이동속도,기본,BTNLailley.blp,맵안,BTNLailley.blp,A03V_A룸이속감소1.png,원작 맵 안
A12R,B화재-패시브방깍,기본,ReplaceableTextures\CommandButtons\BTNCorruptedEnt.blp,맵밖,,std_btncorruptedent.png,"웹(리포지드 HD, 이름 일치)"
A12T,협회수당,기본,ReplaceableTextures\CommandButtons\BTNDustOfAppearance.blp,맵밖,,std_btndustofappearance.png,"웹(리포지드 HD, 이름 일치)"
A12W,!히루루크배쉬,기본,ReplaceableTextures\CommandButtons\BTNHoldPosition.blp,맵밖,,std_btnholdposition.png,"웹(리포지드 HD, 이름 일치)"
A12X,A남은이속,기본,ReplaceableTextures\CommandButtons\BTNThunderLizardSalamander.blp,맵밖,,std_btnthunderlizardsalamander.png,"웹(리포지드 HD, 이름 일치)"
A12Y,!영력,기본,Model\BTN_Kikoyous1.blp,못찾음,,,
A12Z,!파마의 궁술,기본,Model\BTN_kikoyous2.blp,못찾음,,,
A131,A염계,기본,ReplaceableTextures\CommandButtons\BTNDisenchant.blp,맵밖,,std_btndisenchant.png,"웹(리포지드 HD, 이름 일치)"
A133,B파충류,기본,ReplaceableTextures\CommandButtons\BTNThunderLizardSalamander.blp,맵밖,,std_btnthunderlizardsalamander.png,"웹(리포지드 HD, 이름 일치)"
A138,!광분,기본,ReplaceableTextures\CommandButtons\BTNFrostMourne.blp,맵밖,,std_btnfrostmourne.png,"웹(리포지드 HD, 이름 일치)"
A13A,C폭탄마-히루,기본,ReplaceableTextures\CommandButtons\BTNHumanMissileUpOne.blp,맵밖,,std_btnhumanmissileupone.png,"웹(리포지드 HD, 이름 일치)"
A13N,T특성강화,기본,ReplaceableTextures\CommandButtons\BTNStatUp.blp,맵밖,,std_btnstatup.png,"웹(리포지드 HD, 이름 일치)"
A13O,!부유물-돌,기본,BTNsinobu_s1.blp,맵안,BTNsinobu_s1.blp,A0U9_!닌술-수리검.png,원작 맵 안
A13P,!부유물-돌31,기본,BTNsinobu_s1.blp,맵안,BTNsinobu_s1.blp,A0U9_!닌술-수리검.png,원작 맵 안
A13Q,!부유물-돌1,기본,BTNsinobu_s1.blp,맵안,BTNsinobu_s1.blp,A0U9_!닌술-수리검.png,원작 맵 안
A13R,!부유물-돌2,기본,BTNsinobu_s1.blp,맵안,BTNsinobu_s1.blp,A0U9_!닌술-수리검.png,원작 맵 안
A13U,B바닷물 방깎,기본,ReplaceableTextures\CommandButtons\BTNOrbOfFrost.blp,맵밖,,std_btnorboffrost.png,"웹(리포지드 HD, 이름 일치)"
A13W,!비열,기본,BTNTichi_2year2.blp,맵안,BTNTichi_2year2.blp,A13W_!비열.png,원작 맵 안
A13Y,T특성강화,기본,ReplaceableTextures\CommandButtons\BTNStatUp.blp,맵밖,,std_btnstatup.png,"웹(리포지드 HD, 이름 일치)"
A13Z,!아카초 - 지천을 녹이는 열기 - 이감1,기본,BTNLailley.blp,맵안,BTNLailley.blp,A03V_A룸이속감소1.png,원작 맵 안
A142,#해군원수-자신만적용,기본,BTNSengoku.blp,맵안,BTNSengoku.blp,A00M_[조합].png,원작 맵 안
A143,A그림자그림자열매,기본,ReplaceableTextures\CommandButtons\BTNBigBadVoodooSpell.blp,맵밖,,std_btnbigbadvoodoospell.png,"웹(리포지드 HD, 이름 일치)"
A145,!루피초월-광폭화무효화,기본,ReplaceableTextures\CommandButtons\BTNPolymorph.blp,맵밖,,std_btnpolymorph.png,"웹(리포지드 HD, 이름 일치)"
A147,!사자의노래-조로초월1,기본,BTNred.blp,맵안,BTNred.blp,A147_!사자의노래-조로초월1.png,원작 맵 안
A149,!명왕의 검술,기본,ReplaceableTextures\CommandButtons\BTNHoldPosition.blp,맵밖,,std_btnholdposition.png,"웹(리포지드 HD, 이름 일치)"
A14C,!카미카제 랩,기본,ReplaceableTextures\CommandButtons\BTNGhostOfKelThuzad.blp,맵밖,,std_btnghostofkelthuzad.png,"웹(리포지드 HD, 이름 일치)"
A14D,&양분흡수,기본,ReplaceableTextures\CommandButtons\BTNGuldanSkull.blp,맵밖,,std_btnguldanskull.png,"웹(리포지드 HD, 이름 일치)"
A14E,B삼도류 검술-조초,기본,BTNzoro_green.blp,맵안,BTNzoro_green.blp,A14E_B삼도류검술-조초.png,원작 맵 안
A14F,#꺼지지 않는 공포,기본,ReplaceableTextures\CommandButtons\BTNHippogriffRider.blp,맵밖,,std_btnhippogriffrider.png,"웹(리포지드 HD, 이름 일치)"
A14L,6변신1,기본,ReplaceableTextures\CommandButtons\BTNAncientOfTheMoon.blp,맵밖,,std_btnancientofthemoon.png,"웹(리포지드 HD, 이름 일치)"
A14M,!번개 던지기,기본,BTNNika_skill_1.blp,맵안,BTNNika_skill_1.blp,A14M_!번개던지기.png,원작 맵 안
A14N,!부유물-전설,기본,BTNsinobu_s1.blp,맵안,BTNsinobu_s1.blp,A0U9_!닌술-수리검.png,원작 맵 안
A14R,!영혼 포식,기본,ReplaceableTextures\CommandButtons\BTNUrnOfKelThuzad.blp,맵밖,,std_btnurnofkelthuzad.png,"웹(리포지드 HD, 이름 일치)"
A14Y,B숲숲 열매,기본,ReplaceableTextures\CommandButtons\BTNNightElfBuild.blp,맵밖,,std_btnnightelfbuild.png,"웹(리포지드 HD, 이름 일치)"
A14Z,B숲숲 열매,기본,ReplaceableTextures\CommandButtons\BTNNightElfBuild.blp,맵밖,,std_btnnightelfbuild.png,"웹(리포지드 HD, 이름 일치)"
A153,보스주변방어력증가,기본,ReplaceableTextures\CommandButtons\BTNPolarFurbolgShaman.blp,맵밖,,std_btnpolarfurbolgshaman.png,"웹(리포지드 HD, 이름 일치)"
A154,!금증 숲숲,기본,ReplaceableTextures\CommandButtons\BTNEnt.blp,맵밖,,std_btnent.png,"웹(리포지드 HD, 이름 일치)"
A155,!금증 숲숲,기본,ReplaceableTextures\CommandButtons\BTNEnt.blp,맵밖,,std_btnent.png,"웹(리포지드 HD, 이름 일치)"
A156,!천자파동,기본,ReplaceableTextures\CommandButtons\BTNHoldPosition.blp,맵밖,,std_btnholdposition.png,"웹(리포지드 HD, 이름 일치)"
A157,!신시대-라이브,기본,ReplaceableTextures\CommandButtons\BTNuta3.blp,맵안,ReplaceableTextures\CommandButtons\BTNuta3.blp,A157_!신시대-라이브.png,원작 맵 안
A158,!우타월드,기본,Model\BTNUta_Skill_1.blp,못찾음,,,
A159,!음표사출,기본,ReplaceableTextures\CommandButtons\BTNRejuvenationPotion.blp,맵밖,,std_btnrejuvenationpotion.png,"웹(리포지드 HD, 이름 일치)"
A15A,#인과응보,기본,ReplaceableTextures\CommandButtons\BTNRiderlessHorse.blp,맵밖,,std_btnriderlesshorse.png,"웹(리포지드 HD, 이름 일치)"
A15B,!괴승,기본,ReplaceableTextures\CommandButtons\BTNHarpyWitch.blp,맵밖,,std_btnharpywitch.png,"웹(리포지드 HD, 이름 일치)"
A15F,6변신,기본,ReplaceableTextures\CommandButtons\BTNEnt.blp,맵밖,,std_btnent.png,"웹(리포지드 HD, 이름 일치)"
A15G,B숲숲 열매,기본,ReplaceableTextures\CommandButtons\BTNNightElfBuild.blp,맵밖,,std_btnnightelfbuild.png,"웹(리포지드 HD, 이름 일치)"
A15I,&양분흡수,기본,ReplaceableTextures\CommandButtons\BTNGuldanSkull.blp,맵밖,,std_btnguldanskull.png,"웹(리포지드 HD, 이름 일치)"
A15J,!숲가꾸기,기본,ReplaceableTextures\CommandButtons\BTNHippogriffRider.blp,맵밖,,std_btnhippogriffrider.png,"웹(리포지드 HD, 이름 일치)"
A15K,!!!@#항법-연합세력(다상위),기본,ReplaceableTextures\CommandButtons\BTNNightElfCaptureFlag.blp,맵밖,,std_btnnightelfcaptureflag.png,"웹(리포지드 HD, 이름 일치)"
A15K,!!!@#항법-연합세력(다상위),연구,ReplaceableTextures\CommandButtons\BTNNightElfCaptureFlag.blp,맵밖,,std_btnnightelfcaptureflag.png,"웹(리포지드 HD, 이름 일치)"
A15K,!!!@#항법-연합세력(다상위),학습해제,ReplaceableTextures\CommandButtons\BTNNightElfCaptureFlag.blp,맵밖,,std_btnnightelfcaptureflag.png,"웹(리포지드 HD, 이름 일치)"
A15L,!!!@#항법-패왕의길(원딜),기본,ReplaceableTextures\CommandButtons\BTNMetamorphosis.blp,맵밖,,std_btnmetamorphosis.png,"웹(리포지드 HD, 이름 일치)"
A15L,!!!@#항법-패왕의길(원딜),연구,ReplaceableTextures\CommandButtons\BTNMetamorphosis.blp,맵밖,,std_btnmetamorphosis.png,"웹(리포지드 HD, 이름 일치)"
A15L,!!!@#항법-패왕의길(원딜),학습해제,ReplaceableTextures\CommandButtons\BTNMetamorphosis.blp,맵밖,,std_btnmetamorphosis.png,"웹(리포지드 HD, 이름 일치)"
A15M,!!!@#항법-도박광(도박),기본,ReplaceableTextures\CommandButtons\BTNRaider.blp,맵밖,,std_btnraider.png,"웹(리포지드 HD, 이름 일치)"
A15M,!!!@#항법-도박광(도박),연구,ReplaceableTextures\CommandButtons\BTNRaider.blp,맵밖,,std_btnraider.png,"웹(리포지드 HD, 이름 일치)"
A15M,!!!@#항법-도박광(도박),학습해제,ReplaceableTextures\CommandButtons\BTNRaider.blp,맵밖,,std_btnraider.png,"웹(리포지드 HD, 이름 일치)"
A15N,!봉황인,기본,BTNMarco_skill_3.blp,맵안,BTNMarco_skill_3.blp,A15N_!봉황인.png,원작 맵 안
A15O,#고동소리,기본,ReplaceableTextures\CommandButtons\BTNDrum.blp,맵밖,,std_btndrum.png,"웹(리포지드 HD, 이름 일치)"
A15P,!고무고무 열매,기본,ReplaceableTextures\CommandButtons\BTNBearBlink.blp,맵밖,,std_btnbearblink.png,"웹(리포지드 HD, 이름 일치)"
A15S,*아이템,기본,ReplaceableTextures\CommandButtons\BTNHoldPosition.blp,맵밖,,std_btnholdposition.png,"웹(리포지드 HD, 이름 일치)"
A15T,!템포업,기본,Model\BTNUta_Skill_2.blp,못찾음,,,
A15V,8업글,기본,BTNLailley.blp,맵안,BTNLailley.blp,A03V_A룸이속감소1.png,원작 맵 안
A15W,!!!@#항법-도움소 잠그기,기본,ReplaceableTextures\CommandButtons\BTNIceCrownObelisk.blp,맵밖,,std_btnicecrownobelisk.png,"웹(리포지드 HD, 이름 일치)"
A15W,!!!@#항법-도움소 잠그기,연구,ReplaceableTextures\CommandButtons\BTNIceCrownObelisk.blp,맵밖,,std_btnicecrownobelisk.png,"웹(리포지드 HD, 이름 일치)"
A15W,!!!@#항법-도움소 잠그기,학습해제,ReplaceableTextures\CommandButtons\BTNIceCrownObelisk.blp,맵밖,,std_btnicecrownobelisk.png,"웹(리포지드 HD, 이름 일치)"
A15X,!!!@#항법-최고의 도움(도움소 강화),기본,ReplaceableTextures\CommandButtons\BTNResStone.blp,맵밖,,std_btnresstone.png,"웹(리포지드 HD, 이름 일치)"
A15X,!!!@#항법-최고의 도움(도움소 강화),연구,ReplaceableTextures\CommandButtons\BTNResStone.blp,맵밖,,std_btnresstone.png,"웹(리포지드 HD, 이름 일치)"
A15X,!!!@#항법-최고의 도움(도움소 강화),학습해제,ReplaceableTextures\CommandButtons\BTNResStone.blp,맵밖,,std_btnresstone.png,"웹(리포지드 HD, 이름 일치)"
A15Y,!일도류-비룡화염,기본,BTNZoro_Skill_5.blp,맵안,BTNZoro_Skill_5.blp,A15Y_!일도류-비룡화염.png,원작 맵 안
A15Z,!엔마,기본,ReplaceableTextures\CommandButtons\BTNitem_enmma.blp,맵안,ReplaceableTextures\CommandButtons\BTNitem_enmma.blp,A15Z_!엔마.png,원작 맵 안
A162,신세계광폭화 자기방어력증가,기본,ReplaceableTextures\CommandButtons\BTNPolymorph.blp,맵밖,,std_btnpolymorph.png,"웹(리포지드 HD, 이름 일치)"
A164,B숲숲 열매,기본,ReplaceableTextures\CommandButtons\BTNNightElfBuild.blp,맵밖,,std_btnnightelfbuild.png,"웹(리포지드 HD, 이름 일치)"
A166,$거대화(공속),기본,ReplaceableTextures\CommandButtons\BTNReincarnation.blp,맵밖,,std_btnreincarnation.png,"웹(리포지드 HD, 이름 일치)"
A167,8업글-아이템효과 오라1,기본,BTNLailley.blp,맵안,BTNLailley.blp,A03V_A룸이속감소1.png,원작 맵 안
A168,8업글-아이템,기본,ReplaceableTextures\CommandButtons\BTNHumanCaptureFlag.blp,맵밖,,std_btnhumancaptureflag.png,"웹(리포지드 HD, 이름 일치)"
A169,8업글아이템-표식새김2,기본,ReplaceableTextures\CommandButtons\BTNMarksmanship.blp,맵밖,,std_btnmarksmanship.png,"웹(리포지드 HD, 이름 일치)"
A16A,8업글-아이템1,기본,ReplaceableTextures\CommandButtons\BTNAdvancedStrengthOfTheMoon.blp,맵밖,,std_btnadvancedstrengthofthemoon.png,"웹(리포지드 HD, 이름 일치)"
A16B,B!태양의 신 니카,기본,BTNLuffy_Gear_5.blp,맵안,BTNLuffy_Gear_5.blp,A06A_!사람사람열매-니카.png,원작 맵 안
A16C,8업글-아이템효과:가죽장갑,기본,ReplaceableTextures\CommandButtons\BTNGlove.blp,맵밖,,std_btnglove.png,"웹(리포지드 HD, 이름 일치)"
A16E,8업글 보급의료품1,기본,ReplaceableTextures\CommandButtons\BTNPotionGreenSmall.blp,맵밖,,std_btnpotiongreensmall.png,"웹(리포지드 HD, 이름 일치)"
A16E,8업글 보급의료품1,연구,ReplaceableTextures\CommandButtons\BTNCheese.blp,맵밖,,std_btncheese.png,"웹(리포지드 HD, 이름 일치)"
A16G,!정체불명의 병기1,기본,ReplaceableTextures\CommandButtons\BTNIceCrownObelisk.blp,맵밖,,std_btnicecrownobelisk.png,"웹(리포지드 HD, 이름 일치)"
A16I,!절멸,기본,ReplaceableTextures\CommandButtons\BTNIceCrownObelisk.blp,맵밖,,std_btnicecrownobelisk.png,"웹(리포지드 HD, 이름 일치)"
A16J,B!살벌함,기본,ReplaceableTextures\CommandButtons\BTNHeadhunter.blp,맵밖,,std_btnheadhunter.png,"웹(리포지드 HD, 이름 일치)"
A16L,!화이트아웃,기본,ReplaceableTextures\CommandButtons\BTNHornOfDoom.blp,맵밖,,std_btnhornofdoom.png,"웹(리포지드 HD, 이름 일치)"
A16M,8업글-아이템효과:우타의 마이크,기본,ReplaceableTextures\CommandButtons\BTNItem-head.blp,맵안,ReplaceableTextures\CommandButtons\BTNItem-head.blp,A16M_8업글-아이템효과우타의마이크.png,원작 맵 안
A16N,8업글 약주,기본,ReplaceableTextures\CommandButtons\BTNPotionOfRestoration.blp,맵밖,,std_btnpotionofrestoration.png,"웹(리포지드 HD, 이름 일치)"
A16N,8업글 약주,연구,ReplaceableTextures\CommandButtons\BTNCheese.blp,맵밖,,std_btncheese.png,"웹(리포지드 HD, 이름 일치)"
A16P,!포격지원,기본,ReplaceableTextures\CommandButtons\BTNDwarvenLongRifle.blp,맵밖,,std_btndwarvenlongrifle.png,"웹(리포지드 HD, 이름 일치)"
A16T,A룸 우타월드,기본,Model\BTNUta_Skill_1.blp,못찾음,,,
A16U,$가희,기본,ReplaceableTextures\CommandButtons\BTNuta1.blp,맵안,ReplaceableTextures\CommandButtons\BTNuta1.blp,A16U_$가희.png,원작 맵 안
A16V,#우타월드-공증,기본,Model\BTNodeng_skill3,못찾음,,,
A16X,!노래노래열매-방무뎀,기본,Model\BTNUta_Skill_2.blp,못찾음,,,
A16Y,8업글-아이템,기본,ReplaceableTextures\CommandButtons\BTNPeriapt.blp,맵밖,,std_btnperiapt.png,"웹(리포지드 HD, 이름 일치)"
A16Z,8아이템 폐함대선 판매,기본,ReplaceableTextures\CommandButtons\BTNHumanDestroyer.blp,맵밖,,std_btnhumandestroyer.png,"웹(리포지드 HD, 이름 일치)"
A170,8업글아이템-슈스이,기본,ReplaceableTextures\CommandButtons\BTNMarksmanship.blp,맵밖,,std_btnmarksmanship.png,"웹(리포지드 HD, 이름 일치)"
A171,3범위 아이템용,기본,ReplaceableTextures\CommandButtons\BTNHumanDestroyer.blp,맵밖,,std_btnhumandestroyer.png,"웹(리포지드 HD, 이름 일치)"
A172,6변신,기본,ReplaceableTextures\CommandButtons\BTNMarco_skill_2.blp,맵안,ReplaceableTextures\CommandButtons\BTNMarco_skill_2.blp,A172_6변신.png,원작 맵 안
A172,6변신,학습해제,ReplaceableTextures\CommandButtonsdisabled\DISBTNMarco_skill_2.blp,맵안,ReplaceableTextures\CommandButtonsdisabled\DISBTNMarco_skill_2.blp,A172_6변신_학습해제.png,원작 맵 안
A173,A풍압,기본,ReplaceableTextures\CommandButtons\BTNWarEagle.blp,맵밖,,std_btnwareagle.png,"웹(리포지드 HD, 이름 일치)"
A174,7범위 봉리력,기본,BTNMarco_skill_4.blp,맵안,BTNMarco_skill_4.blp,A174_7범위봉리력.png,원작 맵 안
A174,7범위 봉리력,연구,ReplaceableTextures\CommandButtons\BTNCheese.blp,맵밖,,std_btncheese.png,"웹(리포지드 HD, 이름 일치)"
A175,!불사조불사조열매1,기본,ReplaceableTextures\CommandButtons\BTNMarkOfFire.blp,맵밖,,std_btnmarkoffire.png,"웹(리포지드 HD, 이름 일치)"
A176,2범위 불사조팬옵나 마르코 제한,기본,BTNOZ.blp,맵안,BTNOZ.blp,A08I_!팬오브나이츠계열.png,원작 맵 안
A178,!아이템-불사조의흔적,기본,ReplaceableTextures\CommandButtons\BTNTempleOfTheDamned.blp,맵밖,,std_btntempleofthedamned.png,"웹(리포지드 HD, 이름 일치)"
A17C,테크트리-패왕의길,기본,ReplaceableTextures\CommandButtonsdisabled\DISBTN_Kaido_dragon.blp,맵안,ReplaceableTextures\CommandButtonsdisabled\DISBTN_Kaido_dragon.blp,A0Z6_테크트리-연합세력-원본.png,원작 맵 안
A17C,테크트리-패왕의길,학습해제,ReplaceableTextures\CommandButtons\BTN_Kaido_dragon.blp,맵안,ReplaceableTextures\CommandButtons\BTN_Kaido_dragon.blp,A0Z6_테크트리-연합세력-원본_학습해제.png,원작 맵 안
A17D,테크트리-최고의서폿,기본,ReplaceableTextures\CommandButtonsdisabled\DISBTN_Kaido_dragon.blp,맵안,ReplaceableTextures\CommandButtonsdisabled\DISBTN_Kaido_dragon.blp,A0Z6_테크트리-연합세력-원본.png,원작 맵 안
A17D,테크트리-최고의서폿,학습해제,ReplaceableTextures\CommandButtons\BTN_Kaido_dragon.blp,맵안,ReplaceableTextures\CommandButtons\BTN_Kaido_dragon.blp,A0Z6_테크트리-연합세력-원본_학습해제.png,원작 맵 안
A17E,테크트리-노도움,기본,ReplaceableTextures\CommandButtonsdisabled\DISBTN_Kaido_dragon.blp,맵안,ReplaceableTextures\CommandButtonsdisabled\DISBTN_Kaido_dragon.blp,A0Z6_테크트리-연합세력-원본.png,원작 맵 안
A17E,테크트리-노도움,학습해제,ReplaceableTextures\CommandButtons\BTN_Kaido_dragon.blp,맵안,ReplaceableTextures\CommandButtons\BTN_Kaido_dragon.blp,A0Z6_테크트리-연합세력-원본_학습해제.png,원작 맵 안
A17I,!토트 무지카,기본,model\BTN_tot,못찾음,,,
A17K,!불사조의 불꽃,기본,BTNMarco_skill_1.blp,맵안,BTNMarco_skill_1.blp,A17K_!불사조의불꽃.png,원작 맵 안
A17M,8업글 불사조의깃털,기본,ReplaceableTextures\CommandButtons\BTNPotionGreenSmall.blp,맵밖,,std_btnpotiongreensmall.png,"웹(리포지드 HD, 이름 일치)"
A17M,8업글 불사조의깃털,연구,ReplaceableTextures\CommandButtons\BTNCheese.blp,맵밖,,std_btncheese.png,"웹(리포지드 HD, 이름 일치)"
A17O,!댐드펑크,기본,BTN_Kid_Skill.blp,맵안,BTN_Kid_Skill.blp,A17O_!댐드펑크.png,원작 맵 안
A17Q,위습꾸러미,기본,ReplaceableTextures\CommandButtons\BTNAnkh.blp,맵밖,,std_btnankh.png,"웹(리포지드 HD, 이름 일치)"
A17R,8업글-아이템효과 오라,기본,BTNLailley.blp,맵안,BTNLailley.blp,A03V_A룸이속감소1.png,원작 맵 안
A17S,A덩쿨 뿌리,기본,ReplaceableTextures\CommandButtons\BTNHippogriffRider.blp,맵밖,,std_btnhippogriffrider.png,"웹(리포지드 HD, 이름 일치)"
