에셋 경로,종류,원작 능력 코드,원작 능력 이름,찾은 방법,아이콘 경로(원작),맵안/밖,png(~/GRD_skill_icons/),그림 출처,대체 후보,확신도
Assets/Data/UnitSkills/SkillData_게이트_랜덤_모몬가_ff8bed43.asset,게이트,A0YB,!이기어검,아이콘 있는 코드 없음 → 유닛 uid h09K(옌 - 랜덤전용)의 대표 능력,Model\BTNEn_skill1,못찾음,,,,낮음
Assets/Data/UnitSkills/SkillData_게이트_랜덤_미도리야_이즈쿠_079f80a5.asset,게이트,A0YZ,!총알세례,아이콘 있는 코드 없음 → 유닛 uid h0AC(마운틴.D.히그마 - 랜덤전용)의 대표 능력,ReplaceableTextures\CommandButtons\BTN_Higma_s.blp,맵안,A0YZ_!총알세례.png,원작 맵 안,,낮음
Assets/Data/UnitSkills/SkillData_게이트_랜덤_미도리야_이즈쿠_2c7de21c.asset,게이트,A0YZ,!총알세례,아이콘 있는 코드 없음 → 유닛 uid h0AC(마운틴.D.히그마 - 랜덤전용)의 대표 능력,ReplaceableTextures\CommandButtons\BTN_Higma_s.blp,맵안,A0YZ_!총알세례.png,원작 맵 안,,낮음
Assets/Data/UnitSkills/SkillData_게이트_랜덤_손오공_948ad1b7.asset,게이트,A0ZD,D스키마,아이콘 있는 코드 없음 → 유닛 uid h0A6(야쿠모 유카리 - 랜덤전용[제)의 대표 능력,Model\BTNYukari_Skill4.blp,못찾음,,,,낮음
Assets/Data/UnitSkills/SkillData_게이트_랜덤_이민형_4266b6e3.asset,게이트,A12T,협회수당,아이콘 있는 코드 없음 → 유닛 uid h0BC(타츠마키 - 랜덤전용[제한됨])의 대표 능력,ReplaceableTextures\CommandButtons\BTNDustOfAppearance.blp,맵밖,std_btndustofappearance.png,"웹(리포지드 HD, 이름 일치)",,낮음
Assets/Data/UnitSkills/SkillData_게이트_랜덤_이즈미_신이치_351a0f00.asset,게이트,A0ZW,7범위 파마의화살,아이콘 있는 코드 없음 → 유닛 uid h0BF(키쿄우 - 랜덤전용[제한됨])의 대표 능력,Model\BTNFuhuaG.blp,못찾음,,,,낮음
Assets/Data/UnitSkills/SkillData_게이트_랜덤_이즈미_신이치_41677101.asset,게이트,A0ZW,7범위 파마의화살,아이콘 있는 코드 없음 → 유닛 uid h0BF(키쿄우 - 랜덤전용[제한됨])의 대표 능력,Model\BTNFuhuaG.blp,못찾음,,,,낮음
Assets/Data/UnitSkills/SkillData_게이트_랜덤_이즈미_신이치_61743e88.asset,게이트,A0ZW,7범위 파마의화살,아이콘 있는 코드 없음 → 유닛 uid h0BF(키쿄우 - 랜덤전용[제한됨])의 대표 능력,Model\BTNFuhuaG.blp,못찾음,,,,낮음
Assets/Data/UnitSkills/SkillData_게이트_랜덤_이즈미_신이치_d3498c23.asset,게이트,A0ZW,7범위 파마의화살,아이콘 있는 코드 없음 → 유닛 uid h0BF(키쿄우 - 랜덤전용[제한됨])의 대표 능력,Model\BTNFuhuaG.blp,못찾음,,,,낮음
Assets/Data/UnitSkills/SkillData_게이트_랜덤_이타도리_유지_18aa2343.asset,게이트,A0XQ,!비뢰신 이의 단,아이콘 있는 코드 없음 → 유닛 uid h09W(나미카제 미나토 - 랜덤전용[)의 대표 능력,ReplaceableTextures\CommandButtons\BTNOrbOfLightning.blp,맵밖,std_btnorboflightning.png,"웹(리포지드 HD, 이름 일치)",,낮음
Assets/Data/UnitSkills/SkillData_게이트_랜덤_이타도리_유지_84bf5e76.asset,게이트,,,코드·트리거·uid를 못 찾음,,아이콘없음,,,,없음
Assets/Data/UnitSkills/SkillData_게이트_랜덤_이타도리_유지_a8343962.asset,게이트,A0XQ,!비뢰신 이의 단,아이콘 있는 코드 없음 → 유닛 uid h09W(나미카제 미나토 - 랜덤전용[)의 대표 능력,ReplaceableTextures\CommandButtons\BTNOrbOfLightning.blp,맵밖,std_btnorboflightning.png,"웹(리포지드 HD, 이름 일치)",,낮음
Assets/Data/UnitSkills/SkillData_게이트_랜덤_주호페이크_3a13fd3d.asset,게이트,A0XT,[조합],아이콘 있는 코드 없음 → 유닛 uid h09L(이치의 율자 - 랜덤전용)의 대표 능력,Model\BTNBronyaD.blp,못찾음,,,,낮음
Assets/Data/UnitSkills/SkillData_게이트_랜덤_카마도_탄지로_3c5f8bd9.asset,게이트,A0YJ,!은폐나이프-료우기,아이콘 있는 코드 없음 → 유닛 uid h0A2(료우기 시키 - 랜덤전용[제한)의 대표 능력,Model\BTNRYougiQ,못찾음,,,,낮음
Assets/Data/UnitSkills/SkillData_게이트_랜덤_카마도_탄지로_Skill_3_double.asset,게이트,A0YJ,!은폐나이프-료우기,아이콘 있는 코드 없음 → 유닛 uid h0A2(료우기 시키 - 랜덤전용[제한)의 대표 능력,Model\BTNRYougiQ,못찾음,,,,낮음
Assets/Data/UnitSkills/SkillData_게이트_랜덤_카마도_탄지로_Skill_3_triple.asset,게이트,A0YJ,!은폐나이프-료우기,아이콘 있는 코드 없음 → 유닛 uid h0A2(료우기 시키 - 랜덤전용[제한)의 대표 능력,Model\BTNRYougiQ,못찾음,,,,낮음
Assets/Data/UnitSkills/SkillData_게이트_랜덤_카마도_탄지로_d370bb23.asset,게이트,A0YJ,!은폐나이프-료우기,아이콘 있는 코드 없음 → 유닛 uid h0A2(료우기 시키 - 랜덤전용[제한)의 대표 능력,Model\BTNRYougiQ,못찾음,,,,낮음
Assets/Data/UnitSkills/SkillData_게이트_랜덤_카마도_탄지로_ff8bed43.asset,게이트,A0YJ,!은폐나이프-료우기,아이콘 있는 코드 없음 → 유닛 uid h0A2(료우기 시키 - 랜덤전용[제한)의 대표 능력,Model\BTNRYougiQ,못찾음,,,,낮음
Assets/Data/UnitSkills/SkillData_게이트_랜덤_한마_바키_355f5d39.asset,게이트,A11M,!종경백제검,아이콘 있는 코드 없음 → 유닛 uid h08I(쿠치키 뱌쿠야 - 랜덤전용[제)의 대표 능력,Model\BTN_Byakuya_skill3.blp,못찾음,,,,낮음
Assets/Data/UnitSkills/SkillData_게이트_랜덤_한마_바키_9ffa9c45.asset,게이트,A11M,!종경백제검,아이콘 있는 코드 없음 → 유닛 uid h08I(쿠치키 뱌쿠야 - 랜덤전용[제)의 대표 능력,Model\BTN_Byakuya_skill3.blp,못찾음,,,,낮음
Assets/Data/UnitSkills/SkillData_게이트_랜덤_호시노_아이_33bd8aa4.asset,게이트,A0XE,!이성의 창조물,아이콘 있는 코드 없음 → 유닛 uid h09N(부릉냐 - 랜덤전용[제한됨])의 대표 능력,model\BTNBronyaR.blp,못찾음,,,,낮음
Assets/Data/UnitSkills/SkillData_게이트_랜덤_호시노_아이_3a13fd3d.asset,게이트,A0XE,!이성의 창조물,아이콘 있는 코드 없음 → 유닛 uid h09N(부릉냐 - 랜덤전용[제한됨])의 대표 능력,model\BTNBronyaR.blp,못찾음,,,,낮음
Assets/Data/UnitSkills/SkillData_게이트_랜덤_호시노_아이_55b5cff0.asset,게이트,A0XE,!이성의 창조물,아이콘 있는 코드 없음 → 유닛 uid h09N(부릉냐 - 랜덤전용[제한됨])의 대표 능력,model\BTNBronyaR.blp,못찾음,,,,낮음
Assets/Data/UnitSkills/SkillData_게이트_변화됨_강재규_5c20b80f.asset,게이트,A0RL,!달의 사자-스론,아이콘 있는 코드 없음 → 유닛 uid h07J(캐럿 스론 달의 사자 - 변화)의 대표 능력,BTNCarrot.blp,맵안,A0RL_!달의사자-스론.png,원작 맵 안,,낮음
Assets/Data/UnitSkills/SkillData_게이트_변화됨_김건_355f5d39.asset,게이트,,,아이콘 있는 코드 없음 → 유닛 uid h077(간부 파견 해군 - 변화된)의 대표 능력,,아이콘없음,,,,없음
Assets/Data/UnitSkills/SkillData_게이트_변화됨_박은석_8eab1c6f.asset,게이트,A131,A염계,아이콘 있는 코드 없음 → 유닛 uid h05V(포트거스.D.에이스 스페이드 )의 대표 능력,ReplaceableTextures\CommandButtons\BTNDisenchant.blp,맵밖,std_btndisenchant.png,"웹(리포지드 HD, 이름 일치)",,낮음
Assets/Data/UnitSkills/SkillData_게이트_변화됨_박은석_9ffa9c45.asset,게이트,,,코드·트리거·uid를 못 찾음,,아이콘없음,,,,없음
Assets/Data/UnitSkills/SkillData_게이트_변화됨_최상호_9ffa9c45.asset,게이트,,,코드·트리거·uid를 못 찾음,,아이콘없음,,,,없음
Assets/Data/UnitSkills/SkillData_게이트_불멸_고도현_caa364ec.asset,게이트,A100,A여진,코드 description에서,BTNLailley.blp,맵안,A03V_A룸이속감소1.png,원작 맵 안,,보통
Assets/Data/UnitSkills/SkillData_게이트_불멸_김용태_55b5cff0.asset,게이트,,,코드·트리거·uid를 못 찾음,,아이콘없음,,,,없음
Assets/Data/UnitSkills/SkillData_게이트_불멸_김용태_57c27e37.asset,게이트,,,코드·트리거·uid를 못 찾음,,아이콘없음,,,,없음
Assets/Data/UnitSkills/SkillData_게이트_불멸_박은석_Z_Attack_B06B.asset,게이트,A0OT,!다이나 스톤-제불,"아이콘 있는 코드 없음 → 유닛 uid h04G(제트 해군 스승 ""Z"" - 불)의 대표 능력",ReplaceableTextures\CommandButtons\BTNRejuvPotion.blp,맵밖,std_btnrejuvpotion.png,"웹(리포지드 HD, 이름 일치)",,낮음
Assets/Data/UnitSkills/SkillData_게이트_불멸_박은석_Z_Skill_Mana.asset,게이트,A0OT,!다이나 스톤-제불,"아이콘 있는 코드 없음 → 유닛 uid h04G(제트 해군 스승 ""Z"" - 불)의 대표 능력",ReplaceableTextures\CommandButtons\BTNRejuvPotion.blp,맵밖,std_btnrejuvpotion.png,"웹(리포지드 HD, 이름 일치)",,낮음
Assets/Data/UnitSkills/SkillData_게이트_불멸_신지우_84bf5e76.asset,게이트,,,코드·트리거·uid를 못 찾음,,아이콘없음,,,,없음
Assets/Data/UnitSkills/SkillData_게이트_불멸_신지우_d33a6a78.asset,게이트,,,코드·트리거·uid를 못 찾음,,아이콘없음,,,,없음
Assets/Data/UnitSkills/SkillData_게이트_불멸_이승우_Garp_AttackDamage_1of10.asset,게이트,,,코드·트리거·uid를 못 찾음,,아이콘없음,,,,없음
Assets/Data/UnitSkills/SkillData_게이트_불멸_이승우_Garp_B005.asset,게이트,,,코드·트리거·uid를 못 찾음,,아이콘없음,,,,없음
Assets/Data/UnitSkills/SkillData_게이트_불멸_이승우_Garp_B005_open.asset,게이트,A0FU,!주먹의거프-거불,아이콘 있는 코드 없음 → 트리거 Garp_Attack(몽키.D.거프 해군영웅 주먹의)의 대표 능력,BTNGarp_IM.blp,맵안,A0FU_!주먹의거프-거불.png,원작 맵 안,,낮음
Assets/Data/UnitSkills/SkillData_게이트_영원_김영원_5a6f48de.asset,게이트,A0J8,!패왕색의패기 -핸콕,아이콘 있는 코드 없음 → 유닛 uid h05C('아마존릴리의 여제'  보아 )의 대표 능력,ReplaceableTextures\CommandButtons\BTNMoonStone.blp,맵밖,std_btnmoonstone.png,"웹(리포지드 HD, 이름 일치)",,낮음
Assets/Data/UnitSkills/SkillData_게이트_영원_김영원_86ef2902.asset,게이트,A0J8,!패왕색의패기 -핸콕,아이콘 있는 코드 없음 → 유닛 uid h05C('아마존릴리의 여제'  보아 )의 대표 능력,ReplaceableTextures\CommandButtons\BTNMoonStone.blp,맵밖,std_btnmoonstone.png,"웹(리포지드 HD, 이름 일치)",,낮음
Assets/Data/UnitSkills/SkillData_게이트_영원_김영원_b3948c74.asset,게이트,,,코드·트리거·uid를 못 찾음,,아이콘없음,,,,없음
Assets/Data/UnitSkills/SkillData_게이트_영원_김정래_Uta_skill_1.asset,게이트,A16U,$가희,아이콘 있는 코드 없음 → 유닛 uid h067(세계의 가희 우타 - 영원한)의 대표 능력,ReplaceableTextures\CommandButtons\BTNuta1.blp,맵안,A16U_$가희.png,원작 맵 안,,낮음
Assets/Data/UnitSkills/SkillData_게이트_영원_김정래_Uta_skill_3_Tots.asset,게이트,A16U,$가희,아이콘 있는 코드 없음 → 유닛 uid h067(세계의 가희 우타 - 영원한)의 대표 능력,ReplaceableTextures\CommandButtons\BTNuta1.blp,맵안,A16U_$가희.png,원작 맵 안,,낮음
Assets/Data/UnitSkills/SkillData_게이트_영원_김정래_a22567e4.asset,게이트,A16U,$가희,아이콘 있는 코드 없음 → 유닛 uid h067(세계의 가희 우타 - 영원한)의 대표 능력,ReplaceableTextures\CommandButtons\BTNuta1.blp,맵안,A16U_$가희.png,원작 맵 안,,낮음
Assets/Data/UnitSkills/SkillData_게이트_영원_김정래_ff8bed43.asset,게이트,,,코드·트리거·uid를 못 찾음,,아이콘없음,,,,없음
Assets/Data/UnitSkills/SkillData_게이트_영원_서민성_948ad1b7.asset,게이트,A0YF,!오뎅 이도류,아이콘 있는 코드 없음 → 유닛 uid h08R(참된 호걸 코즈키 오뎅 - 영)의 대표 능력,Model\BTNodeng_skill1,못찾음,,,,낮음
Assets/Data/UnitSkills/SkillData_게이트_영원_서민성_Odeng_Attack_1of14.asset,게이트,A0YF,!오뎅 이도류,아이콘 있는 코드 없음 → 유닛 uid h08R(참된 호걸 코즈키 오뎅 - 영)의 대표 능력,Model\BTNodeng_skill1,못찾음,,,,낮음
Assets/Data/UnitSkills/SkillData_게이트_영원_서민성_Odeng_Attack_every.asset,게이트,A0YF,!오뎅 이도류,아이콘 있는 코드 없음 → 유닛 uid h08R(참된 호걸 코즈키 오뎅 - 영)의 대표 능력,Model\BTNodeng_skill1,못찾음,,,,낮음
Assets/Data/UnitSkills/SkillData_게이트_영원_서민성_b5c9b49a.asset,게이트,A0YF,!오뎅 이도류,아이콘 있는 코드 없음 → 유닛 uid h08R(참된 호걸 코즈키 오뎅 - 영)의 대표 능력,Model\BTNodeng_skill1,못찾음,,,,낮음
Assets/Data/UnitSkills/SkillData_게이트_영원_윤현모_Ace_Attack_1of8.asset,게이트,A0IK,!불기둥,아이콘 있는 코드 없음 → 유닛 uid h059('화권의' 포트거스.D.에이스)의 대표 능력,ReplaceableTextures\CommandButtons\BTNSelfDestructOn.blp,맵밖,std_btnselfdestructon.png,"웹(리포지드 HD, 이름 일치)",,낮음
Assets/Data/UnitSkills/SkillData_게이트_영원_윤현모_aa9cf1bd.asset,게이트,A0IK,!불기둥,아이콘 있는 코드 없음 → 유닛 uid h059('화권의' 포트거스.D.에이스)의 대표 능력,ReplaceableTextures\CommandButtons\BTNSelfDestructOn.blp,맵밖,std_btnselfdestructon.png,"웹(리포지드 HD, 이름 일치)",,낮음
Assets/Data/UnitSkills/SkillData_게이트_영원_윤현모_d319dd11.asset,게이트,A0IK,!불기둥,아이콘 있는 코드 없음 → 유닛 uid h059('화권의' 포트거스.D.에이스)의 대표 능력,ReplaceableTextures\CommandButtons\BTNSelfDestructOn.blp,맵밖,std_btnselfdestructon.png,"웹(리포지드 HD, 이름 일치)",,낮음
Assets/Data/UnitSkills/SkillData_게이트_영원_이지원_3ba504d5.asset,게이트,A14M,!번개 던지기,아이콘 있는 코드 없음 → 유닛 uid H0BK(태양의신-니카)의 대표 능력,BTNNika_skill_1.blp,맵안,A14M_!번개던지기.png,원작 맵 안,,낮음
Assets/Data/UnitSkills/SkillData_게이트_영원_이지원_B078_18.asset,게이트,A14M,!번개 던지기,아이콘 있는 코드 없음 → 유닛 uid H0BK(태양의신-니카)의 대표 능력,BTNNika_skill_1.blp,맵안,A14M_!번개던지기.png,원작 맵 안,,낮음
Assets/Data/UnitSkills/SkillData_게이트_영원_이지원_B078_82.asset,게이트,A14M,!번개 던지기,아이콘 있는 코드 없음 → 유닛 uid H0BK(태양의신-니카)의 대표 능력,BTNNika_skill_1.blp,맵안,A14M_!번개던지기.png,원작 맵 안,,낮음
Assets/Data/UnitSkills/SkillData_게이트_영원_이지원_Mana150.asset,게이트,A14M,!번개 던지기,아이콘 있는 코드 없음 → 유닛 uid H0BK(태양의신-니카)의 대표 능력,BTNNika_skill_1.blp,맵안,A14M_!번개던지기.png,원작 맵 안,,낮음
Assets/Data/UnitSkills/SkillData_게이트_영원_이지원_Punch_4.asset,게이트,A14M,!번개 던지기,아이콘 있는 코드 없음 → 유닛 uid H0BK(태양의신-니카)의 대표 능력,BTNNika_skill_1.blp,맵안,A14M_!번개던지기.png,원작 맵 안,,낮음
Assets/Data/UnitSkills/SkillData_게이트_영원_이지원_Punch_40.asset,게이트,A14M,!번개 던지기,아이콘 있는 코드 없음 → 유닛 uid H0BK(태양의신-니카)의 대표 능력,BTNNika_skill_1.blp,맵안,A14M_!번개던지기.png,원작 맵 안,,낮음
Assets/Data/UnitSkills/SkillData_게이트_영원_최상호_Cavendish_else.asset,게이트,A0EC,B미공자,아이콘 있는 코드 없음 → 유닛 uid h05B(해적왕자-롬멜의 카마이타치 카)의 대표 능력,BTNcabu.blp,맵안,A0EC_B미공자.png,원작 맵 안,,낮음
Assets/Data/UnitSkills/SkillData_게이트_영원_최상호_MIhawk_Mana.asset,게이트,A0HP,A매의눈,아이콘 있는 코드 없음 → 유닛 uid h058(세계 최강의 대검호 쥬라클 미)의 대표 능력,BTNMihawkicon1.blp,맵안,A0HP_A매의눈.png,원작 맵 안,,낮음
Assets/Data/UnitSkills/SkillData_게이트_영원_최상호_a8343962.asset,게이트,A0EC,B미공자,아이콘 있는 코드 없음 → 유닛 uid h05B(해적왕자-롬멜의 카마이타치 카)의 대표 능력,BTNcabu.blp,맵안,A0EC_B미공자.png,원작 맵 안,,낮음
Assets/Data/UnitSkills/SkillData_게이트_전설적인_김건_03847fe6.asset,게이트,A11A,!울두건,아이콘 있는 코드 없음 → 유닛 uid h03S(울티 토비롯포 - 전설적인)의 대표 능력,BTNulti_skill.blp,맵안,A11A_!울두건.png,원작 맵 안,,낮음
Assets/Data/UnitSkills/SkillData_게이트_전설적인_김민준_483e0464.asset,게이트,A0Y1,#수호자 나리,아이콘 있는 코드 없음 → 유닛 uid h09Z(네코마무시 밤의 왕 - 전설적)의 대표 능력,BTNNeco.blp,맵안,A0XS_[조합].png,원작 맵 안,,낮음
Assets/Data/UnitSkills/SkillData_게이트_전설적인_김민준_Legend32_1of7.asset,게이트,A0Y1,#수호자 나리,아이콘 있는 코드 없음 → 유닛 uid h09Z(네코마무시 밤의 왕 - 전설적)의 대표 능력,BTNNeco.blp,맵안,A0XS_[조합].png,원작 맵 안,,낮음
Assets/Data/UnitSkills/SkillData_게이트_전설적인_김민준_Legend32_every.asset,게이트,,,코드·트리거·uid를 못 찾음,,아이콘없음,,,,없음
Assets/Data/UnitSkills/SkillData_게이트_전설적인_김정래_3a13fd3d.asset,게이트,A0UF,$영주 대리,아이콘 있는 코드 없음 → 유닛 uid h087(아마츠키 토키 시간 여행자 -)의 대표 능력,BTNtoki_skill.blp,맵안,A0UF_$영주대리.png,원작 맵 안,,낮음
Assets/Data/UnitSkills/SkillData_게이트_전설적인_이현주_0e5cf375.asset,게이트,A05S,!매료매료 열매,아이콘 있는 코드 없음 → 유닛 uid h032(보아 핸콕 쿠사 해적단 선장 )의 대표 능력,ReplaceableTextures\CommandButtons\BTNSnazzyPotion.blp,맵밖,std_btnsnazzypotion.png,"웹(리포지드 HD, 이름 일치)",,낮음
Assets/Data/UnitSkills/SkillData_게이트_전설적인_임건웅_87ed0ff5.asset,게이트,A0DW,!핑크 호넷,아이콘 있는 코드 없음 → 유닛 uid h033(빈스모크 레이쥬 포이즌 핑크 )의 대표 능력,ReplaceableTextures\CommandButtons\BTNSoulGem.blp,맵밖,std_btnsoulgem.png,"웹(리포지드 HD, 이름 일치)",,낮음
Assets/Data/UnitSkills/SkillData_게이트_전설적인_임건웅_9ffa9c45.asset,게이트,A0DW,!핑크 호넷,아이콘 있는 코드 없음 → 유닛 uid h033(빈스모크 레이쥬 포이즌 핑크 )의 대표 능력,ReplaceableTextures\CommandButtons\BTNSoulGem.blp,맵밖,std_btnsoulgem.png,"웹(리포지드 HD, 이름 일치)",,낮음
Assets/Data/UnitSkills/SkillData_게이트_전설적인_임장혁_3a13fd3d.asset,게이트,A0UF,$영주 대리,아이콘 있는 코드 없음 → 유닛 uid h087(아마츠키 토키 시간 여행자 -)의 대표 능력,BTNtoki_skill.blp,맵안,A0UF_$영주대리.png,원작 맵 안,,낮음
Assets/Data/UnitSkills/SkillData_게이트_전설적인_임채민_355f5d39.asset,게이트,,,코드·트리거·uid를 못 찾음,,아이콘없음,,,,없음
Assets/Data/UnitSkills/SkillData_게이트_전설적인_임채현_03847fe6.asset,게이트,A11A,!울두건,아이콘 있는 코드 없음 → 유닛 uid h03S(울티 토비롯포 - 전설적인)의 대표 능력,BTNulti_skill.blp,맵안,A11A_!울두건.png,원작 맵 안,,낮음
Assets/Data/UnitSkills/SkillData_게이트_전설적인_정윤식_355f5d39.asset,게이트,A055,!모리아전설 쉐도우 아스가르드1,아이콘 있는 코드 없음 → 유닛 uid h02N(겟코 모리아 쉐도우 아스가르드)의 대표 능력,BTNMoriaAsgard.blp,맵안,A01G_[조합].png,원작 맵 안,,낮음
Assets/Data/UnitSkills/SkillData_게이트_전설적인_정준영_3a13fd3d.asset,게이트,A0PQ,!강철을 벤 사나이,아이콘 있는 코드 없음 → 유닛 uid h02S(롤로노아 조로 죽음의경지'사자)의 대표 능력,ReplaceableTextures\CommandButtons\BTNTrueShot.blp,맵밖,std_btntrueshot.png,"웹(리포지드 HD, 이름 일치)",,낮음
Assets/Data/UnitSkills/SkillData_게이트_전설적인_진연서_483e0464.asset,게이트,A0Y1,#수호자 나리,아이콘 있는 코드 없음 → 유닛 uid h09Z(네코마무시 밤의 왕 - 전설적)의 대표 능력,BTNNeco.blp,맵안,A0XS_[조합].png,원작 맵 안,,낮음
Assets/Data/UnitSkills/SkillData_게이트_전설적인_진연서_Legend32_1of7.asset,게이트,A0Y1,#수호자 나리,아이콘 있는 코드 없음 → 유닛 uid h09Z(네코마무시 밤의 왕 - 전설적)의 대표 능력,BTNNeco.blp,맵안,A0XS_[조합].png,원작 맵 안,,낮음
Assets/Data/UnitSkills/SkillData_게이트_전설적인_진연서_Legend32_every.asset,게이트,,,코드·트리거·uid를 못 찾음,,아이콘없음,,,,없음
Assets/Data/UnitSkills/SkillData_게이트_전설적인_최상호_355f5d39.asset,게이트,A0SY,!지진강타-흰전,아이콘 있는 코드 없음 → 유닛 uid h03B(에드워드 뉴게이트 '사황' 흰)의 대표 능력,moon_shin_bhztx.blp,맵안,A0CZ_!지진강타-흰불.png,원작 맵 안,,낮음
Assets/Data/UnitSkills/SkillData_게이트_전설적인_홍인창_Legend26_LIFE40.asset,게이트,A0HW,!크로우즈,아이콘 있는 코드 없음 → 유닛 uid h02U(마샬.D.티치 검은수염 해적단)의 대표 능력,ReplaceableTextures\CommandButtons\BTNFaerieFireOff.blp,맵밖,std_btnfaeriefireoff.png,"웹(리포지드 HD, 이름 일치)",,낮음
Assets/Data/UnitSkills/SkillData_게이트_전설적인_홍인창_fbb3c4ff.asset,게이트,A0HW,!크로우즈,아이콘 있는 코드 없음 → 유닛 uid h02U(마샬.D.티치 검은수염 해적단)의 대표 능력,ReplaceableTextures\CommandButtons\BTNFaerieFireOff.blp,맵밖,std_btnfaeriefireoff.png,"웹(리포지드 HD, 이름 일치)",,낮음
Assets/Data/UnitSkills/SkillData_게이트_제한_강보명_57c27e37.asset,게이트,A0G5,!휩쓸기-패트릭,아이콘 있는 코드 없음 → 유닛 uid h05G(패트릭 레드필드 붉은백작 - )의 대표 능력,ReplaceableTextures\CommandButtons\BTNCurse.blp,맵밖,std_btncurse.png,"웹(리포지드 HD, 이름 일치)",,낮음
Assets/Data/UnitSkills/SkillData_게이트_제한_강보명_RedAttack_3of4.asset,게이트,A0G5,!휩쓸기-패트릭,아이콘 있는 코드 없음 → 유닛 uid h05G(패트릭 레드필드 붉은백작 - )의 대표 능력,ReplaceableTextures\CommandButtons\BTNCurse.blp,맵밖,std_btncurse.png,"웹(리포지드 HD, 이름 일치)",,낮음
Assets/Data/UnitSkills/SkillData_게이트_제한_김강민_948ad1b7.asset,게이트,A0EE,!사막의 대검,아이콘 있는 코드 없음 → 유닛 uid h05F(크로커다일 사막의 악어 - 제)의 대표 능력,ReplaceableTextures\CommandButtons\BTNDryadDispelMagicOn.blp,맵밖,std_btndryaddispelmagicon.png,"웹(리포지드 HD, 이름 일치)",,낮음
Assets/Data/UnitSkills/SkillData_게이트_제한_김강민_croTrans_1of10.asset,게이트,A0EE,!사막의 대검,아이콘 있는 코드 없음 → 트리거 croTrans(크로커다일 사막의 악어 - 제)의 대표 능력,ReplaceableTextures\CommandButtons\BTNDryadDispelMagicOn.blp,맵밖,std_btndryaddispelmagicon.png,"웹(리포지드 HD, 이름 일치)",,낮음
Assets/Data/UnitSkills/SkillData_게이트_제한_김강민_croTrans_1of17.asset,게이트,A0EE,!사막의 대검,아이콘 있는 코드 없음 → 유닛 uid h05F(크로커다일 사막의 악어 - 제)의 대표 능력,ReplaceableTextures\CommandButtons\BTNDryadDispelMagicOn.blp,맵밖,std_btndryaddispelmagicon.png,"웹(리포지드 HD, 이름 일치)",,낮음
Assets/Data/UnitSkills/SkillData_게이트_제한_김민규_136d09f9.asset,게이트,A0VR,B3장성 카타쿠리,아이콘 있는 코드 없음 → 유닛 uid h07I(샬롯 카타쿠리 장성 밀가루 대)의 대표 능력,BTNkata.blp,맵안,A0S0_[조합].png,원작 맵 안,,낮음
Assets/Data/UnitSkills/SkillData_게이트_제한_김민규_3a13fd3d.asset,게이트,,,코드·트리거·uid를 못 찾음,,아이콘없음,,,,없음
Assets/Data/UnitSkills/SkillData_게이트_제한_박성호_3a13fd3d.asset,게이트,,,코드·트리거·uid를 못 찾음,,아이콘없음,,,,없음
Assets/Data/UnitSkills/SkillData_게이트_제한_박성호_874ea782.asset,게이트,A15N,!봉황인,아이콘 있는 코드 없음 → 유닛 uid h08O(마르코 흰수염 유산의 수호자 )의 대표 능력,BTNMarco_skill_3.blp,맵안,A15N_!봉황인.png,원작 맵 안,,낮음
Assets/Data/UnitSkills/SkillData_게이트_제한_이유범_351a0f00.asset,게이트,A0UT,D요염 술법,아이콘 있는 코드 없음 → 유닛 uid h084(시노부 뇌쇄 쿠노이치 - 제한)의 대표 능력,BTNsinobu_s2.blp,맵안,A0UT_D요염술법.png,원작 맵 안,,낮음
Assets/Data/UnitSkills/SkillData_게이트_제한_이유범_43ad0210.asset,게이트,A0UT,D요염 술법,아이콘 있는 코드 없음 → 유닛 uid h084(시노부 뇌쇄 쿠노이치 - 제한)의 대표 능력,BTNsinobu_s2.blp,맵안,A0UT_D요염술법.png,원작 맵 안,,낮음
Assets/Data/UnitSkills/SkillData_게이트_제한_이충민_18aa2343.asset,게이트,A0RQ,!폭발탄 사격,아이콘 있는 코드 없음 → 유닛 uid h040(아인 네오 해군 장교 - 제한)의 대표 능력,ReplaceableTextures\CommandButtons\BTNGhoulFrenzy.blp,맵밖,std_btnghoulfrenzy.png,"웹(리포지드 HD, 이름 일치)",,낮음
Assets/Data/UnitSkills/SkillData_게이트_제한_이충민_8f2b5872.asset,게이트,A0RQ,!폭발탄 사격,아이콘 있는 코드 없음 → 유닛 uid h040(아인 네오 해군 장교 - 제한)의 대표 능력,ReplaceableTextures\CommandButtons\BTNGhoulFrenzy.blp,맵밖,std_btnghoulfrenzy.png,"웹(리포지드 HD, 이름 일치)",,낮음
Assets/Data/UnitSkills/SkillData_게이트_제한_임준성_355f5d39.asset,게이트,A10P,!화재-리,아이콘 있는 코드 없음 → 트리거 King_Attack(킹 삼재해:화재 - 제한됨)의 대표 능력,BTN_King_Skill.blp,맵안,A10P_!화재-리.png,원작 맵 안,,낮음
Assets/Data/UnitSkills/SkillData_게이트_제한_임준성_King_skill_2_tr.asset,게이트,,,코드·트리거·uid를 못 찾음,,아이콘없음,,,,없음
Assets/Data/UnitSkills/SkillData_게이트_제한_전법규_9ffa9c45.asset,게이트,A0U4,!전류방출-에넬제한,아이콘 있는 코드 없음 → 유닛 uid h05E(에넬 G.O.D - 제한됨)의 대표 능력,BTNEnel2.blp,맵안,A0U4_!전류방출-에넬제한.png,원작 맵 안,,낮음
Assets/Data/UnitSkills/SkillData_게이트_제한_전법규_Enel_Mana.asset,게이트,A0U4,!전류방출-에넬제한,아이콘 있는 코드 없음 → 트리거 EnelAttack(에넬 G.O.D - 제한됨)의 대표 능력,BTNEnel2.blp,맵안,A0U4_!전류방출-에넬제한.png,원작 맵 안,,낮음
Assets/Data/UnitSkills/SkillData_게이트_제한_최영민_30f704bf.asset,게이트,A0QW,!전설의 후예,코드 description에서,ReplaceableTextures\CommandButtons\BTNNightElfCaptureFlag.blp,맵밖,std_btnnightelfcaptureflag.png,"웹(리포지드 HD, 이름 일치)",,보통
Assets/Data/UnitSkills/SkillData_게이트_제한_최영민_33bd8aa4.asset,게이트,A0QW,!전설의 후예,코드 description에서,ReplaceableTextures\CommandButtons\BTNNightElfCaptureFlag.blp,맵밖,std_btnnightelfcaptureflag.png,"웹(리포지드 HD, 이름 일치)",,보통
Assets/Data/UnitSkills/SkillData_게이트_제한_최영민_33bd8aa4_B06B.asset,게이트,A0QW,!전설의 후예,아이콘 있는 코드 없음 → 유닛 uid h05I(레베카 콜로세움 전설의  후예)의 대표 능력,ReplaceableTextures\CommandButtons\BTNNightElfCaptureFlag.blp,맵밖,std_btnnightelfcaptureflag.png,"웹(리포지드 HD, 이름 일치)",,낮음
Assets/Data/UnitSkills/SkillData_게이트_제한_최영민_33bd8aa4_일반.asset,게이트,A0QW,!전설의 후예,아이콘 있는 코드 없음 → 유닛 uid h05I(레베카 콜로세움 전설의  후예)의 대표 능력,ReplaceableTextures\CommandButtons\BTNNightElfCaptureFlag.blp,맵밖,std_btnnightelfcaptureflag.png,"웹(리포지드 HD, 이름 일치)",,낮음
Assets/Data/UnitSkills/SkillData_게이트_초월_강재규_AP_85d0117d.asset,게이트,A0VH,#전투보조,아이콘 있는 코드 없음 → 유닛 uid H098(오하라의 마지막 생존자)의 대표 능력,BTNRobin_skill.blp,맵안,A0VH_#전투보조.png,원작 맵 안,,낮음
Assets/Data/UnitSkills/SkillData_게이트_초월_강재규_AP_Robine_skill_1.asset,게이트,A0VH,#전투보조,아이콘 있는 코드 없음 → 유닛 uid H098(오하라의 마지막 생존자)의 대표 능력,BTNRobin_skill.blp,맵안,A0VH_#전투보조.png,원작 맵 안,,낮음
Assets/Data/UnitSkills/SkillData_게이트_초월_강재규_AP_fcba0856.asset,게이트,A0VH,#전투보조,아이콘 있는 코드 없음 → 유닛 uid H098(오하라의 마지막 생존자)의 대표 능력,BTNRobin_skill.blp,맵안,A0VH_#전투보조.png,원작 맵 안,,낮음
Assets/Data/UnitSkills/SkillData_게이트_초월_강주혁_AP_5c20b80f.asset,게이트,A0W0,!금전감각,아이콘 있는 코드 없음 → 유닛 uid H08V(웨더리아의 항해사)의 대표 능력,ReplaceableTextures\CommandButtons\BTNPillage.blp,맵밖,std_btnpillage.png,"웹(리포지드 HD, 이름 일치)",,낮음
Assets/Data/UnitSkills/SkillData_게이트_초월_구주호_AD_355f5d39.asset,게이트,A12H,!패황색 휘감기,아이콘 있는 코드 없음 → 유닛 uid H0BE(오니히메 인수화)의 대표 능력,BTNYamato_skill_B.blp,맵안,A12H_!패황색휘감기.png,원작 맵 안,,낮음
Assets/Data/UnitSkills/SkillData_게이트_초월_김경현_AP_4266b6e3.asset,게이트,,,코드·트리거·uid를 못 찾음,,아이콘없음,,,,없음
Assets/Data/UnitSkills/SkillData_게이트_초월_김경현_AP_b7ae9b41.asset,게이트,,,코드·트리거·uid를 못 찾음,,아이콘없음,,,,없음
Assets/Data/UnitSkills/SkillData_게이트_초월_김민준_AP_2a646778.asset,게이트,A0JH,!박무,아이콘 있는 코드 없음 → 유닛 uid H05N(해군의 홍일점)의 대표 능력,BTNtashigiicon.blp,맵안,A0JH_!박무.png,원작 맵 안,,낮음
Assets/Data/UnitSkills/SkillData_게이트_초월_김민준_AP_355f5d39.asset,게이트,A0B7,타시기 체,코드 skillName에서,ReplaceableTextures\CommandButtons\BTNtashigiicon2.blp,맵안,A0B7_타시기체.png,원작 맵 안,,높음
Assets/Data/UnitSkills/SkillData_게이트_초월_김민준_AP_Tasigi_02.asset,게이트,A0JH,!박무,아이콘 있는 코드 없음 → 유닛 uid H05N(해군의 홍일점)의 대표 능력,BTNtashigiicon.blp,맵안,A0JH_!박무.png,원작 맵 안,,낮음
Assets/Data/UnitSkills/SkillData_게이트_초월_노태현_AP_BrookAttack_1of24.asset,게이트,A0Q7,A자장가 프람,아이콘 있는 코드 없음 → 트리거 BrookAttack(소울 킹)의 대표 능력,ReplaceableTextures\CommandButtons\BTNSleep.blp,맵밖,std_btnsleep.png,"웹(리포지드 HD, 이름 일치)",,낮음
Assets/Data/UnitSkills/SkillData_게이트_초월_노태현_AP_BrookAttack_B00Y.asset,게이트,A0Q7,A자장가 프람,아이콘 있는 코드 없음 → 유닛 uid H09I(소울 킹)의 대표 능력,ReplaceableTextures\CommandButtons\BTNSleep.blp,맵밖,std_btnsleep.png,"웹(리포지드 HD, 이름 일치)",,낮음
Assets/Data/UnitSkills/SkillData_게이트_초월_두유찬_AD_8eab1c6f.asset,게이트,A0HF,!이글이글열매,아이콘 있는 코드 없음 → 유닛 uid H092(혁명군 참모총장)의 대표 능력,ReplaceableTextures\CommandButtons\BTNFire.blp,맵밖,std_btnfire.png,"웹(리포지드 HD, 이름 일치)",,낮음
Assets/Data/UnitSkills/SkillData_게이트_초월_박기찬_AD_a8343962.asset,게이트,,,코드·트리거·uid를 못 찾음,,아이콘없음,,,,없음
Assets/Data/UnitSkills/SkillData_게이트_초월_박기찬_AD_b3948c74.asset,게이트,A0AC,!솔져도크 시스템,아이콘 있는 코드 없음 → 유닛 uid H08Y(무적의 아이언 파이러츠)의 대표 능력,BTNFranky2Y.blp,맵안,A0AC_!솔져도크시스템.png,원작 맵 안,,낮음
Assets/Data/UnitSkills/SkillData_게이트_초월_박민수_AD_b5c9b49a.asset,게이트,A0GT,!삼천대천세계,코드 description에서,ReplaceableTextures\PassiveButtons\PASBTNFeedBack.blp,맵밖,std_btnfeedback.png,"웹(PASBTN→BTN 같은 그림, 패시브 틀만 다름)",,보통
Assets/Data/UnitSkills/SkillData_게이트_초월_박민수_AD_b7ae9b41.asset,게이트,A0GP,B삼도류 검술-조초1,아이콘 있는 코드 없음 → 유닛 uid H09F(수라의 검사)의 대표 능력,BTNzoro_white.blp,맵안,A0GP_B삼도류검술-조초1.png,원작 맵 안,,낮음
Assets/Data/UnitSkills/SkillData_게이트_초월_배성령_AD_18aa2343.asset,게이트,A11Y,!디아블 잠브-검은다리-상초,아이콘 있는 코드 없음 → 유닛 uid H09G(정열의 요리사)의 대표 능력,ReplaceableTextures\CommandButtons\BTNBlackDragonRoost.blp,맵밖,std_btnblackdragonroost.png,"웹(리포지드 HD, 이름 일치)",,낮음
Assets/Data/UnitSkills/SkillData_게이트_초월_배성령_AD_3c5f8bd9.asset,게이트,,,코드·트리거·uid를 못 찾음,,아이콘없음,,,,없음
Assets/Data/UnitSkills/SkillData_게이트_초월_배성령_AD_SandiAttack_Upgrade_1of18.asset,게이트,A11Y,!디아블 잠브-검은다리-상초,아이콘 있는 코드 없음 → 유닛 uid H09G(정열의 요리사)의 대표 능력,ReplaceableTextures\CommandButtons\BTNBlackDragonRoost.blp,맵밖,std_btnblackdragonroost.png,"웹(리포지드 HD, 이름 일치)",,낮음
Assets/Data/UnitSkills/SkillData_게이트_초월_신문철_AP_355f5d39.asset,게이트,A0KE,!숙련된 패기,아이콘 있는 코드 없음 → 유닛 uid H099(명왕 레일리의 제자)의 대표 능력,ReplaceableTextures\CommandButtons\BTNTaunt.blp,맵밖,std_btntaunt.png,"웹(리포지드 HD, 이름 일치)",,낮음
Assets/Data/UnitSkills/SkillData_게이트_초월_신문철_AP_55ecbfb2.asset,게이트,A0KE,!숙련된 패기,아이콘 있는 코드 없음 → 유닛 uid H099(명왕 레일리의 제자)의 대표 능력,ReplaceableTextures\CommandButtons\BTNTaunt.blp,맵밖,std_btntaunt.png,"웹(리포지드 HD, 이름 일치)",,낮음
Assets/Data/UnitSkills/SkillData_게이트_초월_양재모_AD_Law_Skill_2.asset,게이트,A0I3,!샴블즈,아이콘 있는 코드 없음 → 유닛 uid H096(로키포트 사건의 주모자)의 대표 능력,BTNRowTact.blp,맵안,A0I3_!샴블즈.png,원작 맵 안,,낮음
Assets/Data/UnitSkills/SkillData_게이트_초월_유재헌_ADAP_Sirahoshi_skill_Mana.asset,게이트,A0HN,!인어공주,아이콘 있는 코드 없음 → 유닛 uid H08U('포세이돈' 인어공주)의 대표 능력,BTNSirahosi.blp,맵안,A0HN_!인어공주.png,원작 맵 안,,낮음
Assets/Data/UnitSkills/SkillData_게이트_초월_이태훈_AP_Huji01_1of7.asset,게이트,A0GR,!중력장,아이콘 있는 코드 없음 → 유닛 uid H08X(해군 대장 '성난 보라호랑이')의 대표 능력,slashb1a.blp,맵안,A0GR_!중력장.png,원작 맵 안,,낮음
Assets/Data/UnitSkills/SkillData_게이트_초월_이태훈_AP_Huji01_6of7.asset,게이트,A0GR,!중력장,아이콘 있는 코드 없음 → 유닛 uid H08X(해군 대장 '성난 보라호랑이')의 대표 능력,slashb1a.blp,맵안,A0GR_!중력장.png,원작 맵 안,,낮음
Assets/Data/UnitSkills/SkillData_게이트_초월_이태훈_AP_Huji_03_Mana140.asset,게이트,A0GR,!중력장,아이콘 있는 코드 없음 → 유닛 uid H08X(해군 대장 '성난 보라호랑이')의 대표 능력,slashb1a.blp,맵안,A0GR_!중력장.png,원작 맵 안,,낮음
Assets/Data/UnitSkills/SkillData_게이트_초월_임장혁_AD_5e483927.asset,게이트,,,코드·트리거·uid를 못 찾음,,아이콘없음,,,,없음
Assets/Data/UnitSkills/SkillData_게이트_초월_임장혁_AD_Luchi_Skill_1_Kick2.asset,게이트,A0R2,!람각 개조,코드 skillName에서,ReplaceableTextures\CommandButtons\BTNImpale.blp,맵밖,std_btnimpale.png,"웹(리포지드 HD, 이름 일치)",,높음
Assets/Data/UnitSkills/SkillData_게이트_초월_임장혁_AD_Luchi_Skill_2_ZiGun.asset,게이트,A0R4,!CP.0,아이콘 있는 코드 없음 → 트리거 Luchi_Attack(CP.Zero)의 대표 능력,BTNLob_luchi3.blp,맵안,A0R4_!CP.0.png,원작 맵 안,,낮음
Assets/Data/UnitSkills/SkillData_게이트_초월_임채민_AP_42844439.asset,게이트,A0HS,!크로우즈,아이콘 있는 코드 없음 → 유닛 uid H090(지진과 어둠의 검은수염)의 대표 능력,ReplaceableTextures\CommandButtons\BTNFaerieFireOff.blp,맵밖,std_btnfaeriefireoff.png,"웹(리포지드 HD, 이름 일치)",,낮음
Assets/Data/UnitSkills/SkillData_게이트_초월_임채민_AP_Tichi_skill_3.asset,게이트,A0HS,!크로우즈,아이콘 있는 코드 없음 → 유닛 uid H090(지진과 어둠의 검은수염)의 대표 능력,ReplaceableTextures\CommandButtons\BTNFaerieFireOff.blp,맵밖,std_btnfaeriefireoff.png,"웹(리포지드 HD, 이름 일치)",,낮음
Assets/Data/UnitSkills/SkillData_게이트_초월_임채민_AP_da9fb163.asset,게이트,A0HS,!크로우즈,아이콘 있는 코드 없음 → 유닛 uid H090(지진과 어둠의 검은수염)의 대표 능력,ReplaceableTextures\CommandButtons\BTNFaerieFireOff.blp,맵밖,std_btnfaeriefireoff.png,"웹(리포지드 HD, 이름 일치)",,낮음
Assets/Data/UnitSkills/SkillData_게이트_초월_조성진_AD_29846395.asset,게이트,A0TH,B우솝갓,아이콘 있는 코드 없음 → 유닛 uid H09B(G.O.D)의 대표 능력,BTNYusop.blp,맵안,A0TH_B우솝갓.png,원작 맵 안,,낮음
Assets/Data/UnitSkills/SkillData_게이트_초월_조성진_AD_33bd8aa4.asset,게이트,A0TH,B우솝갓,아이콘 있는 코드 없음 → 유닛 uid H09B(G.O.D)의 대표 능력,BTNYusop.blp,맵안,A0TH_B우솝갓.png,원작 맵 안,,낮음
Assets/Data/UnitSkills/SkillData_게이트_초월_최상호_AD_3c5f8bd9.asset,게이트,A0X0,!어인공수도-징베,아이콘 있는 코드 없음 → 유닛 uid H09A(어인협객)의 대표 능력,BTNjimbae.blp,맵안,A01E_[조합].png,원작 맵 안,,낮음
Assets/Data/UnitSkills/SkillData_게이트_초월_최상호_AD_b8d2fd85.asset,게이트,A0X0,!어인공수도-징베,아이콘 있는 코드 없음 → 유닛 uid H09A(어인협객)의 대표 능력,BTNjimbae.blp,맵안,A01E_[조합].png,원작 맵 안,,낮음
Assets/Data/UnitSkills/SkillData_게이트_초월_최상호_AP_18aa2343.asset,게이트,A0AJ,B열매각성 방깍,"아이콘 있는 코드 없음 → 유닛 uid H09D(""어둠의 조커""드레스로자의 악)의 대표 능력",mr.war3_mgfyw.blp,맵안,A0AJ_B열매각성방깍.png,원작 맵 안,,낮음
Assets/Data/UnitSkills/SkillData_게이트_초월_최상호_AP_355f5d39.asset,게이트,A0AJ,B열매각성 방깍,"아이콘 있는 코드 없음 → 유닛 uid H09D(""어둠의 조커""드레스로자의 악)의 대표 능력",mr.war3_mgfyw.blp,맵안,A0AJ_B열매각성방깍.png,원작 맵 안,,낮음
Assets/Data/UnitSkills/SkillData_게이트_초월_최상호_AP_5c20b80f.asset,게이트,A0AJ,B열매각성 방깍,"아이콘 있는 코드 없음 → 유닛 uid H09D(""어둠의 조커""드레스로자의 악)의 대표 능력",mr.war3_mgfyw.blp,맵안,A0AJ_B열매각성방깍.png,원작 맵 안,,낮음
Assets/Data/UnitSkills/SkillData_게이트_희귀함_황준석_d1ddeea9.asset,게이트,A036,[조합],아이콘 있는 코드 없음 → 유닛 uid h021(마샬.D.티치 흰수염해적단의 )의 대표 능력,BTNTichi_2year.blp,맵안,A036_[조합].png,원작 맵 안,,낮음
Assets/Data/UnitSkills/SkillData_게이트_히든_최윤서_3c5f8bd9.asset,게이트,A0KF,!표적표적열매-노아,아이콘 있는 코드 없음 → 유닛 uid h03R([히든조합]반 더 데켄어인섬 )의 대표 능력,ReplaceableTextures\CommandButtons\BTNJuggernaut.blp,맵밖,std_btnjuggernaut.png,"웹(리포지드 HD, 이름 일치)",,낮음
Assets/Data/UnitSkills/SkillData_게이트_히든_최윤서_b8d2fd85.asset,게이트,A0KF,!표적표적열매-노아,아이콘 있는 코드 없음 → 유닛 uid h03R([히든조합]반 더 데켄어인섬 )의 대표 능력,ReplaceableTextures\CommandButtons\BTNJuggernaut.blp,맵밖,std_btnjuggernaut.png,"웹(리포지드 HD, 이름 일치)",,낮음
Assets/Data/UnitSkills/SkillData_게이트_히든_호치킨_21297197.asset,게이트,A0YQ,!철저한 정의,아이콘 있는 코드 없음 → 유닛 uid h03Z([히든조합]아카이누흰수염을죽인)의 대표 능력,ReplaceableTextures\CommandButtons\BTNSpellBreaker.blp,맵밖,std_btnspellbreaker.png,"웹(리포지드 HD, 이름 일치)",,낮음
Assets/Data/UnitSkills/SkillData_게이트_히든_호치킨_Hidden5_1of7.asset,게이트,A0YQ,!철저한 정의,아이콘 있는 코드 없음 → 유닛 uid h03Z([히든조합]아카이누흰수염을죽인)의 대표 능력,ReplaceableTextures\CommandButtons\BTNSpellBreaker.blp,맵밖,std_btnspellbreaker.png,"웹(리포지드 HD, 이름 일치)",,낮음
Assets/Data/UnitSkills/SkillData_게이트_히든_황정기_2251ce1a.asset,게이트,A0II,!혁명군대리사범,아이콘 있는 코드 없음 → 유닛 uid h03V([히든조합]코알라혁명군-어인공)의 대표 능력,ReplaceableTextures\CommandButtons\BTNReplenishMana.blp,맵밖,std_btnreplenishmana.png,"웹(리포지드 HD, 이름 일치)",,낮음
Assets/Data/UnitSkills/SkillData_게이트_히든_황정기_2a646778.asset,게이트,A0II,!혁명군대리사범,아이콘 있는 코드 없음 → 유닛 uid h03V([히든조합]코알라혁명군-어인공)의 대표 능력,ReplaceableTextures\CommandButtons\BTNReplenishMana.blp,맵밖,std_btnreplenishmana.png,"웹(리포지드 HD, 이름 일치)",,낮음
Assets/Data/UnitSkills/SkillData_공용_디버프_01.asset,공용,,,사장님 신규 스킬·공용 디버프: 원작 대응 없음 → 효과(공격력↓)에 맞춘 웹 표준 BTN 수동 지정,BTN\btncripple,맵밖,std_btncripple.png,웹 모음(수동 선택),,낮음
Assets/Data/UnitSkills/SkillData_공용_디버프_문.asset,공용,,,사장님 신규 스킬·공용 디버프: 원작 대응 없음 → 효과(공속↓)에 맞춘 웹 표준 BTN 수동 지정,BTN\btnslow,맵밖,std_btnslow.png,웹 모음(수동 선택),,낮음
Assets/Data/UnitSkills/SkillData_공용_디버프_외동.asset,공용,,,사장님 신규 스킬·공용 디버프: 원작 대응 없음 → 효과(적 이속↑)에 맞춘 웹 표준 BTN 수동 지정,BTN\btnscrollofhaste,맵밖,std_btnscrollofhaste.png,웹 모음(수동 선택),,낮음
Assets/Data/UnitSkills/SkillData_공용_디버프_조씨.asset,공용,,,사장님 신규 스킬·공용 디버프: 원작 대응 없음 → 효과(적 방어↑)에 맞춘 웹 표준 BTN 수동 지정,BTN\btnhardenedskin,맵밖,std_btnhardenedskin.png,웹 모음(수동 선택),,낮음
Assets/Data/UnitSkills/SkillData_더미채널_랜덤_모몬가_1.asset,더미채널,,,코드·트리거·uid를 못 찾음,,아이콘없음,,,,없음
Assets/Data/UnitSkills/SkillData_더미채널_랜덤_이즈미_신이치_1.asset,더미채널,,,코드·트리거·uid를 못 찾음,,아이콘없음,,,,없음
Assets/Data/UnitSkills/SkillData_더미채널_랜덤_이타도리_유지_1.asset,더미채널,A0L8,$귀여움-랜유,코드 description에서,ReplaceableTextures\CommandButtons\BTNScourgeBuild.blp,맵밖,std_btnscourgebuild.png,"웹(리포지드 HD, 이름 일치)",,보통
Assets/Data/UnitSkills/SkillData_더미채널_랜덤_카마도_탄지로_1.asset,더미채널,,,코드·트리거·uid를 못 찾음,,아이콘없음,,,,없음
Assets/Data/UnitSkills/SkillData_더미채널_변화됨_박은석_79행_01000.asset,더미채널,,,코드·트리거·uid를 못 찾음,,아이콘없음,,,,없음
Assets/Data/UnitSkills/SkillData_더미채널_불멸_고도현_1.asset,더미채널,A13U,B바닷물 방깎,코드 description에서,ReplaceableTextures\CommandButtons\BTNOrbOfFrost.blp,맵밖,std_btnorboffrost.png,"웹(리포지드 HD, 이름 일치)",,보통
Assets/Data/UnitSkills/SkillData_더미채널_불멸_고도현_79행_01250.asset,더미채널,,,코드·트리거·uid를 못 찾음,,아이콘없음,,,,없음
Assets/Data/UnitSkills/SkillData_더미채널_불멸_고도현_79행_10000.asset,더미채널,A13R,!부유물-돌2,코드 skillName에서,BTNsinobu_s1.blp,맵안,A0U9_!닌술-수리검.png,원작 맵 안,A13P(맵안),높음
Assets/Data/UnitSkills/SkillData_더미채널_불멸_고도현_A13P.asset,더미채널,A13P,!부유물-돌31,코드 파일명에서,BTNsinobu_s1.blp,맵안,A0U9_!닌술-수리검.png,원작 맵 안,,높음
Assets/Data/UnitSkills/SkillData_더미채널_불멸_박은석_79행_00625.asset,더미채널,,,코드·트리거·uid를 못 찾음,,아이콘없음,,,,없음
Assets/Data/UnitSkills/SkillData_더미채널_불멸_신지우_1.asset,더미채널,A0ZI,6변신1,아이콘 있는 코드 없음 → 트리거 Kaido_Attack(카이도 사황'백수의 왕' - )의 대표 능력,ReplaceableTextures\CommandButtons\BTN_kaido_form.blp,맵안,A0ZI_6변신1.png,원작 맵 안,,낮음
Assets/Data/UnitSkills/SkillData_더미채널_불멸_신지우_h04F.asset,더미채널,A04F,#천왕의 검술1,아이콘 있는 코드 없음 → 유닛 uid h04F(스코퍼 가반 로져 해적단의 검)의 대표 능력,BTNGaban.blp,맵안,A04F_#천왕의검술1.png,원작 맵 안,,낮음
Assets/Data/UnitSkills/SkillData_더미채널_불멸_이이삭_1.asset,더미채널,A062,#해군원수,"아이콘 있는 코드 없음 → 트리거 Sengoku_Attack(센고쿠 해군원수 ""부처님"" -)의 대표 능력",!MarineG.blp,맵안,A062_#해군원수.png,원작 맵 안,,낮음
Assets/Data/UnitSkills/SkillData_더미채널_불멸_정윤식_1.asset,더미채널,A03K,#2인자 명왕,아이콘 있는 코드 없음 → 트리거 LaillySkill(실버즈 레일리 명왕 - 불멸의)의 대표 능력,BTNlaily_im.blp,맵안,A03K_#2인자명왕.png,원작 맵 안,,낮음
Assets/Data/UnitSkills/SkillData_더미채널_불멸_정윤식_79행_10000.asset,더미채널,A149,!명왕의 검술,코드 skillName에서,ReplaceableTextures\CommandButtons\BTNHoldPosition.blp,맵밖,std_btnholdposition.png,"웹(리포지드 HD, 이름 일치)",,높음
Assets/Data/UnitSkills/SkillData_더미채널_불멸_정준영_1.asset,더미채널,A0FT,!폭풍-드불,아이콘 있는 코드 없음 → 트리거 Dragon_Attack(몽키.D.드래곤 혁명군의 수장)의 대표 능력,ReplaceableTextures\CommandButtons\BTNTranquility.blp,맵밖,std_btntranquility.png,"웹(리포지드 HD, 이름 일치)",,낮음
Assets/Data/UnitSkills/SkillData_더미채널_안흔함_강주혁_1.asset,더미채널,,,코드·트리거·uid를 못 찾음,,아이콘없음,,,,없음
Assets/Data/UnitSkills/SkillData_더미채널_안흔함_신문철_1.asset,더미채널,,,코드·트리거·uid를 못 찾음,,아이콘없음,,,,없음
Assets/Data/UnitSkills/SkillData_더미채널_영원_김정래_1.asset,더미채널,A16U,$가희,아이콘 있는 코드 없음 → 트리거 Uta_Attack(세계의 가희 우타 - 영원한)의 대표 능력,ReplaceableTextures\CommandButtons\BTNuta1.blp,맵안,A16U_$가희.png,원작 맵 안,,낮음
Assets/Data/UnitSkills/SkillData_더미채널_영원_김정래_A0F1.asset,더미채널,A0F1,!강력범-죄수크리,코드 파일명에서,ReplaceableTextures\CommandButtons\BTNDoom.blp,맵밖,std_btndoom.png,"웹(리포지드 HD, 이름 일치)",,높음
Assets/Data/UnitSkills/SkillData_더미채널_영원_윤현모_1.asset,더미채널,A0IK,!불기둥,아이콘 있는 코드 없음 → 트리거 Ace_Attack('화권의' 포트거스.D.에이스)의 대표 능력,ReplaceableTextures\CommandButtons\BTNSelfDestructOn.blp,맵밖,std_btnselfdestructon.png,"웹(리포지드 HD, 이름 일치)",,낮음
Assets/Data/UnitSkills/SkillData_더미채널_영원_조세민_79행_lock.asset,더미채널,,,코드·트리거·uid를 못 찾음,,아이콘없음,,,,없음
Assets/Data/UnitSkills/SkillData_더미채널_영원_최상호_79행_10000.asset,더미채널,,,코드·트리거·uid를 못 찾음,,아이콘없음,,,,없음
Assets/Data/UnitSkills/SkillData_더미채널_전설적인_박병규_1.asset,더미채널,A0MA,!십자화,아이콘 있는 코드 없음 → 트리거 Legend18(골.D.에이스 해적왕의 아들 )의 대표 능력,Shoot1Lotus.blp,맵안,A0MA_!십자화.png,원작 맵 안,,낮음
Assets/Data/UnitSkills/SkillData_더미채널_전설적인_임장혁_1.asset,더미채널,A0MA,!십자화,아이콘 있는 코드 없음 → 트리거 Legend18(골.D.에이스 해적왕의 아들 )의 대표 능력,Shoot1Lotus.blp,맵안,A0MA_!십자화.png,원작 맵 안,,낮음
Assets/Data/UnitSkills/SkillData_더미채널_전설적인_임채민_1.asset,더미채널,,,코드·트리거·uid를 못 찾음,,아이콘없음,,,,없음
Assets/Data/UnitSkills/SkillData_더미채널_전설적인_최상호_1.asset,더미채널,A0WU,D여행-쿠마,아이콘 있는 코드 없음 → 트리거 Legend6(바솔로뮤 쿠마 폭군 - 전설적)의 대표 능력,ReplaceableTextures\CommandButtons\BTNManual.blp,맵밖,std_btnmanual.png,"웹(리포지드 HD, 이름 일치)",,낮음
Assets/Data/UnitSkills/SkillData_더미채널_전설적인_최상호_2.asset,더미채널,A0WU,D여행-쿠마,아이콘 있는 코드 없음 → 트리거 Legend6(바솔로뮤 쿠마 폭군 - 전설적)의 대표 능력,ReplaceableTextures\CommandButtons\BTNManual.blp,맵밖,std_btnmanual.png,"웹(리포지드 HD, 이름 일치)",,낮음
Assets/Data/UnitSkills/SkillData_더미채널_제한_강보명_1.asset,더미채널,A0G5,!휩쓸기-패트릭,아이콘 있는 코드 없음 → 트리거 RedAttack(패트릭 레드필드 붉은백작 - )의 대표 능력,ReplaceableTextures\CommandButtons\BTNCurse.blp,맵밖,std_btncurse.png,"웹(리포지드 HD, 이름 일치)",,낮음
Assets/Data/UnitSkills/SkillData_더미채널_제한_최영민_79행_00833.asset,더미채널,,,코드·트리거·uid를 못 찾음,,아이콘없음,,,,없음
Assets/Data/UnitSkills/SkillData_더미채널_제한_최영민_79행_02000.asset,더미채널,,,코드·트리거·uid를 못 찾음,,아이콘없음,,,,없음
Assets/Data/UnitSkills/SkillData_더미채널_제한_최영민_79행_02000_B06B.asset,더미채널,A0QW,!전설의 후예,아이콘 있는 코드 없음 → 유닛 uid h05I(레베카 콜로세움 전설의  후예)의 대표 능력,ReplaceableTextures\CommandButtons\BTNNightElfCaptureFlag.blp,맵밖,std_btnnightelfcaptureflag.png,"웹(리포지드 HD, 이름 일치)",,낮음
Assets/Data/UnitSkills/SkillData_더미채널_제한_최영민_79행_02000_일반.asset,더미채널,A0QW,!전설의 후예,아이콘 있는 코드 없음 → 유닛 uid h05I(레베카 콜로세움 전설의  후예)의 대표 능력,ReplaceableTextures\CommandButtons\BTNNightElfCaptureFlag.blp,맵밖,std_btnnightelfcaptureflag.png,"웹(리포지드 HD, 이름 일치)",,낮음
Assets/Data/UnitSkills/SkillData_더미채널_초월_강주혁_AP_79행_10000.asset,더미채널,A0FV,A비구름 이감패시브,코드 description에서,BTNLailley.blp,맵안,A03V_A룸이속감소1.png,원작 맵 안,,보통
Assets/Data/UnitSkills/SkillData_더미채널_초월_구주호_AD_79행_01429.asset,더미채널,,,코드·트리거·uid를 못 찾음,,아이콘없음,,,,없음
Assets/Data/UnitSkills/SkillData_더미채널_초월_신문철_AP_79행_10000.asset,더미채널,A0JU,!호크 개틀링,코드 description에서,BTNClusterRockets2.blp,맵안,A09P_!고무고무열매-초월호크개틀링-강화.png,원작 맵 안,,보통
Assets/Data/UnitSkills/SkillData_더미채널_초월_신문철_AP_A09T.asset,더미채널,,,코드·트리거·uid를 못 찾음,,아이콘없음,,,,없음
Assets/Data/UnitSkills/SkillData_더미채널_초월_임채민_AP_79행_01000.asset,더미채널,,,코드·트리거·uid를 못 찾음,,아이콘없음,,,,없음
Assets/Data/UnitSkills/SkillData_더미채널_초월_최상호_AP_79행_10000.asset,더미채널,A0VD,!다중절단,"아이콘 있는 코드 없음 → 트리거 DP_Attack(""어둠의 조커""드레스로자의 악)의 대표 능력",ReplaceableTextures\PassiveButtons\PASBTNMagicImmunity.blp,맵밖,std_btnmagicimmunity.png,"웹(PASBTN→BTN 같은 그림, 패시브 틀만 다름)",,낮음
Assets/Data/UnitSkills/SkillData_더미채널_초월_황준석_ADAP_79행_01000.asset,더미채널,,,코드·트리거·uid를 못 찾음,,아이콘없음,,,,없음
Assets/Data/UnitSkills/SkillData_더미채널_초월_황준석_ADAP_79행_10000.asset,더미채널,,,코드·트리거·uid를 못 찾음,,아이콘없음,,,,없음
Assets/Data/UnitSkills/SkillData_더미채널_특별함_이병준_1.asset,더미채널,,,코드·트리거·uid를 못 찾음,,아이콘없음,,,,없음
Assets/Data/UnitSkills/SkillData_더미채널_특별함_조성진_1.asset,더미채널,,,코드·트리거·uid를 못 찾음,,아이콘없음,,,,없음
Assets/Data/UnitSkills/SkillData_더미채널_특별함_최동준_1.asset,더미채널,A00R,[조합],아이콘 있는 코드 없음 → 트리거 Speical9(포트거스.D.에이스 흰수염 해)의 대표 능력,BTNAkainu.blp,맵안,A00R_[조합].png,원작 맵 안,,낮음
Assets/Data/UnitSkills/SkillData_더미채널_특별함_최준우_1.asset,더미채널,A09X,2범위 불사조팬옵나 마르코특별,코드 description에서,BTNOZ.blp,맵안,A08I_!팬오브나이츠계열.png,원작 맵 안,,높음
Assets/Data/UnitSkills/SkillData_더미채널_희귀함_강재규_1.asset,더미채널,,,코드·트리거·uid를 못 찾음,,아이콘없음,,,,없음
Assets/Data/UnitSkills/SkillData_더미채널_희귀함_구주호_1.asset,더미채널,,,코드·트리거·uid를 못 찾음,,아이콘없음,,,,없음
Assets/Data/UnitSkills/SkillData_더미채널_희귀함_박도진_1.asset,더미채널,,,코드·트리거·uid를 못 찾음,,아이콘없음,,,,없음
Assets/Data/UnitSkills/SkillData_더미채널_희귀함_박수찬_1.asset,더미채널,A00M,[조합],아이콘 있는 코드 없음 → 트리거 Unique10(사카즈키 해군대장 아카이누 -)의 대표 능력,BTNSengoku.blp,맵안,A00M_[조합].png,원작 맵 안,,낮음
Assets/Data/UnitSkills/SkillData_더미채널_희귀함_박은석_1.asset,더미채널,A02Q,[조합],아이콘 있는 코드 없음 → 트리거 Unique9(보르살리노 해군대장 - 희귀함)의 대표 능력,BTNToki.blp,맵안,A02Q_[조합].png,원작 맵 안,,낮음
Assets/Data/UnitSkills/SkillData_더미채널_희귀함_유재헌_1.asset,더미채널,A026,[조합],아이콘 있는 코드 없음 → 트리거 Unique23(우솝 보잉열도 생존자 - 희귀)의 대표 능력,BTNKargara.blp,맵안,A026_[조합].png,원작 맵 안,,낮음
Assets/Data/UnitSkills/SkillData_더미채널_희귀함_윤현모_1.asset,더미채널,A0RP,[조합],아이콘 있는 코드 없음 → 트리거 Unique11(쿠잔 해군대장 아오키지 - 희)의 대표 능력,BTNain.blp,맵안,A0RP_[조합].png,원작 맵 안,,낮음
Assets/Data/UnitSkills/SkillData_더미채널_희귀함_이상혁_1.asset,더미채널,,,코드·트리거·uid를 못 찾음,,아이콘없음,,,,없음
Assets/Data/UnitSkills/SkillData_더미채널_희귀함_이승우_1.asset,더미채널,A09Y,2범위 불사조팬옵나 마르코희귀,코드 description에서,BTNOZ.blp,맵안,A08I_!팬오브나이츠계열.png,원작 맵 안,,높음
Assets/Data/UnitSkills/SkillData_더미채널_희귀함_이용민_1.asset,더미채널,A0NG,[조합],아이콘 있는 코드 없음 → 트리거 Unique27(바제스 검은수염해적단 선원 -)의 대표 능력,BTNZepa.blp,맵안,A0NG_[조합].png,원작 맵 안,,낮음
Assets/Data/UnitSkills/SkillData_더미채널_희귀함_이재윤_1.asset,더미채널,A00Y,[조합],아이콘 있는 코드 없음 → 트리거 Unique18(엠포리오 이완코브 혁명군 - )의 대표 능력,BTNDragon.blp,맵안,A00Y_[조합].png,원작 맵 안,,낮음
Assets/Data/UnitSkills/SkillData_더미채널_희귀함_임채민_1.asset,더미채널,,,코드·트리거·uid를 못 찾음,,아이콘없음,,,,없음
Assets/Data/UnitSkills/SkillData_더미채널_희귀함_정내연_1.asset,더미채널,A0NH,[조합],아이콘 있는 코드 없음 → 트리거 Unique33(조로 '현상금 사냥꾼' 초신성)의 대표 능력,BTNzoro_legend.blp,맵안,A0NH_[조합].png,원작 맵 안,,낮음
Assets/Data/UnitSkills/SkillData_버프게이트_랜덤_미도리야_이즈쿠_B05N.asset,버프게이트,A0YZ,!총알세례,아이콘 있는 코드 없음 → 유닛 uid h0AC(마운틴.D.히그마 - 랜덤전용)의 대표 능력,ReplaceableTextures\CommandButtons\BTN_Higma_s.blp,맵안,A0YZ_!총알세례.png,원작 맵 안,,낮음
Assets/Data/UnitSkills/SkillData_버프게이트_불멸_박은석_B00M.asset,버프게이트,A09E,!차지 버스터,코드 description에서,ReplaceableTextures\CommandButtons\BTNHumanMissileUpThree.blp,맵밖,std_btnhumanmissileupthree.png,"웹(리포지드 HD, 이름 일치)",,보통
Assets/Data/UnitSkills/SkillData_버프게이트_영원_김영원_B03M.asset,버프게이트,,,코드·트리거·uid를 못 찾음,,아이콘없음,,,,없음
Assets/Data/UnitSkills/SkillData_버프게이트_전설적인_이현주_B00D.asset,버프게이트,,,코드·트리거·uid를 못 찾음,,아이콘없음,,,,없음
Assets/Data/UnitSkills/SkillData_버프게이트_제한_김민규_B045.asset,버프게이트,A0VR,B3장성 카타쿠리,아이콘 있는 코드 없음 → 유닛 uid h07I(샬롯 카타쿠리 장성 밀가루 대)의 대표 능력,BTNkata.blp,맵안,A0S0_[조합].png,원작 맵 안,,낮음
Assets/Data/UnitSkills/SkillData_버프게이트_초월_양재모_AD_B03Z.asset,버프게이트,A0QD,#룸 공증,코드 description에서,ReplaceableTextures\CommandButtons\BTNScourgeBuild.blp,맵밖,std_btnscourgebuild.png,"웹(리포지드 HD, 이름 일치)",A03V(맵안),보통
Assets/Data/UnitSkills/SkillData_사장님_초월_강재규_AP_3대악질.asset,사장님,,,사장님 신규 스킬·공용 디버프: 원작 대응 없음 → 효과(평타 확률 추가피해)에 맞춘 웹 표준 BTN 수동 지정,BTN\btncleavingattack,맵밖,std_btncleavingattack.png,웹 모음(수동 선택),,낮음
Assets/Data/UnitSkills/SkillData_사장님_초월_강재규_AP_간잽이.asset,사장님,,,사장님 신규 스킬·공용 디버프: 원작 대응 없음 → 효과(스턴)에 맞춘 웹 표준 BTN 수동 지정,BTN\btnstormbolt,맵밖,std_btnstormbolt.png,웹 모음(수동 선택),,낮음
Assets/Data/UnitSkills/SkillData_사장님_초월_강재규_AP_강약약강_끝딜.asset,사장님,,,사장님 신규 스킬·공용 디버프: 원작 대응 없음 → 효과(끝딜)에 맞춘 웹 표준 BTN 수동 지정,BTN\btnvorpalblades,맵밖,std_btnvorpalblades.png,웹 모음(수동 선택),,낮음
Assets/Data/UnitSkills/SkillData_사장님_초월_강재규_AP_강약약강_디버프비례.asset,사장님,,,사장님 신규 스킬·공용 디버프: 원작 대응 없음 → 효과(디버프 비례)에 맞춘 웹 표준 BTN 수동 지정,BTN\btnunholystrength,맵밖,std_btnunholystrength.png,웹 모음(수동 선택),,낮음
Assets/Data/UnitSkills/SkillData_사장님_초월_강재규_AP_만성피로.asset,사장님,,,사장님 신규 스킬·공용 디버프: 원작 대응 없음 → 효과(피로)에 맞춘 웹 표준 BTN 수동 지정,BTN\btnsleep,맵밖,std_btnsleep.png,웹 모음(수동 선택),,낮음
Assets/Data/UnitSkills/SkillData_사장님_초월_강재규_AP_파괴사상_단일도킹.asset,사장님,A0K3,C사람으로써의 부끄러움,코드 description에서,ReplaceableTextures\CommandButtons\BTNStormEarth&Fire.blp,맵밖,std_btnstormearth&fire.png,"웹(리포지드 HD, 이름 일치)",,높음
Assets/Data/UnitSkills/SkillData_사장님_초월_노태현_AP_가리지않는수단과방법_보잡.asset,사장님,A0VD,!다중절단,"사장님 설계표: 보잡 = 원작 근거 없음 → 같은 스킬 묶음의 도플 아이콘 제안 [유닛 H09E ""어둠의 조커""드레스로자의 악몽]",ReplaceableTextures\PassiveButtons\PASBTNMagicImmunity.blp,맵밖,std_btnmagicimmunity.png,"웹(PASBTN→BTN 같은 그림, 패시브 틀만 다름)",,낮음
Assets/Data/UnitSkills/SkillData_사장님_초월_노태현_AP_가리지않는수단과방법_체력스킬.asset,사장님,A0VD,!다중절단,"사장님 설계표: 노태현 설계: 체력스킬 = 도플 일반 25%·김만경/키드 LIFE50 — 도플 대표 능력 [유닛 H09E ""어둠의 조커""드레스로자의 악몽]",ReplaceableTextures\PassiveButtons\PASBTNMagicImmunity.blp,맵밖,std_btnmagicimmunity.png,"웹(PASBTN→BTN 같은 그림, 패시브 틀만 다름)",,보통
Assets/Data/UnitSkills/SkillData_사장님_초월_노태현_AP_돌발행동.asset,사장님,A0VD,!다중절단,"사장님 설계표: 노태현 설계: 깡딜 = 원작 도플라밍고(초월) DP_Skill_2 1/10 — 대표 능력 [유닛 H09E ""어둠의 조커""드레스로자의 악몽]",ReplaceableTextures\PassiveButtons\PASBTNMagicImmunity.blp,맵밖,std_btnmagicimmunity.png,"웹(PASBTN→BTN 같은 그림, 패시브 틀만 다름)",,보통
Assets/Data/UnitSkills/SkillData_사장님_초월_노태현_AP_반사회적인격.asset,사장님,A04D,!소울 솔리드,사장님 설계표: 디버프(아군 이속 감소)는 원작 근거 없음 — 이 유닛 원작 초월 노태현의 대표 능력 A04D 소울 솔리드,ReplaceableTextures\CommandButtons\BTNSilence.blp,맵밖,std_btnsilence.png,"웹(리포지드 HD, 이름 일치)",,낮음
Assets/Data/UnitSkills/SkillData_사장님_초월_노태현_AP_시너지폭발.asset,사장님,A0X0,!어인공수도-징베,사장님 설계표: 폭발증폭은 원작 근거 없음 — 스플래시 300은 최상호 구일(징베 교체)과 같은 반경이라 징베 대표 능력 [유닛 H09A 어인협객],BTNjimbae.blp,맵안,A01E_[조합].png,원작 맵 안,,낮음
Assets/Data/UnitSkills/SkillData_사장님_초월_노태현_AP_하체부실.asset,사장님,A0I3,!샴블즈,사장님 설계표: 노태현 설계: 이동속도감소 = 원작 초월 양재모 AD 「로키포트 사건의 주모자」 1/8(H096) — 대표 능력 [유닛 H096 로키포트 사건의 주모자],BTNRowTact.blp,맵안,A0I3_!샴블즈.png,원작 맵 안,,보통
Assets/Data/UnitSkills/SkillData_사장님_초월_박민석_ADAP_공복상태.asset,사장님,,,사장님 신규 스킬·공용 디버프: 원작 대응 없음 → 효과(체력스킬)에 맞춘 웹 표준 BTN 수동 지정,BTN\btnlifedrain,맵밖,std_btnlifedrain.png,웹 모음(수동 선택),,낮음
Assets/Data/UnitSkills/SkillData_사장님_초월_박민석_ADAP_불가항력.asset,사장님,,,사장님 신규 스킬·공용 디버프: 원작 대응 없음 → 효과(보잡)에 맞춘 웹 표준 BTN 수동 지정,BTN\btngenericspellimmunity,맵밖,std_btngenericspellimmunity.png,웹 모음(수동 선택),,낮음
Assets/Data/UnitSkills/SkillData_사장님_초월_박민석_ADAP_어지러움.asset,사장님,A0AG,10톤 해머,코드 description에서,ReplaceableTextures\PassiveButtons\PASBTNStormHammer.blp,맵밖,std_btnstormhammer.png,"웹(PASBTN→BTN 같은 그림, 패시브 틀만 다름)",,높음
Assets/Data/UnitSkills/SkillData_사장님_초월_박민석_ADAP_외동LvDevil.asset,사장님,,,사장님 신규 스킬·공용 디버프: 원작 대응 없음 → 효과(대상 한 기)에 맞춘 웹 표준 BTN 수동 지정,BTN\btndoom,맵밖,std_btndoom.png,웹 모음(수동 선택),,낮음
Assets/Data/UnitSkills/SkillData_사장님_초월_박민석_ADAP_외동의고함.asset,사장님,A15Z,!엔마,코드 description에서,ReplaceableTextures\CommandButtons\BTNitem_enmma.blp,맵안,A15Z_!엔마.png,원작 맵 안,A0PZ(맵밖),보통
Assets/Data/UnitSkills/SkillData_사장님_초월_박민석_ADAP_흑인.asset,사장님,,,사장님 신규 스킬·공용 디버프: 원작 대응 없음 → 효과(이감 발동)에 맞춘 웹 표준 BTN 수동 지정,BTN\btnshadowpact,맵밖,std_btnshadowpact.png,웹 모음(수동 선택),,낮음
Assets/Data/UnitSkills/SkillData_사장님_초월_박민수_AD_감금.asset,사장님,A0X4,!고무고무 열매,코드 description에서,BTNSnakeman.blp,맵안,A0X4_!고무고무열매.png,원작 맵 안,,높음
Assets/Data/UnitSkills/SkillData_사장님_초월_박민수_AD_무시무시한성장속도.asset,사장님,,,사장님 신규 스킬·공용 디버프: 원작 대응 없음 → 효과(시간비례 피해 증가)에 맞춘 웹 표준 BTN 수동 지정,BTN\btnstatup,맵밖,std_btnstatup.png,웹 모음(수동 선택),,낮음
Assets/Data/UnitSkills/SkillData_사장님_초월_박민수_AD_인싸Lv4.asset,사장님,,,사장님 신규 스킬·공용 디버프: 원작 대응 없음 → 효과(현재체력 단일 피해)에 맞춘 웹 표준 BTN 수동 지정,BTN\btnfirebolt,맵밖,std_btnfirebolt.png,웹 모음(수동 선택),,낮음
Assets/Data/UnitSkills/SkillData_사장님_초월_박민수_AD_체육특기생_억제기.asset,사장님,,,사장님 신규 스킬·공용 디버프: 원작 대응 없음 → 효과(범위 스턴)에 맞춘 웹 표준 BTN 수동 지정,BTN\btnwarstomp,맵밖,std_btnwarstomp.png,웹 모음(수동 선택),,낮음
Assets/Data/UnitSkills/SkillData_사장님_초월_양재모_AD_간호학과대표.asset,사장님,,,사장님 신규 스킬·공용 디버프: 원작 대응 없음 → 효과(체력회복 오라)에 맞춘 웹 표준 BTN 수동 지정,BTN\btnregenerationaura,맵밖,std_btnregenerationaura.png,웹 모음(수동 선택),,낮음
Assets/Data/UnitSkills/SkillData_사장님_초월_양재모_AD_다한증.asset,사장님,,,사장님 신규 스킬·공용 디버프: 원작 대응 없음 → 효과(이속감소)에 맞춘 웹 표준 BTN 수동 지정,BTN\btnslow,맵밖,std_btnslow.png,웹 모음(수동 선택),,낮음
Assets/Data/UnitSkills/SkillData_사장님_초월_양재모_AD_상호파의최강자.asset,사장님,,,사장님 신규 스킬·공용 디버프: 원작 대응 없음 → 효과(평타 확률 피해)에 맞춘 웹 표준 BTN 수동 지정,BTN\btnstormhammer,맵밖,std_btnstormhammer.png,웹 모음(수동 선택),,낮음
Assets/Data/UnitSkills/SkillData_사장님_초월_양재모_AD_저지불가.asset,사장님,A0X0,!어인공수도-징베,코드 description에서,BTNjimbae.blp,맵안,A01E_[조합].png,원작 맵 안,A0AG(맵밖),보통
Assets/Data/UnitSkills/SkillData_사장님_초월_임장혁_AD_가스라이팅.asset,사장님,,,사장님 신규 스킬·공용 디버프: 원작 대응 없음 → 효과(아군 스킬 피해 오라)에 맞춘 웹 표준 BTN 수동 지정,BTN\btncharm,맵밖,std_btncharm.png,웹 모음(수동 선택),,낮음
Assets/Data/UnitSkills/SkillData_사장님_초월_임장혁_AD_고충해소.asset,사장님,,,사장님 신규 스킬·공용 디버프: 원작 대응 없음 → 효과(디버프 해제)에 맞춘 웹 표준 BTN 수동 지정,BTN\btndisenchant,맵밖,std_btndisenchant.png,웹 모음(수동 선택),,낮음
Assets/Data/UnitSkills/SkillData_사장님_초월_임장혁_AD_신나는연주.asset,사장님,,,사장님 신규 스킬·공용 디버프: 원작 대응 없음 → 효과(마나 오라)에 맞춘 웹 표준 BTN 수동 지정,BTN\btnreplenishmana,맵밖,std_btnreplenishmana.png,웹 모음(수동 선택),,낮음
Assets/Data/UnitSkills/SkillData_사장님_초월_임장혁_AD_악보완성.asset,사장님,,,사장님 신규 스킬·공용 디버프: 원작 대응 없음 → 효과(아군 공속)에 맞춘 웹 표준 BTN 수동 지정,BTN\btndrum,맵밖,std_btndrum.png,웹 모음(수동 선택),,낮음
Assets/Data/UnitSkills/SkillData_사장님_초월_임장혁_AD_어지러운언행.asset,사장님,A0X4,!고무고무 열매,코드 description에서,BTNSnakeman.blp,맵안,A0X4_!고무고무열매.png,원작 맵 안,,높음
Assets/Data/UnitSkills/SkillData_사장님_초월_임장혁_AD_영혼없는칭찬_공격력오라.asset,사장님,A0V8,#밀 플루르-마노스 공증1,코드 description에서,ReplaceableTextures\CommandButtons\BTNDoom.blp,맵밖,std_btndoom.png,"웹(리포지드 HD, 이름 일치)",,높음
Assets/Data/UnitSkills/SkillData_사장님_초월_임장혁_AD_영혼없는칭찬_공속.asset,사장님,A0V4,$요리사의 길,코드 description에서,ReplaceableTextures\CommandButtons\BTNSpinyCrab.blp,맵밖,std_btnspinycrab.png,"웹(리포지드 HD, 이름 일치)",A0WL(맵밖),보통
Assets/Data/UnitSkills/SkillData_사장님_초월_임장혁_AD_이간질.asset,사장님,,,사장님 신규 스킬·공용 디버프: 원작 대응 없음 → 효과(아군 공격력 디버프)에 맞춘 웹 표준 BTN 수동 지정,BTN\btncurse,맵밖,std_btncurse.png,웹 모음(수동 선택),,낮음
Assets/Data/UnitSkills/SkillData_사장님_초월_최상호_AD_그분의후계자.asset,사장님,A0JH,!박무,사장님 설계표: 구일 설계: 원작 타시기(초월) Tasigi_02 평타 9% AId1 +5 — 대표 능력 [유닛 H05N 해군의 홍일점],BTNtashigiicon.blp,맵안,A0JH_!박무.png,원작 맵 안,,보통
Assets/Data/UnitSkills/SkillData_사장님_초월_최상호_AD_그분의후계자_부여.asset,사장님,A0JH,!박무,사장님 설계표: 구일 설계: 아머브레이크 = 원작 타시기(초월) Tasigi_02 — 능력 코드 없는 트리거라 타시기 대표 능력 [유닛 H05N 해군의 홍일점],BTNtashigiicon.blp,맵안,A0JH_!박무.png,원작 맵 안,,보통
Assets/Data/UnitSkills/SkillData_사장님_초월_최상호_AD_상호파의수장.asset,사장님,A0GQ,A귀기-조초,사장님 설계표: 구일 설계: 이감 = 원작 A0GQ 귀기-조초(적 이속 −30% 오라) · 공증 오라 참고 A0V8,ReplaceableTextures\PassiveButtons\PASBTNShadeTrueSight.blp,맵밖,std_btnshade.png,웹 모음(대체: BTNShade),,높음
Assets/Data/UnitSkills/SkillData_사장님_초월_최상호_AD_상호파집결.asset,사장님,A0HF,!이글이글열매,사장님 설계표: 구일 설계: 소환(원작 초월 사보 1/10 기준) — 사보(초월) 대표 능력 [유닛 H092 혁명군 참모총장],ReplaceableTextures\CommandButtons\BTNFire.blp,맵밖,std_btnfire.png,"웹(리포지드 HD, 이름 일치)",,보통
Assets/Data/UnitSkills/SkillData_사장님_초월_최상호_AD_왕의자질.asset,사장님,A0X0,!어인공수도-징베,사장님 설계표: 보잡 = 원작 근거 없음 → 구일이 교체한 원작 징베(초월) 대표 능력을 제안 [유닛 H09A 어인협객],BTNjimbae.blp,맵안,A01E_[조합].png,원작 맵 안,,낮음
Assets/Data/UnitSkills/SkillData_사장님_초월_최상호_AP_분노조절장애.asset,사장님,,,사장님 신규 스킬·공용 디버프: 원작 대응 없음 → 효과(공속 증가)에 맞춘 웹 표준 BTN 수동 지정,BTN\btnberserkfortrolls,맵밖,std_btnberserkfortrolls.png,웹 모음(수동 선택),,낮음
Assets/Data/UnitSkills/SkillData_사장님_초월_최상호_AP_적응불가의덕력.asset,사장님,A0CS,!빛빛열매,코드 description에서,ReplaceableTextures\CommandButtons\BTNHolyBolt.blp,맵밖,std_btnholybolt.png,"웹(리포지드 HD, 이름 일치)",,높음
Assets/Data/UnitSkills/SkillData_사장님_초월_최상호_AP_절대공격.asset,사장님,,,사장님 신규 스킬·공용 디버프: 원작 대응 없음 → 효과(마나스킬 깡딜)에 맞춘 웹 표준 BTN 수동 지정,BTN\btnmanadrain,맵밖,std_btnmanadrain.png,웹 모음(수동 선택),,낮음
Assets/Data/UnitSkills/SkillData_사장님_초월_최상호_AP_절대방어.asset,사장님,,,사장님 신규 스킬·공용 디버프: 원작 대응 없음 → 효과(체력스킬 스턴)에 맞춘 웹 표준 BTN 수동 지정,BTN\btndefend,맵밖,std_btndefend.png,웹 모음(수동 선택),,낮음
Assets/Data/UnitSkills/SkillData_원작001_H090.asset,원작001,A0D0,!흔들흔들 열매,코드 skillName에서,ReplaceableTextures\CommandButtons\BTNEarthquake.blp,맵밖,std_btnearthquake.png,"웹(리포지드 HD, 이름 일치)",,높음
Assets/Data/UnitSkills/SkillData_원작002_H0B4.asset,원작002,A10F,!펑크 깁슨,코드 skillName에서,ReplaceableTextures\CommandButtons\BTNSpiderSilkBroach.blp,맵밖,std_btnspidersilkbroach.png,"웹(리포지드 HD, 이름 일치)",,높음
Assets/Data/UnitSkills/SkillData_원작003_H08Y.asset,원작003,A069,!꾸드방-프랑초,코드 skillName에서,ReplaceableTextures\CommandButtons\BTNWispHealOn.blp,맵밖,std_btnwisphealon.png,"웹(리포지드 HD, 이름 일치)",,높음
Assets/Data/UnitSkills/SkillData_원작004_H08W.asset,원작004,A0R2,!람각 개조,코드 skillName에서,ReplaceableTextures\CommandButtons\BTNImpale.blp,맵밖,std_btnimpale.png,"웹(리포지드 HD, 이름 일치)",,높음
Assets/Data/UnitSkills/SkillData_원작005_H08X.asset,원작005,A0GR,!중력장,코드 skillName에서,slashb1a.blp,맵안,A0GR_!중력장.png,원작 맵 안,,높음
Assets/Data/UnitSkills/SkillData_원작005_H08X_운석.asset,원작005,A0GR,!중력장,코드 skillName에서,slashb1a.blp,맵안,A0GR_!중력장.png,원작 맵 안,,높음
Assets/Data/UnitSkills/SkillData_원작006_H096.asset,원작006,A10S,!감마나이프,코드 skillName에서,BTNLaw_knife.blp,맵안,A10S_!감마나이프.png,원작 맵 안,,높음
Assets/Data/UnitSkills/SkillData_원작007_H08V.asset,원작007,A107,$제우스,코드 skillName에서,BTNZuse.blp,맵안,A107_$제우스.png,원작 맵 안,,높음
Assets/Data/UnitSkills/SkillData_원작008_H08U.asset,원작008,A0EQ,!해류조정-시라호시,코드 skillName에서,ReplaceableTextures\CommandButtons\BTNCrushingWave.blp,맵밖,std_btncrushingwave.png,"웹(리포지드 HD, 이름 일치)",,높음
Assets/Data/UnitSkills/SkillData_원작009_H094.asset,원작009,A0WK,$미니 스트로맨1,코드 skillName에서,BTNbasil2.blp,맵안,A0IO_[조합].png,원작 맵 안,,높음
Assets/Data/UnitSkills/SkillData_원작010_H09E.asset,원작010,A0VD,!다중절단,"아이콘 있는 코드 없음 → 유닛 uid H09E(""어둠의 조커""드레스로자의 악)의 대표 능력",ReplaceableTextures\PassiveButtons\PASBTNMagicImmunity.blp,맵밖,std_btnmagicimmunity.png,"웹(PASBTN→BTN 같은 그림, 패시브 틀만 다름)",,낮음
Assets/Data/UnitSkills/SkillData_원작013_H099.asset,원작013,A0JU,!호크 개틀링,코드 skillName에서,BTNClusterRockets2.blp,맵안,A09P_!고무고무열매-초월호크개틀링-강화.png,원작 맵 안,,높음
Assets/Data/UnitSkills/SkillData_원작013_H099_A09S.asset,원작013,A0KE,!숙련된 패기,아이콘 있는 코드 없음 → 유닛 uid H099(명왕 레일리의 제자)의 대표 능력,ReplaceableTextures\CommandButtons\BTNTaunt.blp,맵밖,std_btntaunt.png,"웹(리포지드 HD, 이름 일치)",,낮음
Assets/Data/UnitSkills/SkillData_원작015_H09B.asset,원작015,A0TH,B우솝갓,아이콘 있는 코드 없음 → 유닛 uid H09B(G.O.D)의 대표 능력,BTNYusop.blp,맵안,A0TH_B우솝갓.png,원작 맵 안,,낮음
Assets/Data/UnitSkills/SkillData_원작017_H095.asset,원작017,A0HG,!유성화산-아카초,코드 skillName에서,ReplaceableTextures\PassiveButtons\PASBTNFireRocks.blp,맵밖,std_btnfirerocks.png,"웹(PASBTN→BTN 같은 그림, 패시브 틀만 다름)",,높음
Assets/Data/UnitSkills/SkillData_원작018_H09I.asset,원작018,A0R1,A소울 뮤직,코드 skillName에서,ReplaceableTextures\CommandButtons\BTNFrostArmor.blp,맵밖,std_btnfrostarmor.png,"웹(리포지드 HD, 이름 일치)",,높음
Assets/Data/UnitSkills/SkillData_원작019_H08Z.asset,원작019,A0I1,$카리스마1,아이콘 있는 코드 없음 → 유닛 uid H08Z(마린포드 정상해전 종결자)의 대표 능력,BTNShanks_2year.blp,맵안,A0I1_$카리스마1.png,원작 맵 안,,낮음
Assets/Data/UnitSkills/SkillData_원작021_h04E.asset,원작021,A0D8,!부처의 일격 센불,코드 description에서,ReplaceableTextures\CommandButtons\BTNInvulnerable.blp,맵밖,std_btninvulnerable.png,"웹(리포지드 HD, 이름 일치)",,보통
Assets/Data/UnitSkills/SkillData_원작022_h04G.asset,원작022,A09E,!차지 버스터,코드 skillName에서,ReplaceableTextures\CommandButtons\BTNHumanMissileUpThree.blp,맵밖,std_btnhumanmissileupthree.png,"웹(리포지드 HD, 이름 일치)",,높음
Assets/Data/UnitSkills/SkillData_원작023_h04C.asset,원작023,A0GY,!특제대포환,코드 skillName에서,ReplaceableTextures\PassiveButtons\PASBTNHardenedSkin.blp,맵밖,std_btnhardenedskin.png,"웹(PASBTN→BTN 같은 그림, 패시브 틀만 다름)",,높음
Assets/Data/UnitSkills/SkillData_원작024_h04D.asset,원작024,A0FS,!용오름-드불,코드 skillName에서,ReplaceableTextures\CommandButtons\BTNCyclone.blp,맵밖,std_btncyclone.png,"웹(리포지드 HD, 이름 일치)",,높음
Assets/Data/UnitSkills/SkillData_원작025_h04B.asset,원작025,A0T4,!함대,코드 skillName에서,ReplaceableTextures\CommandButtons\BTNNightElfBattleCruiser.blp,맵밖,std_btnnightelfbattlecruiser.png,"웹(리포지드 HD, 이름 일치)",,높음
Assets/Data/UnitSkills/SkillData_원작026_h049.asset,원작026,A0ES,B명왕의 패기,코드 description에서,ReplaceableTextures\CommandButtons\BTNCharm.blp,맵밖,std_btncharm.png,"웹(리포지드 HD, 이름 일치)",,높음
Assets/Data/UnitSkills/SkillData_원작028_h05C.asset,원작028,A0IN,!파퓸 페뮤르,코드 skillName에서,ReplaceableTextures\CommandButtons\BTNUsedSoulGem.blp,맵밖,std_btnusedsoulgem.png,"웹(리포지드 HD, 이름 일치)",,높음
Assets/Data/UnitSkills/SkillData_원작능력_랜덤_가사이_유노.asset,원작능력,A0KW,!액션펭귄,코드 skillName에서,ReplaceableTextures\CommandButtons\BTNPenguin.blp,맵밖,std_btnpenguin.png,"웹(리포지드 HD, 이름 일치)",,높음
Assets/Data/UnitSkills/SkillData_원작능력_랜덤_모몬가.asset,원작능력,A0KT,!체인드라이브,코드 description에서,ReplaceableTextures\PassiveButtons\PASBTNIncinerate.blp,맵밖,std_btnincinerate.png,"웹(PASBTN→BTN 같은 그림, 패시브 틀만 다름)",,보통
Assets/Data/UnitSkills/SkillData_원작능력_랜덤_야사카_카나코.asset,원작능력,A0GL,!신의 손,코드 skillName에서,ReplaceableTextures\CommandButtons\BTNControlMagic.blp,맵밖,std_btncontrolmagic.png,"웹(리포지드 HD, 이름 일치)",,높음
Assets/Data/UnitSkills/SkillData_원작능력_랜덤_이민형.asset,원작능력,A0L7,!죽음의 필기- 랜유,코드 description에서,ReplaceableTextures\CommandButtons\BTNWandOfNeutralization.blp,맵밖,std_btnwandofneutralization.png,"웹(리포지드 HD, 이름 일치)",,보통
Assets/Data/UnitSkills/SkillData_원작능력_랜덤_이즈미_신이치.asset,원작능력,A0H6,!슈타인베르거,코드 skillName에서,Model\btnsb,못찾음,,,,높음
Assets/Data/UnitSkills/SkillData_원작능력_랜덤_이즈미_신이치_A0LG.asset,원작능력,,,코드·트리거·uid를 못 찾음,,아이콘없음,,,,없음
Assets/Data/UnitSkills/SkillData_원작능력_랜덤_이타도리_유지.asset,원작능력,A0XB,!무기화 빌드,코드 skillName에서,Model\BTNBronyaQ.blp,못찾음,,,,높음
Assets/Data/UnitSkills/SkillData_원작능력_랜덤_주호페이크_A0KU.asset,원작능력,A0KU,!영능력,코드 파일명에서,ReplaceableTextures\CommandButtons\BTNWandOfNeutralization.blp,맵밖,std_btnwandofneutralization.png,"웹(리포지드 HD, 이름 일치)",,높음
Assets/Data/UnitSkills/SkillData_원작능력_랜덤_카마도_탄지로.asset,원작능력,A0LA,!저주의 마력방출,코드 description에서,ReplaceableTextures\CommandButtons\BTNPhaseShiftOn.blp,맵밖,std_btnphaseshifton.png,"웹(리포지드 HD, 이름 일치)",,높음
Assets/Data/UnitSkills/SkillData_원작능력_랜덤_한마_바키.asset,원작능력,A0GL,!신의 손,코드 description에서,ReplaceableTextures\CommandButtons\BTNControlMagic.blp,맵밖,std_btncontrolmagic.png,"웹(리포지드 HD, 이름 일치)",,높음
Assets/Data/UnitSkills/SkillData_원작능력_랜덤_호시노_아이.asset,원작능력,A0KT,!체인드라이브,코드 skillName에서,ReplaceableTextures\PassiveButtons\PASBTNIncinerate.blp,맵밖,std_btnincinerate.png,"웹(PASBTN→BTN 같은 그림, 패시브 틀만 다름)",A0KW(맵밖),높음
Assets/Data/UnitSkills/SkillData_원작능력_랜덤_호시노_아이_A0KT.asset,원작능력,A0KT,!체인드라이브,코드 파일명에서,ReplaceableTextures\PassiveButtons\PASBTNIncinerate.blp,맵밖,std_btnincinerate.png,"웹(PASBTN→BTN 같은 그림, 패시브 틀만 다름)",,높음
Assets/Data/UnitSkills/SkillData_원작능력_랜덤_호시노_아이_k1_1of7.asset,원작능력,A0KT,!체인드라이브,코드 skillName에서,ReplaceableTextures\PassiveButtons\PASBTNIncinerate.blp,맵밖,std_btnincinerate.png,"웹(PASBTN→BTN 같은 그림, 패시브 틀만 다름)",,높음
Assets/Data/UnitSkills/SkillData_원작능력_변화됨_강재규.asset,원작능력,A0S7,!전격-캐럿,코드 description에서,ReplaceableTextures\CommandButtons\BTNFrostTower.blp,맵밖,std_btnfrosttower.png,"웹(리포지드 HD, 이름 일치)",,보통
Assets/Data/UnitSkills/SkillData_원작능력_변화됨_강재규_A0S7.asset,원작능력,A0S7,!전격-캐럿,코드 파일명에서,ReplaceableTextures\CommandButtons\BTNFrostTower.blp,맵밖,std_btnfrosttower.png,"웹(리포지드 HD, 이름 일치)",,높음
Assets/Data/UnitSkills/SkillData_원작능력_변화됨_김건.asset,원작능력,A041,!패기의 탄환,코드 description에서,ReplaceableTextures\CommandButtons\BTNHumanMissileUpOne.blp,맵밖,std_btnhumanmissileupone.png,"웹(리포지드 HD, 이름 일치)",,높음
Assets/Data/UnitSkills/SkillData_원작능력_변화됨_박은석.asset,원작능력,A0S7,!전격-캐럿,코드 description에서,ReplaceableTextures\CommandButtons\BTNFrostTower.blp,맵밖,std_btnfrosttower.png,"웹(리포지드 HD, 이름 일치)",,높음
Assets/Data/UnitSkills/SkillData_원작능력_변화됨_박은석_Transpom1_1of20.asset,원작능력,A0WD,!공작스트링-비변,아이콘 있는 코드 없음 → 유닛 uid h05W(비비 알라바스타의 왕녀 - 변)의 대표 능력,ReplaceableTextures\PassiveButtons\PASBTNUpgradeMoonGlaive.blp,맵밖,std_btnupgrademoonglaive.png,"웹(PASBTN→BTN 같은 그림, 패시브 틀만 다름)",,낮음
Assets/Data/UnitSkills/SkillData_원작능력_변화됨_최상호.asset,원작능력,A0GD,!숲숲 열매,코드 skillName에서,ReplaceableTextures\CommandButtons\BTNNightElfBuild.blp,맵밖,std_btnnightelfbuild.png,"웹(리포지드 HD, 이름 일치)",,높음
Assets/Data/UnitSkills/SkillData_원작능력_불멸_고도현.asset,원작능력,A0EM,!명왕의 검술,코드 skillName에서,ReplaceableTextures\CommandButtons\BTNHoldPosition.blp,맵밖,std_btnholdposition.png,"웹(리포지드 HD, 이름 일치)",A13U(맵밖) | A0T1(맵밖),높음
Assets/Data/UnitSkills/SkillData_원작능력_불멸_김용태.asset,원작능력,A0LS,!천신,코드 skillName에서,BTNShiki_IM.blp,맵안,A0LS_!천신.png,원작 맵 안,,높음
Assets/Data/UnitSkills/SkillData_원작능력_불멸_김용태_A08V.asset,원작능력,A0FT,!폭풍-드불,아이콘 있는 코드 없음 → 트리거 Dragon_Attack(몽키.D.드래곤 혁명군의 수장)의 대표 능력,ReplaceableTextures\CommandButtons\BTNTranquility.blp,맵밖,std_btntranquility.png,"웹(리포지드 HD, 이름 일치)",,낮음
Assets/Data/UnitSkills/SkillData_원작능력_불멸_김용태_A0FI.asset,원작능력,A0FI,!카무사리,코드 파일명에서,ReplaceableTextures\CommandButtons\BTNUltravision.blp,맵밖,std_btnultravision.png,"웹(리포지드 HD, 이름 일치)",,높음
Assets/Data/UnitSkills/SkillData_원작능력_불멸_박은석.asset,원작능력,A05P,!대구경 탄환2,코드 skillName에서,ReplaceableTextures\CommandButtons\BTNHumanArtilleryUpOne.blp,맵밖,std_btnhumanartilleryupone.png,"웹(리포지드 HD, 이름 일치)",,높음
Assets/Data/UnitSkills/SkillData_원작능력_불멸_신지우.asset,원작능력,A0DP,!무장색의 패기-가반,코드 skillName에서,ReplaceableTextures\CommandButtons\BTNDeepLordRevenant.blp,맵밖,std_btndeeplordrevenant.png,"웹(리포지드 HD, 이름 일치)",A0H5(맵밖) | A0ET(맵밖),높음
Assets/Data/UnitSkills/SkillData_원작능력_불멸_신지우_A0EJ_A120.asset,원작능력,A04F,#천왕의 검술1,아이콘 있는 코드 없음 → 유닛 uid h04F(스코퍼 가반 로져 해적단의 검)의 대표 능력,BTNGaban.blp,맵안,A04F_#천왕의검술1.png,원작 맵 안,,낮음
Assets/Data/UnitSkills/SkillData_원작능력_불멸_신지우_A0ET.asset,원작능력,A0ET,!급소베기-가반,코드 파일명에서,ReplaceableTextures\CommandButtons\BTNUpgradeRegenerationAura.blp,맵밖,std_btnupgraderegenerationaura.png,"웹(리포지드 HD, 이름 일치)",A0DP(맵밖),높음
Assets/Data/UnitSkills/SkillData_원작능력_불멸_신지우_A0H5.asset,원작능력,A0H5,!마음의 눈,코드 파일명에서,ReplaceableTextures\CommandButtons\BTNCharm.blp,맵밖,std_btncharm.png,"웹(리포지드 HD, 이름 일치)",A0DP(맵밖),높음
Assets/Data/UnitSkills/SkillData_원작능력_불멸_이승우_A044.asset,원작능력,A044,!패기의 주먹,코드 파일명에서,ReplaceableTextures\CommandButtons\BTNGolemThunderclap.blp,맵밖,std_btngolemthunderclap.png,"웹(리포지드 HD, 이름 일치)",,높음
Assets/Data/UnitSkills/SkillData_원작능력_불멸_이이삭.asset,원작능력,A0D8,!부처의 일격 센불,코드 description에서,ReplaceableTextures\CommandButtons\BTNInvulnerable.blp,맵밖,std_btninvulnerable.png,"웹(리포지드 HD, 이름 일치)",,보통
Assets/Data/UnitSkills/SkillData_원작능력_불멸_정윤식_A0EM.asset,원작능력,A0EM,!명왕의 검술,코드 파일명에서,ReplaceableTextures\CommandButtons\BTNHoldPosition.blp,맵밖,std_btnholdposition.png,"웹(리포지드 HD, 이름 일치)",A0EO(맵밖),높음
Assets/Data/UnitSkills/SkillData_원작능력_불멸_정윤식_A0EO.asset,원작능력,A0EO,!순속,코드 파일명에서,ReplaceableTextures\CommandButtons\BTNWispSplode.blp,맵밖,std_btnwispsplode.png,"웹(리포지드 HD, 이름 일치)",,높음
Assets/Data/UnitSkills/SkillData_원작능력_불멸_정준영_A0IT.asset,원작능력,A0IT,!강철 풍선,코드 파일명에서,ReplaceableTextures\CommandButtons\BTNPotionOfRestoration.blp,맵밖,std_btnpotionofrestoration.png,"웹(리포지드 HD, 이름 일치)",,높음
Assets/Data/UnitSkills/SkillData_원작능력_불멸_정준영_A0SN.asset,원작능력,A0SN,!백수의 왕,코드 파일명에서,ReplaceableTextures\CommandButtons\BTNBlackDragon.blp,맵밖,std_btnblackdragon.png,"웹(리포지드 HD, 이름 일치)",,높음
Assets/Data/UnitSkills/SkillData_원작능력_불멸_정준영_A0YY.asset,원작능력,A0YY,!산적왕의 검기,코드 파일명에서,Model\BTN_Higma_skill_4,못찾음,,,A0IT(맵밖) | A0ZV(맵밖) | A0SN(맵밖) | A0Z8(못찾음) | A0YZ(맵안) | A13R(맵안) | A13P(맵안) | A13O(맵안) | A13Q(맵안),높음
Assets/Data/UnitSkills/SkillData_원작능력_불멸_정준영_A0YZ.asset,원작능력,A0YZ,!총알세례,코드 파일명에서,ReplaceableTextures\CommandButtons\BTN_Higma_s.blp,맵안,A0YZ_!총알세례.png,원작 맵 안,,높음
Assets/Data/UnitSkills/SkillData_원작능력_불멸_정준영_A0Z8.asset,원작능력,A0Z8,!권총 던지기,코드 파일명에서,Model\BTN_Higma_skill_5,못찾음,,,A0IT(맵밖) | A0ZV(맵밖) | A0SN(맵밖) | A0YY(못찾음) | A0YZ(맵안) | A13R(맵안) | A13P(맵안) | A13O(맵안) | A13Q(맵안),높음
Assets/Data/UnitSkills/SkillData_원작능력_불멸_정준영_A0ZV.asset,원작능력,A0ZV,!브레스-카이도,코드 파일명에서,ReplaceableTextures\CommandButtons\BTNBreathOfFire.blp,맵밖,std_btnbreathoffire.png,"웹(리포지드 HD, 이름 일치)",,높음
Assets/Data/UnitSkills/SkillData_원작능력_불멸_정준영_A13O.asset,원작능력,A13O,!부유물-돌,코드 파일명에서,BTNsinobu_s1.blp,맵안,A0U9_!닌술-수리검.png,원작 맵 안,,높음
Assets/Data/UnitSkills/SkillData_원작능력_불멸_정준영_A13P.asset,원작능력,A13P,!부유물-돌31,코드 파일명에서,BTNsinobu_s1.blp,맵안,A0U9_!닌술-수리검.png,원작 맵 안,,높음
Assets/Data/UnitSkills/SkillData_원작능력_불멸_정준영_A13Q.asset,원작능력,A13Q,!부유물-돌1,코드 파일명에서,BTNsinobu_s1.blp,맵안,A0U9_!닌술-수리검.png,원작 맵 안,,높음
Assets/Data/UnitSkills/SkillData_원작능력_불멸_정준영_A13R.asset,원작능력,A13R,!부유물-돌2,코드 파일명에서,BTNsinobu_s1.blp,맵안,A0U9_!닌술-수리검.png,원작 맵 안,,높음
Assets/Data/UnitSkills/SkillData_원작능력_안흔함_문필환.asset,원작능력,A04C,!잠의 노래 프람,코드 skillName에서,ReplaceableTextures\CommandButtons\BTNSleep.blp,맵밖,std_btnsleep.png,"웹(리포지드 HD, 이름 일치)",,높음
Assets/Data/UnitSkills/SkillData_원작능력_안흔함_박민수.asset,원작능력,A06P,!어인,코드 skillName에서,ReplaceableTextures\CommandButtons\BTNNagaMyrmidon.blp,맵밖,std_btnnagamyrmidon.png,"웹(리포지드 HD, 이름 일치)",,높음
Assets/Data/UnitSkills/SkillData_원작능력_안흔함_엄태웅.asset,원작능력,A06J,!이글이글열매,코드 skillName에서,ReplaceableTextures\CommandButtons\BTNFire.blp,맵밖,std_btnfire.png,"웹(리포지드 HD, 이름 일치)",,높음
Assets/Data/UnitSkills/SkillData_원작능력_안흔함_이재윤.asset,원작능력,A03M,!시구레,코드 skillName에서,ReplaceableTextures\CommandButtons\BTNThoriumMelee.blp,맵밖,std_btnthoriummelee.png,"웹(리포지드 HD, 이름 일치)",,높음
Assets/Data/UnitSkills/SkillData_원작능력_안흔함_이호준.asset,원작능력,A046,!육식,코드 skillName에서,ReplaceableTextures\CommandButtons\BTNTinyCastle.blp,맵밖,std_btntinycastle.png,"웹(리포지드 HD, 이름 일치)",,높음
Assets/Data/UnitSkills/SkillData_원작능력_안흔함_황정기.asset,원작능력,A046,!육식,코드 skillName에서,ReplaceableTextures\CommandButtons\BTNTinyCastle.blp,맵밖,std_btntinycastle.png,"웹(리포지드 HD, 이름 일치)",,높음
Assets/Data/UnitSkills/SkillData_원작능력_영원_김영원.asset,원작능력,A0G3,!최강의 참격,코드 skillName에서,BTNMihawkicon4.blp,맵안,A0G3_!최강의참격.png,원작 맵 안,,높음
Assets/Data/UnitSkills/SkillData_원작능력_영원_김정래.asset,원작능력,A0OU,!웨스턴 액션,코드 skillName에서,ReplaceableTextures\CommandButtons\BTNHumanArtilleryUpOne.blp,맵밖,std_btnhumanartilleryupone.png,"웹(리포지드 HD, 이름 일치)",A0F1(맵밖) | A0E4(맵밖) | A0M8(맵밖),높음
Assets/Data/UnitSkills/SkillData_원작능력_영원_김정래_A0M8.asset,원작능력,A0M8,!해적파견조직총수,코드 파일명에서,ReplaceableTextures\CommandButtons\BTNHumanBarracks.blp,맵밖,std_btnhumanbarracks.png,"웹(리포지드 HD, 이름 일치)",,높음
Assets/Data/UnitSkills/SkillData_원작능력_영원_문필환.asset,원작능력,,,코드·트리거·uid를 못 찾음,,아이콘없음,,,,없음
Assets/Data/UnitSkills/SkillData_원작능력_영원_문필환_A0LZ.asset,원작능력,A0LZ,!알라바스타-비영,코드 파일명에서,BTNgun.blp,맵안,A0LZ_!알라바스타-비영.png,원작 맵 안,,높음
Assets/Data/UnitSkills/SkillData_원작능력_영원_서민성.asset,원작능력,A0LZ,!알라바스타-비영,코드 skillName에서,BTNgun.blp,맵안,A0LZ_!알라바스타-비영.png,원작 맵 안,,높음
Assets/Data/UnitSkills/SkillData_원작능력_영원_이지원.asset,원작능력,A0M8,!해적파견조직총수,코드 skillName에서,ReplaceableTextures\CommandButtons\BTNHumanBarracks.blp,맵밖,std_btnhumanbarracks.png,"웹(리포지드 HD, 이름 일치)",,높음
Assets/Data/UnitSkills/SkillData_원작능력_영원_이지원_A15P.asset,원작능력,A15P,!고무고무 열매,코드 파일명에서,ReplaceableTextures\CommandButtons\BTNBearBlink.blp,맵밖,std_btnbearblink.png,"웹(리포지드 HD, 이름 일치)",,높음
Assets/Data/UnitSkills/SkillData_원작능력_영원_조세민.asset,원작능력,A0J7,!쿠사의 패기,코드 skillName에서,ReplaceableTextures\CommandButtons\BTNStaffOfPreservation.blp,맵밖,std_btnstaffofpreservation.png,"웹(리포지드 HD, 이름 일치)",,높음
Assets/Data/UnitSkills/SkillData_원작능력_영원_최상호.asset,원작능력,A0J7,!쿠사의 패기,코드 description에서,ReplaceableTextures\CommandButtons\BTNStaffOfPreservation.blp,맵밖,std_btnstaffofpreservation.png,"웹(리포지드 HD, 이름 일치)",,보통
Assets/Data/UnitSkills/SkillData_원작능력_영원_최상호_A0EA.asset,원작능력,A0EA,!듀랜달,코드 파일명에서,ReplaceableTextures\CommandButtons\BTNThoriumMelee.blp,맵밖,std_btnthoriummelee.png,"웹(리포지드 HD, 이름 일치)",,높음
Assets/Data/UnitSkills/SkillData_원작능력_영원_최상호_A0G3.asset,원작능력,A0G3,!최강의 참격,코드 파일명에서,BTNMihawkicon4.blp,맵안,A0G3_!최강의참격.png,원작 맵 안,,높음
Assets/Data/UnitSkills/SkillData_원작능력_영원_최상호_A0HV.asset,원작능력,A0HV,!흑도-일섬,코드 파일명에서,gemlight.blp,맵안,A0HV_!흑도-일섬.png,원작 맵 안,,높음
Assets/Data/UnitSkills/SkillData_원작능력_전설적인_구주호_A0J0.asset,원작능력,A0J0,4지정 장난감화,코드 파일명에서,ReplaceableTextures\CommandButtons\BTNClockWerkGoblin.blp,맵밖,std_btnclockwerkgoblin.png,"웹(리포지드 HD, 이름 일치)",,높음
Assets/Data/UnitSkills/SkillData_원작능력_전설적인_구주호_Legend27.asset,원작능력,A080,!@#판매,코드 description에서,ReplaceableTextures\CommandButtons\BTNMedalionOfCourage.blp,맵밖,std_btnmedalionofcourage.png,"웹(리포지드 HD, 이름 일치)",,보통
Assets/Data/UnitSkills/SkillData_원작능력_전설적인_김건_A0FC.asset,원작능력,A0FC,!용용열매 고대종-파키케팔로1,코드 파일명에서,ReplaceableTextures\CommandButtons\BTNJungleBeast.blp,맵밖,std_btnjunglebeast.png,"웹(리포지드 HD, 이름 일치)",,높음
Assets/Data/UnitSkills/SkillData_원작능력_전설적인_김민규.asset,원작능력,A0JW,!배리어 피스트,코드 description에서,ReplaceableTextures\CommandButtons\BTNHumanArmorUpThree.blp,맵밖,std_btnhumanarmorupthree.png,"웹(리포지드 HD, 이름 일치)",A0TL(맵안),보통
Assets/Data/UnitSkills/SkillData_원작능력_전설적인_김민규_A0U7.asset,원작능력,A0U7,!인술 분신,코드 파일명에서,ReplaceableTextures\CommandButtons\BTNAmbush.blp,맵밖,std_btnambush.png,"웹(리포지드 HD, 이름 일치)",,높음
Assets/Data/UnitSkills/SkillData_원작능력_전설적인_김용태_Legend3.asset,원작능력,A0SX,B삭풍,아이콘 있는 코드 없음 → 유닛 uid h02W(몽키.D.드래곤 세계최악의 범)의 대표 능력,beam_smokegrey.blp,맵안,A0SX_B삭풍.png,원작 맵 안,,낮음
Assets/Data/UnitSkills/SkillData_원작능력_전설적인_노태현_A0DG.asset,원작능력,A0DG,!가스가스 열매,코드 파일명에서,ReplaceableTextures\PassiveButtons\PASBTNPlagueCloud.blp,맵밖,std_btnplaguecloud.png,"웹(PASBTN→BTN 같은 그림, 패시브 틀만 다름)",,높음
Assets/Data/UnitSkills/SkillData_원작능력_전설적인_박민석.asset,원작능력,A08H,!샨디아의 기운,코드 skillName에서,ReplaceableTextures\CommandButtons\BTNAdvancedMoonArmor.blp,맵밖,std_btnadvancedmoonarmor.png,"웹(리포지드 HD, 이름 일치)",,높음
Assets/Data/UnitSkills/SkillData_원작능력_전설적인_박민석_A08G.asset,원작능력,A08G,C전설 카르가라 샨디아의 창,코드 파일명에서,ReplaceableTextures\CommandButtons\BTNAdvancedStrengthOfTheMoon.blp,맵밖,std_btnadvancedstrengthofthemoon.png,"웹(리포지드 HD, 이름 일치)",,높음
Assets/Data/UnitSkills/SkillData_원작능력_전설적인_박민석_A0VW.asset,원작능력,A0YO,B!샨디아의 대전사,아이콘 있는 코드 없음 → 유닛 uid h03F(카르가라 샨디아의 대전사 - )의 대표 능력,ReplaceableTextures\CommandButtons\BTNCorruptedEnt.blp,맵밖,std_btncorruptedent.png,"웹(리포지드 HD, 이름 일치)",,낮음
Assets/Data/UnitSkills/SkillData_원작능력_전설적인_박민수.asset,원작능력,A0JW,!배리어 피스트,코드 skillName에서,ReplaceableTextures\CommandButtons\BTNHumanArmorUpThree.blp,맵밖,std_btnhumanarmorupthree.png,"웹(리포지드 HD, 이름 일치)",,높음
Assets/Data/UnitSkills/SkillData_원작능력_전설적인_박병규.asset,원작능력,A0IS,!화이트 블로우,코드 description에서,ReplaceableTextures\CommandButtons\BTNAdvancedStrengthOfTheWild.blp,맵밖,std_btnadvancedstrengthofthewild.png,"웹(리포지드 HD, 이름 일치)",,보통
Assets/Data/UnitSkills/SkillData_원작능력_전설적인_박성호.asset,원작능력,A052,!고무고무 열매,코드 description에서,ReplaceableTextures\CommandButtons\BTNBearBlink.blp,맵밖,std_btnbearblink.png,"웹(리포지드 HD, 이름 일치)",,높음
Assets/Data/UnitSkills/SkillData_원작능력_전설적인_박성호_A052.asset,원작능력,A052,!고무고무 열매,코드 파일명에서,ReplaceableTextures\CommandButtons\BTNBearBlink.blp,맵밖,std_btnbearblink.png,"웹(리포지드 HD, 이름 일치)",,높음
Assets/Data/UnitSkills/SkillData_원작능력_전설적인_박은석.asset,원작능력,A0GH,!무장색의패기-제파,코드 description에서,ReplaceableTextures\CommandButtons\BTNLightningShield.blp,맵밖,std_btnlightningshield.png,"웹(리포지드 HD, 이름 일치)",,높음
Assets/Data/UnitSkills/SkillData_원작능력_전설적인_박은석_A0GH.asset,원작능력,A0GH,!무장색의패기-제파,코드 파일명에서,ReplaceableTextures\CommandButtons\BTNLightningShield.blp,맵밖,std_btnlightningshield.png,"웹(리포지드 HD, 이름 일치)",,높음
Assets/Data/UnitSkills/SkillData_원작능력_전설적인_백기현.asset,원작능력,A03X,!패기의 검술,코드 description에서,ReplaceableTextures\PassiveButtons\PASBTNVorpalBlades.blp,맵밖,std_btnvorpalblades.png,"웹(PASBTN→BTN 같은 그림, 패시브 틀만 다름)",,보통
Assets/Data/UnitSkills/SkillData_원작능력_전설적인_백기현_A03X.asset,원작능력,A03X,!패기의 검술,코드 파일명에서,ReplaceableTextures\PassiveButtons\PASBTNVorpalBlades.blp,맵밖,std_btnvorpalblades.png,"웹(PASBTN→BTN 같은 그림, 패시브 틀만 다름)",,높음
Assets/Data/UnitSkills/SkillData_원작능력_전설적인_백기현_A0PA.asset,원작능력,A03X,!패기의 검술,아이콘 있는 코드 없음 → 유닛 uid h035(샹크스 사황 '붉은머리' - )의 대표 능력,ReplaceableTextures\PassiveButtons\PASBTNVorpalBlades.blp,맵밖,std_btnvorpalblades.png,"웹(PASBTN→BTN 같은 그림, 패시브 틀만 다름)",,낮음
Assets/Data/UnitSkills/SkillData_원작능력_전설적인_신문철.asset,원작능력,A0T0,!바닷물 가두기,아이콘 있는 코드 없음 → 트리거 Legend4(시키 금사자 - 전설적인)의 대표 능력,ReplaceableTextures\CommandButtons\BTNOrbOfFrost.blp,맵밖,std_btnorboffrost.png,"웹(리포지드 HD, 이름 일치)",,낮음
Assets/Data/UnitSkills/SkillData_원작능력_전설적인_신문철_Legend4_h07F.asset,원작능력,A14N,!부유물-전설,코드 description에서,BTNsinobu_s1.blp,맵안,A0U9_!닌술-수리검.png,원작 맵 안,,보통
Assets/Data/UnitSkills/SkillData_원작능력_전설적인_신지우.asset,원작능력,A0I6,!인젝션 샷,아이콘 있는 코드 없음 → 트리거 Legend16sc(트라팔가 로우 하트 해적단 선)의 대표 능력,BTN_injection.blp,맵안,A0I6_!인젝션샷.png,원작 맵 안,,낮음
Assets/Data/UnitSkills/SkillData_원작능력_전설적인_신지우_A0GA.asset,원작능력,A0I6,!인젝션 샷,아이콘 있는 코드 없음 → 유닛 uid h03C(트라팔가 로우 하트 해적단 선)의 대표 능력,BTN_injection.blp,맵안,A0I6_!인젝션샷.png,원작 맵 안,,낮음
Assets/Data/UnitSkills/SkillData_원작능력_전설적인_양문호.asset,원작능력,A10Y,!레이드 슈트,코드 description에서,ReplaceableTextures\CommandButtons\BTNMoonArmor.blp,맵밖,std_btnmoonarmor.png,"웹(리포지드 HD, 이름 일치)",,높음
Assets/Data/UnitSkills/SkillData_원작능력_전설적인_양문호_Legend20_1of12.asset,원작능력,A0PJ,B3장성 크래커,아이콘 있는 코드 없음 → 유닛 uid h03H(샬롯 크래커 빅맘 3장성 - )의 대표 능력,BTNcra.blp,맵안,A02C_[조합].png,원작 맵 안,,낮음
Assets/Data/UnitSkills/SkillData_원작능력_전설적인_양재모.asset,원작능력,A16L,!화이트아웃,코드 skillName에서,ReplaceableTextures\CommandButtons\BTNHornOfDoom.blp,맵밖,std_btnhornofdoom.png,"웹(리포지드 HD, 이름 일치)",,높음
Assets/Data/UnitSkills/SkillData_원작능력_전설적인_양재모_A10U.asset,원작능력,A10U,!화재-리,코드 파일명에서,BTN_King_Skill.blp,맵안,A10P_!화재-리.png,원작 맵 안,,높음
Assets/Data/UnitSkills/SkillData_원작능력_전설적인_양재모_Legend33.asset,원작능력,A12R,B화재-패시브방깍,코드 description에서,ReplaceableTextures\CommandButtons\BTNCorruptedEnt.blp,맵밖,std_btncorruptedent.png,"웹(리포지드 HD, 이름 일치)",,보통
Assets/Data/UnitSkills/SkillData_원작능력_전설적인_엄태웅.asset,원작능력,A0W6,A이속감소 계열 크리마,코드 description에서,BTNLailley.blp,맵안,A03V_A룸이속감소1.png,원작 맵 안,A0O7(맵안),보통
Assets/Data/UnitSkills/SkillData_원작능력_전설적인_이승우.asset,원작능력,A08H,!샨디아의 기운,코드 description에서,ReplaceableTextures\CommandButtons\BTNAdvancedMoonArmor.blp,맵밖,std_btnadvancedmoonarmor.png,"웹(리포지드 HD, 이름 일치)",,높음
Assets/Data/UnitSkills/SkillData_원작능력_전설적인_이승우_Legend12_25.asset,원작능력,A0F6,!레드라인을 부수는 박치기,아이콘 있는 코드 없음 → 유닛 uid h02Q(라분 레드라인을 넘으려는 향유)의 대표 능력,ReplaceableTextures\CommandButtons\BTNThunderLizard.blp,맵밖,std_btnthunderlizard.png,"웹(리포지드 HD, 이름 일치)",,낮음
Assets/Data/UnitSkills/SkillData_원작능력_전설적인_이시원.asset,원작능력,A06M,!죽음의 경지,코드 description에서,ReplaceableTextures\CommandButtons\BTNCorpseExplode.blp,맵밖,std_btncorpseexplode.png,"웹(리포지드 HD, 이름 일치)",A0L4(맵밖),보통
Assets/Data/UnitSkills/SkillData_원작능력_전설적인_이시원_A0L4.asset,원작능력,A0L4,!코비 체,코드 파일명에서,ReplaceableTextures\CommandButtons\BTNHoldPosition.blp,맵밖,std_btnholdposition.png,"웹(리포지드 HD, 이름 일치)",,높음
Assets/Data/UnitSkills/SkillData_원작능력_전설적인_이유선.asset,원작능력,A058,!인의 액티브,코드 description에서,ReplaceableTextures\CommandButtons\BTNPolymorph.blp,맵밖,std_btnpolymorph.png,"웹(리포지드 HD, 이름 일치)",,높음
Assets/Data/UnitSkills/SkillData_원작능력_전설적인_이일중.asset,원작능력,A0JW,!배리어 피스트,코드 description에서,ReplaceableTextures\CommandButtons\BTNHumanArmorUpThree.blp,맵밖,std_btnhumanarmorupthree.png,"웹(리포지드 HD, 이름 일치)",A0TL(맵안),보통
Assets/Data/UnitSkills/SkillData_원작능력_전설적인_이일중_A0U7.asset,원작능력,A0U7,!인술 분신,코드 파일명에서,ReplaceableTextures\CommandButtons\BTNAmbush.blp,맵밖,std_btnambush.png,"웹(리포지드 HD, 이름 일치)",,높음
Assets/Data/UnitSkills/SkillData_원작능력_전설적인_이재윤.asset,원작능력,A0K9,!썩 괜찮은 인생이었다.,코드 skillName에서,ReplaceableTextures\CommandButtons\BTNGreaterInvisibility.blp,맵밖,std_btngreaterinvisibility.png,"웹(리포지드 HD, 이름 일치)",A0EN(맵밖),높음
Assets/Data/UnitSkills/SkillData_원작능력_전설적인_이현주.asset,원작능력,A05S,!매료매료 열매,코드 skillName에서,ReplaceableTextures\CommandButtons\BTNSnazzyPotion.blp,맵밖,std_btnsnazzypotion.png,"웹(리포지드 HD, 이름 일치)",,높음
Assets/Data/UnitSkills/SkillData_원작능력_전설적인_임건웅.asset,원작능력,A0GH,!무장색의패기-제파,코드 description에서,ReplaceableTextures\CommandButtons\BTNLightningShield.blp,맵밖,std_btnlightningshield.png,"웹(리포지드 HD, 이름 일치)",,보통
Assets/Data/UnitSkills/SkillData_원작능력_전설적인_임건웅_A08M.asset,원작능력,A08M,&포이즌 핑크,코드 파일명에서,ReplaceableTextures\CommandButtons\BTNPurpleFelhound.blp,맵밖,std_btnpurplefelhound.png,"웹(리포지드 HD, 이름 일치)",,높음
Assets/Data/UnitSkills/SkillData_원작능력_전설적인_임장혁.asset,원작능력,A0IS,!화이트 블로우,코드 description에서,ReplaceableTextures\CommandButtons\BTNAdvancedStrengthOfTheWild.blp,맵밖,std_btnadvancedstrengthofthewild.png,"웹(리포지드 HD, 이름 일치)",,보통
Assets/Data/UnitSkills/SkillData_원작능력_전설적인_임채민.asset,원작능력,A03X,!패기의 검술,코드 description에서,ReplaceableTextures\PassiveButtons\PASBTNVorpalBlades.blp,맵밖,std_btnvorpalblades.png,"웹(PASBTN→BTN 같은 그림, 패시브 틀만 다름)",,보통
Assets/Data/UnitSkills/SkillData_원작능력_전설적인_임채민_A048.asset,원작능력,A048,!육식,코드 파일명에서,ReplaceableTextures\CommandButtons\BTNTinyCastle.blp,맵밖,std_btntinycastle.png,"웹(리포지드 HD, 이름 일치)",A074(맵밖),높음
Assets/Data/UnitSkills/SkillData_원작능력_전설적인_임채민_A074.asset,원작능력,A074,!불사조불사조열매,코드 파일명에서,ReplaceableTextures\CommandButtons\BTNMarkOfFire.blp,맵밖,std_btnmarkoffire.png,"웹(리포지드 HD, 이름 일치)",,높음
Assets/Data/UnitSkills/SkillData_원작능력_전설적인_임채현.asset,원작능력,A0FX,A중력중력열매,아이콘 있는 코드 없음 → 트리거 Legend11(후지토라 잇쇼우 '신'해군대장)의 대표 능력,ReplaceableTextures\CommandButtons\BTNAmuletOftheWild.blp,맵밖,std_btnamuletofthewild.png,"웹(리포지드 HD, 이름 일치)",,낮음
Assets/Data/UnitSkills/SkillData_원작능력_전설적인_임채현_A0FC.asset,원작능력,A0FC,!용용열매 고대종-파키케팔로1,코드 파일명에서,ReplaceableTextures\CommandButtons\BTNJungleBeast.blp,맵밖,std_btnjunglebeast.png,"웹(리포지드 HD, 이름 일치)",,높음
Assets/Data/UnitSkills/SkillData_원작능력_전설적인_정윤식.asset,원작능력,A0QL,!어인족 수장1,코드 description에서,BTNjimbae.blp,맵안,A01E_[조합].png,원작 맵 안,,보통
Assets/Data/UnitSkills/SkillData_원작능력_전설적인_정윤식_A0QL.asset,원작능력,A0QL,!어인족 수장1,코드 파일명에서,BTNjimbae.blp,맵안,A01E_[조합].png,원작 맵 안,,높음
Assets/Data/UnitSkills/SkillData_원작능력_전설적인_정준영.asset,원작능력,A0QL,!어인족 수장1,코드 description에서,BTNjimbae.blp,맵안,A01E_[조합].png,원작 맵 안,A0IS(맵밖),보통
Assets/Data/UnitSkills/SkillData_원작능력_전설적인_정준영_A06M.asset,원작능력,A06M,!죽음의 경지,코드 파일명에서,ReplaceableTextures\CommandButtons\BTNCorpseExplode.blp,맵밖,std_btncorpseexplode.png,"웹(리포지드 HD, 이름 일치)",,높음
Assets/Data/UnitSkills/SkillData_원작능력_전설적인_정준영_A0IS.asset,원작능력,A0IS,!화이트 블로우,코드 파일명에서,ReplaceableTextures\CommandButtons\BTNAdvancedStrengthOfTheWild.blp,맵밖,std_btnadvancedstrengthofthewild.png,"웹(리포지드 HD, 이름 일치)",,높음
Assets/Data/UnitSkills/SkillData_원작능력_전설적인_정준영_A0PQ.asset,원작능력,A0PQ,!강철을 벤 사나이,코드 파일명에서,ReplaceableTextures\CommandButtons\BTNTrueShot.blp,맵밖,std_btntrueshot.png,"웹(리포지드 HD, 이름 일치)",A0IS(맵밖) | A06M(맵밖) | A16L(맵밖) | A0QL(맵안),높음
Assets/Data/UnitSkills/SkillData_원작능력_전설적인_정준영_Legend9_Mana.asset,원작능력,A16L,!화이트아웃,아이콘 있는 코드 없음 → 유닛 uid h02V(스모커 집념의 해군 중장 - )의 대표 능력,ReplaceableTextures\CommandButtons\BTNHornOfDoom.blp,맵밖,std_btnhornofdoom.png,"웹(리포지드 HD, 이름 일치)",,낮음
Assets/Data/UnitSkills/SkillData_원작능력_전설적인_진연서.asset,원작능력,A0ER,B명왕의 패기,아이콘 있는 코드 없음 → 트리거 Legend7(실버즈 레일리 로저해적단 부선)의 대표 능력,ReplaceableTextures\CommandButtons\BTNCharm.blp,맵밖,std_btncharm.png,"웹(리포지드 HD, 이름 일치)",,낮음
Assets/Data/UnitSkills/SkillData_원작능력_전설적인_진연서_A0EN.asset,원작능력,A0EN,!명왕의 검술,코드 파일명에서,ReplaceableTextures\CommandButtons\BTNHoldPosition.blp,맵밖,std_btnholdposition.png,"웹(리포지드 HD, 이름 일치)",,높음
Assets/Data/UnitSkills/SkillData_원작능력_전설적인_진연서_Legend7_stomp.asset,원작능력,A0ER,B명왕의 패기,아이콘 있는 코드 없음 → 유닛 uid h03A(실버즈 레일리 로저해적단 부선)의 대표 능력,ReplaceableTextures\CommandButtons\BTNCharm.blp,맵밖,std_btncharm.png,"웹(리포지드 HD, 이름 일치)",,낮음
Assets/Data/UnitSkills/SkillData_원작능력_전설적인_최상호.asset,원작능력,A0PQ,!강철을 벤 사나이,코드 skillName에서,ReplaceableTextures\CommandButtons\BTNTrueShot.blp,맵밖,std_btntrueshot.png,"웹(리포지드 HD, 이름 일치)",,높음
Assets/Data/UnitSkills/SkillData_원작능력_전설적인_홍인창.asset,원작능력,A0O7,!그림자 일격-일도양단,코드 description에서,T_VFX_HERO_AURA_SQUARE.blp,맵안,A0O7_!그림자일격-일도양단.png,원작 맵 안,,보통
Assets/Data/UnitSkills/SkillData_원작능력_전설적인_홍인창_A0O7.asset,원작능력,A0O7,!그림자 일격-일도양단,코드 파일명에서,T_VFX_HERO_AURA_SQUARE.blp,맵안,A0O7_!그림자일격-일도양단.png,원작 맵 안,A0ET(맵밖),높음
Assets/Data/UnitSkills/SkillData_원작능력_제한_강보명_A0GK.asset,원작능력,A0GK,!단신 최강,코드 파일명에서,ReplaceableTextures\CommandButtons\BTNHeroDreadLord.blp,맵밖,std_btnherodreadlord.png,"웹(리포지드 HD, 이름 일치)",A0GM(맵밖),높음
Assets/Data/UnitSkills/SkillData_원작능력_제한_강보명_A0GM.asset,원작능력,A0GM,!끓어오르는피,코드 파일명에서,ReplaceableTextures\CommandButtons\BTNPhilosophersStone.blp,맵밖,std_btnphilosophersstone.png,"웹(리포지드 HD, 이름 일치)",,높음
Assets/Data/UnitSkills/SkillData_원작능력_제한_김민규.asset,원작능력,A0QQ,!견문색의 패기-카타쿠리,코드 skillName에서,ReplaceableTextures\CommandButtons\BTNSentryWard.blp,맵밖,std_btnsentryward.png,"웹(리포지드 HD, 이름 일치)",,높음
Assets/Data/UnitSkills/SkillData_원작능력_제한_김민규_A0QO.asset,원작능력,A0QO,!떡떡열매,코드 파일명에서,ReplaceableTextures\CommandButtons\BTNStone.blp,맵밖,std_btnstone.png,"웹(리포지드 HD, 이름 일치)",,높음
Assets/Data/UnitSkills/SkillData_원작능력_제한_박성호.asset,원작능력,A0QO,!떡떡열매,코드 skillName에서,ReplaceableTextures\CommandButtons\BTNStone.blp,맵밖,std_btnstone.png,"웹(리포지드 HD, 이름 일치)",,높음
Assets/Data/UnitSkills/SkillData_원작능력_제한_이유범.asset,원작능력,A0GM,!끓어오르는피,코드 skillName에서,ReplaceableTextures\CommandButtons\BTNPhilosophersStone.blp,맵밖,std_btnphilosophersstone.png,"웹(리포지드 HD, 이름 일치)",,높음
Assets/Data/UnitSkills/SkillData_원작능력_제한_이충민.asset,원작능력,A15N,!봉황인,코드 skillName에서,BTNMarco_skill_3.blp,맵안,A15N_!봉황인.png,원작 맵 안,,높음
Assets/Data/UnitSkills/SkillData_원작능력_제한_이충민_A0RQ.asset,원작능력,A0RQ,!폭발탄 사격,코드 파일명에서,ReplaceableTextures\CommandButtons\BTNGhoulFrenzy.blp,맵밖,std_btnghoulfrenzy.png,"웹(리포지드 HD, 이름 일치)",,높음
Assets/Data/UnitSkills/SkillData_원작능력_제한_임준성.asset,원작능력,A17K,!불사조의 불꽃,코드 skillName에서,BTNMarco_skill_1.blp,맵안,A17K_!불사조의불꽃.png,원작 맵 안,,높음
Assets/Data/UnitSkills/SkillData_원작능력_제한_전법규.asset,원작능력,A05M,!뇌영,코드 skillName에서,ReplaceableTextures\CommandButtons\BTNOrbOfLightning.blp,맵밖,std_btnorboflightning.png,"웹(리포지드 HD, 이름 일치)",,높음
Assets/Data/UnitSkills/SkillData_원작능력_제한_최영민_A0GD.asset,원작능력,A0GD,!숲숲 열매,코드 파일명에서,ReplaceableTextures\CommandButtons\BTNNightElfBuild.blp,맵밖,std_btnnightelfbuild.png,"웹(리포지드 HD, 이름 일치)",,높음
Assets/Data/UnitSkills/SkillData_원작능력_제한_최영민_A0IV.asset,원작능력,A0IV,!트루에노 바스타드,코드 파일명에서,ReplaceableTextures\CommandButtons\BTNFlamingArrows.blp,맵밖,std_btnflamingarrows.png,"웹(리포지드 HD, 이름 일치)",,높음
Assets/Data/UnitSkills/SkillData_원작능력_제한_최영민_A0QV.asset,원작능력,A0QV,!배수의 검무,코드 파일명에서,ReplaceableTextures\CommandButtons\BTNFountainOfLife.blp,맵밖,std_btnfountainoflife.png,"웹(리포지드 HD, 이름 일치)",,높음
Assets/Data/UnitSkills/SkillData_원작능력_제한_최영민_A17K.asset,원작능력,A17K,!불사조의 불꽃,코드 파일명에서,BTNMarco_skill_1.blp,맵안,A17K_!불사조의불꽃.png,원작 맵 안,,높음
Assets/Data/UnitSkills/SkillData_원작능력_초월_강주혁_AP_A15Z.asset,원작능력,A15Z,!엔마,코드 파일명에서,ReplaceableTextures\CommandButtons\BTNitem_enmma.blp,맵안,A15Z_!엔마.png,원작 맵 안,,높음
Assets/Data/UnitSkills/SkillData_원작능력_초월_구주호_AD_A065.asset,원작능력,A065,!금쇄봉,코드 파일명에서,ReplaceableTextures\CommandButtons\BTNLichVersion2.blp,맵밖,std_btnlichversion2.png,"웹(리포지드 HD, 이름 일치)",,높음
Assets/Data/UnitSkills/SkillData_원작능력_초월_구주호_AD_A0CS.asset,원작능력,A0CS,!빛빛열매,코드 파일명에서,ReplaceableTextures\CommandButtons\BTNHolyBolt.blp,맵밖,std_btnholybolt.png,"웹(리포지드 HD, 이름 일치)",,높음
Assets/Data/UnitSkills/SkillData_원작능력_초월_김경현_AP_A0X4.asset,원작능력,A0X4,!고무고무 열매,코드 파일명에서,BTNSnakeman.blp,맵안,A0X4_!고무고무열매.png,원작 맵 안,,높음
Assets/Data/UnitSkills/SkillData_원작능력_초월_노태현_AP_A04D.asset,원작능력,A04D,!소울 솔리드,코드 파일명에서,ReplaceableTextures\CommandButtons\BTNSilence.blp,맵밖,std_btnsilence.png,"웹(리포지드 HD, 이름 일치)",,높음
Assets/Data/UnitSkills/SkillData_원작능력_초월_두유찬_AD_A0HA.asset,원작능력,A0HA,!용의 숨결,코드 파일명에서,ReplaceableTextures\CommandButtons\BTNPowerGenerator.blp,맵밖,std_btnpowergenerator.png,"웹(리포지드 HD, 이름 일치)",,높음
Assets/Data/UnitSkills/SkillData_원작능력_초월_박민수_AD_A0PZ.asset,원작능력,A0PZ,!이강력참1,코드 파일명에서,ReplaceableTextures\CommandButtons\BTNDizzy.blp,맵밖,std_btndizzy.png,"웹(리포지드 HD, 이름 일치)",,높음
Assets/Data/UnitSkills/SkillData_원작능력_초월_배성령_AD_A11Y.asset,원작능력,A11Y,!디아블 잠브-검은다리-상초,코드 파일명에서,ReplaceableTextures\CommandButtons\BTNBlackDragonRoost.blp,맵밖,std_btnblackdragonroost.png,"웹(리포지드 HD, 이름 일치)",,높음
Assets/Data/UnitSkills/SkillData_원작능력_초월_신문철_AP_A051.asset,원작능력,A051,!고무고무 열매,코드 파일명에서,ReplaceableTextures\CommandButtons\BTNBearBlink.blp,맵밖,std_btnbearblink.png,"웹(리포지드 HD, 이름 일치)",,높음
Assets/Data/UnitSkills/SkillData_원작능력_초월_신문철_AP_A0KA.asset,원작능력,A0KA,!레드호크,코드 파일명에서,ReplaceableTextures\CommandButtons\BTNFireForTheCannon.blp,맵밖,std_btnfireforthecannon.png,"웹(리포지드 HD, 이름 일치)",,높음
Assets/Data/UnitSkills/SkillData_원작능력_초월_신문철_AP_A0KE.asset,원작능력,A0KE,!숙련된 패기,코드 파일명에서,ReplaceableTextures\CommandButtons\BTNTaunt.blp,맵밖,std_btntaunt.png,"웹(리포지드 HD, 이름 일치)",,높음
Assets/Data/UnitSkills/SkillData_원작능력_초월_유재헌_ADAP_A0HN.asset,원작능력,A0HN,!인어공주,코드 파일명에서,BTNSirahosi.blp,맵안,A0HN_!인어공주.png,원작 맵 안,,높음
Assets/Data/UnitSkills/SkillData_원작능력_초월_임장혁_AD_A0R5.asset,원작능력,A0R5,!육식,코드 파일명에서,ReplaceableTextures\CommandButtons\BTNTinyCastle.blp,맵밖,std_btntinycastle.png,"웹(리포지드 HD, 이름 일치)",,높음
Assets/Data/UnitSkills/SkillData_원작능력_초월_조성진_AD_A0G4.asset,원작능력,A0G4,!화염성,코드 파일명에서,ReplaceableTextures\CommandButtons\BTNLiquidFire.blp,맵밖,std_btnliquidfire.png,"웹(리포지드 HD, 이름 일치)",,높음
Assets/Data/UnitSkills/SkillData_원작능력_초월_조성진_AD_A0HK.asset,원작능력,A0HK,!저격왕-우솝초,코드 파일명에서,ReplaceableTextures\CommandButtons\BTNFlyingMachine.blp,맵밖,std_btnflyingmachine.png,"웹(리포지드 HD, 이름 일치)",,높음
Assets/Data/UnitSkills/SkillData_원작능력_초월_최상호_AD_A0X0.asset,원작능력,A0X0,!어인공수도-징베,코드 파일명에서,BTNjimbae.blp,맵안,A01E_[조합].png,원작 맵 안,,높음
Assets/Data/UnitSkills/SkillData_원작능력_초월_황준석_ADAP_A03W.asset,원작능력,A03W,!패기의 검술,코드 파일명에서,ReplaceableTextures\PassiveButtons\PASBTNVorpalBlades.blp,맵밖,std_btnvorpalblades.png,"웹(PASBTN→BTN 같은 그림, 패시브 틀만 다름)",,높음
Assets/Data/UnitSkills/SkillData_원작능력_초월_황준석_ADAP_A04D.asset,원작능력,A04D,!소울 솔리드,코드 파일명에서,ReplaceableTextures\CommandButtons\BTNSilence.blp,맵밖,std_btnsilence.png,"웹(리포지드 HD, 이름 일치)",,높음
Assets/Data/UnitSkills/SkillData_원작능력_초월_황준석_ADAP_A051.asset,원작능력,A051,!고무고무 열매,코드 파일명에서,ReplaceableTextures\CommandButtons\BTNBearBlink.blp,맵밖,std_btnbearblink.png,"웹(리포지드 HD, 이름 일치)",,높음
Assets/Data/UnitSkills/SkillData_원작능력_초월_황준석_ADAP_A0AG.asset,원작능력,A0AG,10톤 해머,코드 파일명에서,ReplaceableTextures\PassiveButtons\PASBTNStormHammer.blp,맵밖,std_btnstormhammer.png,"웹(PASBTN→BTN 같은 그림, 패시브 틀만 다름)",,높음
Assets/Data/UnitSkills/SkillData_원작능력_초월_황준석_ADAP_A0AK.asset,원작능력,A0AK,!흉탄,코드 파일명에서,ReplaceableTextures\CommandButtons\BTNShamanAdept.blp,맵밖,std_btnshamanadept.png,"웹(리포지드 HD, 이름 일치)",,높음
Assets/Data/UnitSkills/SkillData_원작능력_초월_황준석_ADAP_A0CS.asset,원작능력,A0CS,!빛빛열매,코드 파일명에서,ReplaceableTextures\CommandButtons\BTNHolyBolt.blp,맵밖,std_btnholybolt.png,"웹(리포지드 HD, 이름 일치)",A0G4(맵밖) | A0IT(맵밖) | A04D(맵밖) | A0AK(맵밖) | A0X0(맵안) | A0ZV(맵밖) | A0AG(맵밖) | A0HK(맵밖) | A0HA(맵밖) | A0HN(맵안) | A03W(맵밖) | A101(맵밖) | A103(맵밖) | A0KA(맵밖) | A0KE(맵,높음
Assets/Data/UnitSkills/SkillData_원작능력_초월_황준석_ADAP_A0G4.asset,원작능력,A0G4,!화염성,코드 파일명에서,ReplaceableTextures\CommandButtons\BTNLiquidFire.blp,맵밖,std_btnliquidfire.png,"웹(리포지드 HD, 이름 일치)",A0IT(맵밖) | A04D(맵밖) | A0AK(맵밖) | A0X0(맵안) | A0ZV(맵밖) | A0AG(맵밖) | A0HK(맵밖) | A0HA(맵밖) | A0CS(맵밖) | A0HN(맵안) | A03W(맵밖) | A101(맵밖) | A103(맵밖) | A0KA(맵밖) | A0KE(맵,높음
Assets/Data/UnitSkills/SkillData_원작능력_초월_황준석_ADAP_A0HA.asset,원작능력,A0HA,!용의 숨결,코드 파일명에서,ReplaceableTextures\CommandButtons\BTNPowerGenerator.blp,맵밖,std_btnpowergenerator.png,"웹(리포지드 HD, 이름 일치)",A0G4(맵밖) | A0IT(맵밖) | A04D(맵밖) | A0AK(맵밖) | A0X0(맵안) | A0ZV(맵밖) | A0AG(맵밖) | A0HK(맵밖) | A0CS(맵밖) | A0HN(맵안) | A03W(맵밖) | A101(맵밖) | A103(맵밖) | A0KA(맵밖) | A0KE(맵,높음
Assets/Data/UnitSkills/SkillData_원작능력_초월_황준석_ADAP_A0HK.asset,원작능력,A0HK,!저격왕-우솝초,코드 파일명에서,ReplaceableTextures\CommandButtons\BTNFlyingMachine.blp,맵밖,std_btnflyingmachine.png,"웹(리포지드 HD, 이름 일치)",A0G4(맵밖) | A0IT(맵밖) | A04D(맵밖) | A0AK(맵밖) | A0X0(맵안) | A0ZV(맵밖) | A0AG(맵밖) | A0HA(맵밖) | A0CS(맵밖) | A0HN(맵안) | A03W(맵밖) | A101(맵밖) | A103(맵밖) | A0KA(맵밖) | A0KE(맵,높음
Assets/Data/UnitSkills/SkillData_원작능력_초월_황준석_ADAP_A0HN.asset,원작능력,A0HN,!인어공주,코드 파일명에서,BTNSirahosi.blp,맵안,A0HN_!인어공주.png,원작 맵 안,,높음
Assets/Data/UnitSkills/SkillData_원작능력_초월_황준석_ADAP_A0IT.asset,원작능력,A0IT,!강철 풍선,코드 파일명에서,ReplaceableTextures\CommandButtons\BTNPotionOfRestoration.blp,맵밖,std_btnpotionofrestoration.png,"웹(리포지드 HD, 이름 일치)",,높음
Assets/Data/UnitSkills/SkillData_원작능력_초월_황준석_ADAP_A0KA.asset,원작능력,A0KA,!레드호크,코드 파일명에서,ReplaceableTextures\CommandButtons\BTNFireForTheCannon.blp,맵밖,std_btnfireforthecannon.png,"웹(리포지드 HD, 이름 일치)",A0G4(맵밖) | A0IT(맵밖) | A04D(맵밖) | A0AK(맵밖) | A0X0(맵안) | A0ZV(맵밖) | A0AG(맵밖) | A0HK(맵밖) | A0HA(맵밖) | A0CS(맵밖) | A0HN(맵안) | A03W(맵밖) | A101(맵밖) | A103(맵밖) | A0KE(맵,높음
Assets/Data/UnitSkills/SkillData_원작능력_초월_황준석_ADAP_A0KE.asset,원작능력,A0KE,!숙련된 패기,코드 파일명에서,ReplaceableTextures\CommandButtons\BTNTaunt.blp,맵밖,std_btntaunt.png,"웹(리포지드 HD, 이름 일치)",A0G4(맵밖) | A0IT(맵밖) | A04D(맵밖) | A0AK(맵밖) | A0X0(맵안) | A0ZV(맵밖) | A0AG(맵밖) | A0HK(맵밖) | A0HA(맵밖) | A0CS(맵밖) | A0HN(맵안) | A03W(맵밖) | A101(맵밖) | A103(맵밖) | A0KA(맵,높음
Assets/Data/UnitSkills/SkillData_원작능력_초월_황준석_ADAP_A0X0.asset,원작능력,A0X0,!어인공수도-징베,코드 파일명에서,BTNjimbae.blp,맵안,A01E_[조합].png,원작 맵 안,,높음
Assets/Data/UnitSkills/SkillData_원작능력_초월_황준석_ADAP_A0ZV.asset,원작능력,A0ZV,!브레스-카이도,코드 파일명에서,ReplaceableTextures\CommandButtons\BTNBreathOfFire.blp,맵밖,std_btnbreathoffire.png,"웹(리포지드 HD, 이름 일치)",,높음
Assets/Data/UnitSkills/SkillData_원작능력_초월_황준석_ADAP_A101.asset,원작능력,A101,!자석 팔,코드 파일명에서,ReplaceableTextures\CommandButtons\BTNGauntletsOfOgrePower.blp,맵밖,std_btngauntletsofogrepower.png,"웹(리포지드 HD, 이름 일치)",,높음
Assets/Data/UnitSkills/SkillData_원작능력_초월_황준석_ADAP_A103.asset,원작능력,A103,!펑크 바이스,코드 파일명에서,ReplaceableTextures\CommandButtons\BTNDivineShieldOff.blp,맵밖,std_btndivineshieldoff.png,"웹(리포지드 HD, 이름 일치)",,높음
Assets/Data/UnitSkills/SkillData_원작능력_특별함_양재모.asset,원작능력,A0SI,!생체병기-특별아이콘용,코드 skillName에서,ReplaceableTextures\CommandButtons\BTNArmorGolem.blp,맵밖,std_btnarmorgolem.png,"웹(리포지드 HD, 이름 일치)",,높음
Assets/Data/UnitSkills/SkillData_원작능력_특별함_왕승환.asset,원작능력,A0SQ,!작살-크로,코드 skillName에서,ReplaceableTextures\CommandButtons\BTNHoldPosition.blp,맵밖,std_btnholdposition.png,"웹(리포지드 HD, 이름 일치)",,높음
Assets/Data/UnitSkills/SkillData_원작능력_특별함_유재헌.asset,원작능력,A0HZ,!싹둑싹둑열매,코드 skillName에서,ReplaceableTextures\CommandButtons\BTNWandOfManaSteal.blp,맵밖,std_btnwandofmanasteal.png,"웹(리포지드 HD, 이름 일치)",,높음
Assets/Data/UnitSkills/SkillData_원작능력_특별함_이정범.asset,원작능력,A0JT,!쿠크리,코드 skillName에서,ReplaceableTextures\CommandButtons\BTNDOTAdeptTraining.blp,맵밖,std_btndotadepttraining.png,"웹(리포지드 HD, 이름 일치)",,높음
Assets/Data/UnitSkills/SkillData_원작능력_특별함_이지원.asset,원작능력,A06O,!어인,코드 skillName에서,ReplaceableTextures\CommandButtons\BTNNagaMyrmidon.blp,맵밖,std_btnnagamyrmidon.png,"웹(리포지드 HD, 이름 일치)",,높음
Assets/Data/UnitSkills/SkillData_원작능력_특별함_이현빈.asset,원작능력,A06O,!어인,코드 skillName에서,ReplaceableTextures\CommandButtons\BTNNagaMyrmidon.blp,맵밖,std_btnnagamyrmidon.png,"웹(리포지드 HD, 이름 일치)",,높음
Assets/Data/UnitSkills/SkillData_원작능력_특별함_임장혁.asset,원작능력,A0MK,!창검술-x드레이크1,코드 skillName에서,ReplaceableTextures\CommandButtons\BTNOrcMeleeUpThree.blp,맵밖,std_btnorcmeleeupthree.png,"웹(리포지드 HD, 이름 일치)",,높음
Assets/Data/UnitSkills/SkillData_원작능력_특별함_정승준.asset,원작능력,A0DJ,!살육,코드 skillName에서,ReplaceableTextures\CommandButtons\BTNAbomination.blp,맵밖,std_btnabomination.png,"웹(리포지드 HD, 이름 일치)",,높음
Assets/Data/UnitSkills/SkillData_원작능력_특별함_조도연.asset,원작능력,A053,!고무고무 열매,코드 skillName에서,ReplaceableTextures\CommandButtons\BTNBearBlink.blp,맵밖,std_btnbearblink.png,"웹(리포지드 HD, 이름 일치)",A0HZ(맵밖),높음
Assets/Data/UnitSkills/SkillData_원작능력_특별함_조세민.asset,원작능력,A06O,!어인,코드 skillName에서,ReplaceableTextures\CommandButtons\BTNNagaMyrmidon.blp,맵밖,std_btnnagamyrmidon.png,"웹(리포지드 HD, 이름 일치)",,높음
Assets/Data/UnitSkills/SkillData_원작능력_특별함_주영호.asset,원작능력,A0RF,A이속감소 계열 크리마,코드 description에서,BTNLailley.blp,맵안,A03V_A룸이속감소1.png,원작 맵 안,A06O(맵밖),보통
Assets/Data/UnitSkills/SkillData_원작능력_특별함_최동준.asset,원작능력,A045,!육식,코드 skillName에서,ReplaceableTextures\CommandButtons\BTNTinyCastle.blp,맵밖,std_btntinycastle.png,"웹(리포지드 HD, 이름 일치)",,높음
Assets/Data/UnitSkills/SkillData_원작능력_특별함_최상호.asset,원작능력,A0MK,!창검술-x드레이크1,코드 skillName에서,ReplaceableTextures\CommandButtons\BTNOrcMeleeUpThree.blp,맵밖,std_btnorcmeleeupthree.png,"웹(리포지드 HD, 이름 일치)",,높음
Assets/Data/UnitSkills/SkillData_원작능력_특별함_황정기.asset,원작능력,A0DJ,!살육,코드 skillName에서,ReplaceableTextures\CommandButtons\BTNAbomination.blp,맵밖,std_btnabomination.png,"웹(리포지드 HD, 이름 일치)",,높음
Assets/Data/UnitSkills/SkillData_원작능력_특수함_장진희.asset,원작능력,A0EP,!탐욕-모건,코드 skillName에서,ReplaceableTextures\CommandButtons\BTNSkeletonMage.blp,맵밖,std_btnskeletonmage.png,"웹(리포지드 HD, 이름 일치)",,높음
Assets/Data/UnitSkills/SkillData_원작능력_특수함_황길라.asset,원작능력,A0IL,!조선공의 망치,코드 skillName에서,ReplaceableTextures\CommandButtons\BTNDivineIntervention.blp,맵밖,std_btndivineintervention.png,"웹(리포지드 HD, 이름 일치)",,높음
Assets/Data/UnitSkills/SkillData_원작능력_희귀함_김만경.asset,원작능력,A0DS,!거인의 힘- 오즈희귀,코드 skillName에서,ReplaceableTextures\CommandButtons\BTNNecromancer.blp,맵밖,std_btnnecromancer.png,"웹(리포지드 HD, 이름 일치)",,높음
Assets/Data/UnitSkills/SkillData_원작능력_희귀함_김청운.asset,원작능력,A06Q,!어인,코드 skillName에서,ReplaceableTextures\CommandButtons\BTNNagaMyrmidon.blp,맵밖,std_btnnagamyrmidon.png,"웹(리포지드 HD, 이름 일치)",,높음
Assets/Data/UnitSkills/SkillData_원작능력_희귀함_노수신.asset,원작능력,A04B,!잠의 노래 프람,코드 skillName에서,ReplaceableTextures\CommandButtons\BTNSleep.blp,맵밖,std_btnsleep.png,"웹(리포지드 HD, 이름 일치)",,높음
Assets/Data/UnitSkills/SkillData_원작능력_희귀함_노태현.asset,원작능력,A0FJ,!공작슬래셔-희귀,코드 skillName에서,ReplaceableTextures\CommandButtons\BTNShadowStrike.blp,맵밖,std_btnshadowstrike.png,"웹(리포지드 HD, 이름 일치)",,높음
Assets/Data/UnitSkills/SkillData_원작능력_희귀함_두유찬.asset,원작능력,A0K6,!자석 팔,코드 skillName에서,ReplaceableTextures\CommandButtons\BTNGatherGold.blp,맵밖,std_btngathergold.png,"웹(리포지드 HD, 이름 일치)",,높음
Assets/Data/UnitSkills/SkillData_원작능력_희귀함_박기찬.asset,원작능력,A03N,!명왕의 검술,코드 skillName에서,ReplaceableTextures\CommandButtons\BTNHoldPosition.blp,맵밖,std_btnholdposition.png,"웹(리포지드 HD, 이름 일치)",,높음
Assets/Data/UnitSkills/SkillData_원작능력_희귀함_박민수.asset,원작능력,A02C,[조합],아이콘 있는 코드 없음 → 트리거 Unique2(제프 해상 레스토랑 쉐프 - )의 대표 능력,BTNcra.blp,맵안,A02C_[조합].png,원작 맵 안,,낮음
Assets/Data/UnitSkills/SkillData_원작능력_희귀함_박수찬.asset,원작능력,A00M,[조합],아이콘 있는 코드 없음 → 트리거 Unique10(사카즈키 해군대장 아카이누 -)의 대표 능력,BTNSengoku.blp,맵안,A00M_[조합].png,원작 맵 안,,낮음
Assets/Data/UnitSkills/SkillData_원작능력_희귀함_박은석.asset,원작능력,A02Q,[조합],아이콘 있는 코드 없음 → 트리거 Unique9(보르살리노 해군대장 - 희귀함)의 대표 능력,BTNToki.blp,맵안,A02Q_[조합].png,원작 맵 안,,낮음
Assets/Data/UnitSkills/SkillData_원작능력_희귀함_배병규.asset,원작능력,A03Y,!패기의 검술,코드 description에서,ReplaceableTextures\PassiveButtons\PASBTNVorpalBlades.blp,맵밖,std_btnvorpalblades.png,"웹(PASBTN→BTN 같은 그림, 패시브 틀만 다름)",,보통
Assets/Data/UnitSkills/SkillData_원작능력_희귀함_배병규_A03Y.asset,원작능력,A03Y,!패기의 검술,코드 파일명에서,ReplaceableTextures\PassiveButtons\PASBTNVorpalBlades.blp,맵밖,std_btnvorpalblades.png,"웹(PASBTN→BTN 같은 그림, 패시브 틀만 다름)",A0ET(맵밖),높음
Assets/Data/UnitSkills/SkillData_원작능력_희귀함_배성령.asset,원작능력,A05J,!와노쿠니의 검술,코드 description에서,ReplaceableTextures\CommandButtons\BTNArcaniteMelee.blp,맵밖,std_btnarcanitemelee.png,"웹(리포지드 HD, 이름 일치)",,높음
Assets/Data/UnitSkills/SkillData_원작능력_희귀함_배성령_A05J.asset,원작능력,A05J,!와노쿠니의 검술,코드 파일명에서,ReplaceableTextures\CommandButtons\BTNArcaniteMelee.blp,맵밖,std_btnarcanitemelee.png,"웹(리포지드 HD, 이름 일치)",,높음
Assets/Data/UnitSkills/SkillData_원작능력_희귀함_배현진.asset,원작능력,A06D,!디아블 잠브,코드 description에서,ReplaceableTextures\CommandButtons\BTNRedDragon.blp,맵밖,std_btnreddragon.png,"웹(리포지드 HD, 이름 일치)",,높음
Assets/Data/UnitSkills/SkillData_원작능력_희귀함_서민성.asset,원작능력,A047,!육식,코드 description에서,ReplaceableTextures\CommandButtons\BTNTinyCastle.blp,맵밖,std_btntinycastle.png,"웹(리포지드 HD, 이름 일치)",,보통
Assets/Data/UnitSkills/SkillData_원작능력_희귀함_서민성_A047.asset,원작능력,A047,!육식,코드 파일명에서,ReplaceableTextures\CommandButtons\BTNTinyCastle.blp,맵밖,std_btntinycastle.png,"웹(리포지드 HD, 이름 일치)",,높음
Assets/Data/UnitSkills/SkillData_원작능력_희귀함_선효진.asset,원작능력,A02H,[조합],아이콘 있는 코드 없음 → 트리거 Unique6(트라팔가 로우 죽음의 외과의사)의 대표 능력,BTNLow.blp,맵안,A01X_[조합].png,원작 맵 안,,낮음
Assets/Data/UnitSkills/SkillData_원작능력_희귀함_양재모.asset,원작능력,A0JW,!배리어 피스트,코드 description에서,ReplaceableTextures\CommandButtons\BTNHumanArmorUpThree.blp,맵밖,std_btnhumanarmorupthree.png,"웹(리포지드 HD, 이름 일치)",,높음
Assets/Data/UnitSkills/SkillData_원작능력_희귀함_양재모_A0JW.asset,원작능력,A0JW,!배리어 피스트,코드 파일명에서,ReplaceableTextures\CommandButtons\BTNHumanArmorUpThree.blp,맵밖,std_btnhumanarmorupthree.png,"웹(리포지드 HD, 이름 일치)",,높음
Assets/Data/UnitSkills/SkillData_원작능력_희귀함_엄태웅.asset,원작능력,A0JL,!육중한 일합-모몬가,아이콘 있는 코드 없음 → 트리거 Unique35(모몬가 G1 지부의 수장 - )의 대표 능력,ReplaceableTextures\CommandButtons\BTNGlove.blp,맵밖,std_btnglove.png,"웹(리포지드 HD, 이름 일치)",,낮음
Assets/Data/UnitSkills/SkillData_원작능력_희귀함_윤현모.asset,원작능력,A0UZ,!혼포인트,코드 skillName에서,ReplaceableTextures\CommandButtons\BTNHippogriffRider.blp,맵밖,std_btnhippogriffrider.png,"웹(리포지드 HD, 이름 일치)",,높음
Assets/Data/UnitSkills/SkillData_원작능력_희귀함_이상혁.asset,원작능력,A06D,!디아블 잠브,코드 description에서,ReplaceableTextures\CommandButtons\BTNRedDragon.blp,맵밖,std_btnreddragon.png,"웹(리포지드 HD, 이름 일치)",,보통
Assets/Data/UnitSkills/SkillData_원작능력_희귀함_이은엽.asset,원작능력,A06Q,!어인,코드 skillName에서,ReplaceableTextures\CommandButtons\BTNNagaMyrmidon.blp,맵밖,std_btnnagamyrmidon.png,"웹(리포지드 HD, 이름 일치)",,높음
Assets/Data/UnitSkills/SkillData_원작능력_희귀함_이태훈.asset,원작능력,A04B,!잠의 노래 프람,코드 skillName에서,ReplaceableTextures\CommandButtons\BTNSleep.blp,맵밖,std_btnsleep.png,"웹(리포지드 HD, 이름 일치)",,높음
Assets/Data/UnitSkills/SkillData_원작능력_희귀함_임채민.asset,원작능력,A040,!패기의 탄환,코드 skillName에서,ReplaceableTextures\CommandButtons\BTNHumanMissileUpOne.blp,맵밖,std_btnhumanmissileupone.png,"웹(리포지드 HD, 이름 일치)",,높음
Assets/Data/UnitSkills/SkillData_원작능력_희귀함_장태영.asset,원작능력,A0JW,!배리어 피스트,코드 description에서,ReplaceableTextures\CommandButtons\BTNHumanArmorUpThree.blp,맵밖,std_btnhumanarmorupthree.png,"웹(리포지드 HD, 이름 일치)",A054(맵밖),보통
Assets/Data/UnitSkills/SkillData_원작능력_희귀함_장태영_A054.asset,원작능력,A054,!고무고무 열매,코드 파일명에서,ReplaceableTextures\CommandButtons\BTNBearBlink.blp,맵밖,std_btnbearblink.png,"웹(리포지드 HD, 이름 일치)",,높음
Assets/Data/UnitSkills/SkillData_원작능력_희귀함_장하민.asset,원작능력,A0FJ,!공작슬래셔-희귀,코드 skillName에서,ReplaceableTextures\CommandButtons\BTNShadowStrike.blp,맵밖,std_btnshadowstrike.png,"웹(리포지드 HD, 이름 일치)",,높음
Assets/Data/UnitSkills/SkillData_원작능력_희귀함_조현규.asset,원작능력,A05J,!와노쿠니의 검술,코드 description에서,ReplaceableTextures\CommandButtons\BTNArcaniteMelee.blp,맵밖,std_btnarcanitemelee.png,"웹(리포지드 HD, 이름 일치)",A0UZ(맵밖),보통
Assets/Data/UnitSkills/SkillData_원작능력_희귀함_최상호_오타쿠의길.asset,원작능력,A04U,!패기의 주먹,코드 description에서,ReplaceableTextures\CommandButtons\BTNGolemThunderclap.blp,맵밖,std_btngolemthunderclap.png,"웹(리포지드 HD, 이름 일치)",,보통
Assets/Data/UnitSkills/SkillData_원작능력_희귀함_최상호_오타쿠의길_A04U.asset,원작능력,A04U,!패기의 주먹,코드 파일명에서,ReplaceableTextures\CommandButtons\BTNGolemThunderclap.blp,맵밖,std_btngolemthunderclap.png,"웹(리포지드 HD, 이름 일치)",,높음
Assets/Data/UnitSkills/SkillData_원작능력_희귀함_최상호_윤식파의두뇌.asset,원작능력,A05R,!매료매료 열매,코드 description에서,ReplaceableTextures\CommandButtons\BTNSnazzyPotion.blp,맵밖,std_btnsnazzypotion.png,"웹(리포지드 HD, 이름 일치)",A03N(맵밖),보통
Assets/Data/UnitSkills/SkillData_원작능력_희귀함_최상호_윤식파의두뇌_A05R.asset,원작능력,A05R,!매료매료 열매,코드 파일명에서,ReplaceableTextures\CommandButtons\BTNSnazzyPotion.blp,맵밖,std_btnsnazzypotion.png,"웹(리포지드 HD, 이름 일치)",,높음
Assets/Data/UnitSkills/SkillData_원작능력_희귀함_최현우.asset,원작능력,A049,!참륙용인,코드 description에서,ReplaceableTextures\CommandButtons\BTNUpgradeRegenerationAura.blp,맵밖,std_btnupgraderegenerationaura.png,"웹(리포지드 HD, 이름 일치)",,보통
Assets/Data/UnitSkills/SkillData_원작능력_희귀함_최현우_Unique22_1of10.asset,원작능력,A0UG,[조합],아이콘 있는 코드 없음 → 유닛 uid h025(검호 류마 용의 목을 벤 사나)의 대표 능력,BTNSinobu.blp,맵안,A0UG_[조합].png,원작 맵 안,,낮음
Assets/Data/UnitSkills/SkillData_원작능력_희귀함_현성현.asset,원작능력,A049,!참륙용인,코드 description에서,ReplaceableTextures\CommandButtons\BTNUpgradeRegenerationAura.blp,맵밖,std_btnupgraderegenerationaura.png,"웹(리포지드 HD, 이름 일치)",A047(맵밖),보통
Assets/Data/UnitSkills/SkillData_원작능력_희귀함_현성현_A049.asset,원작능력,A049,!참륙용인,코드 파일명에서,ReplaceableTextures\CommandButtons\BTNUpgradeRegenerationAura.blp,맵밖,std_btnupgraderegenerationaura.png,"웹(리포지드 HD, 이름 일치)",,높음
Assets/Data/UnitSkills/SkillData_원작능력_희귀함_황준석.asset,원작능력,A02G,[조합],아이콘 있는 코드 없음 → 트리거 Unique34(죠즈 흰수염 3번대 대장 다이)의 대표 능력,BTNSiroHige.blp,맵안,A02G_[조합].png,원작 맵 안,,낮음
Assets/Data/UnitSkills/SkillData_원작능력_히든_최윤서_A06N.asset,원작능력,A06N,!어인,코드 파일명에서,ReplaceableTextures\CommandButtons\BTNNagaMyrmidon.blp,맵밖,std_btnnagamyrmidon.png,"웹(리포지드 HD, 이름 일치)",,높음
Assets/Data/UnitSkills/SkillData_원작능력_히든_황정기_A0II.asset,원작능력,A0II,!혁명군대리사범,코드 파일명에서,ReplaceableTextures\CommandButtons\BTNReplenishMana.blp,맵밖,std_btnreplenishmana.png,"웹(리포지드 HD, 이름 일치)",,높음
Assets/Data/UnitSkills/SkillData_원작오라_랜덤_미도리야_이즈쿠_A0Z7.asset,원작오라,A0Z7,A산적왕,코드 파일명에서,Model\BTN_Higma,못찾음,,,,높음
Assets/Data/UnitSkills/SkillData_원작오라_랜덤_미도리야_이즈쿠_A13I.asset,원작오라,A0YZ,!총알세례,아이콘 있는 코드 없음 → 유닛 uid h0AC(마운틴.D.히그마 - 랜덤전용)의 대표 능력,ReplaceableTextures\CommandButtons\BTN_Higma_s.blp,맵안,A0YZ_!총알세례.png,원작 맵 안,,낮음
Assets/Data/UnitSkills/SkillData_원작오라_랜덤_손오공_A13I.asset,원작오라,A0ZD,D스키마,아이콘 있는 코드 없음 → 유닛 uid h0A6(야쿠모 유카리 - 랜덤전용[제)의 대표 능력,Model\BTNYukari_Skill4.blp,못찾음,,,,낮음
Assets/Data/UnitSkills/SkillData_원작오라_랜덤_이민형_A13C.asset,원작오라,A12T,협회수당,아이콘 있는 코드 없음 → 유닛 uid h0BC(타츠마키 - 랜덤전용[제한됨])의 대표 능력,ReplaceableTextures\CommandButtons\BTNDustOfAppearance.blp,맵밖,std_btndustofappearance.png,"웹(리포지드 HD, 이름 일치)",,낮음
Assets/Data/UnitSkills/SkillData_원작오라_랜덤_이민형_A13I.asset,원작오라,A12T,협회수당,아이콘 있는 코드 없음 → 유닛 uid h0BC(타츠마키 - 랜덤전용[제한됨])의 대표 능력,ReplaceableTextures\CommandButtons\BTNDustOfAppearance.blp,맵밖,std_btndustofappearance.png,"웹(리포지드 HD, 이름 일치)",,낮음
Assets/Data/UnitSkills/SkillData_원작오라_랜덤_이즈미_신이치_A13I.asset,원작오라,A0ZW,7범위 파마의화살,아이콘 있는 코드 없음 → 유닛 uid h0BF(키쿄우 - 랜덤전용[제한됨])의 대표 능력,Model\BTNFuhuaG.blp,못찾음,,,,낮음
Assets/Data/UnitSkills/SkillData_원작오라_랜덤_이타도리_유지_A0L8.asset,원작오라,A0L8,$귀여움-랜유,코드 파일명에서,ReplaceableTextures\CommandButtons\BTNScourgeBuild.blp,맵밖,std_btnscourgebuild.png,"웹(리포지드 HD, 이름 일치)",,높음
Assets/Data/UnitSkills/SkillData_원작오라_랜덤_이타도리_유지_A13I.asset,원작오라,A0XQ,!비뢰신 이의 단,아이콘 있는 코드 없음 → 유닛 uid h09W(나미카제 미나토 - 랜덤전용[)의 대표 능력,ReplaceableTextures\CommandButtons\BTNOrbOfLightning.blp,맵밖,std_btnorboflightning.png,"웹(리포지드 HD, 이름 일치)",,낮음
Assets/Data/UnitSkills/SkillData_원작오라_랜덤_이타도리_유지_A13K.asset,원작오라,A0XQ,!비뢰신 이의 단,아이콘 있는 코드 없음 → 유닛 uid h09W(나미카제 미나토 - 랜덤전용[)의 대표 능력,ReplaceableTextures\CommandButtons\BTNOrbOfLightning.blp,맵밖,std_btnorboflightning.png,"웹(리포지드 HD, 이름 일치)",,낮음
Assets/Data/UnitSkills/SkillData_원작오라_랜덤_주호페이크_A0L6.asset,원작오라,A0L6,B살생석,코드 파일명에서,ReplaceableTextures\CommandButtons\BTNPendantOfMana.blp,맵밖,std_btnpendantofmana.png,"웹(리포지드 HD, 이름 일치)",,높음
Assets/Data/UnitSkills/SkillData_원작오라_랜덤_카마도_탄지로_A0YI.asset,원작오라,A0YI,B직사의 마안,코드 파일명에서,Model\BTNRyougiD2,못찾음,,,,높음
Assets/Data/UnitSkills/SkillData_원작오라_랜덤_카마도_탄지로_A13I.asset,원작오라,A0YJ,!은폐나이프-료우기,아이콘 있는 코드 없음 → 유닛 uid h0A2(료우기 시키 - 랜덤전용[제한)의 대표 능력,Model\BTNRYougiQ,못찾음,,,,낮음
Assets/Data/UnitSkills/SkillData_원작오라_랜덤_한마_바키_A116.asset,원작오라,A116,A천본앵,코드 파일명에서,Model\BTNbyakuya_skill3.blp,못찾음,,,,높음
Assets/Data/UnitSkills/SkillData_원작오라_랜덤_호시노_아이_A0XC.asset,원작오라,A0XC,$사이버 엔젤,코드 파일명에서,Model\BTNBronyaD.blp,못찾음,,,,높음
Assets/Data/UnitSkills/SkillData_원작오라_랜덤_호시노_아이_A13I.asset,원작오라,A0XE,!이성의 창조물,아이콘 있는 코드 없음 → 유닛 uid h09N(부릉냐 - 랜덤전용[제한됨])의 대표 능력,model\BTNBronyaR.blp,못찾음,,,,낮음
Assets/Data/UnitSkills/SkillData_원작오라_변화됨_김건_A0U2.asset,원작오라,A0U3,!베이비5-과열1,아이콘 있는 코드 없음 → 유닛 uid h07N(베이비 5 초토화 모드 - 변)의 대표 능력,AZ_Flare9.blp,맵안,A0U3_!베이비5-과열1.png,원작 맵 안,,낮음
Assets/Data/UnitSkills/SkillData_원작오라_변화됨_박은석_A03P.asset,원작오라,A03P,A공작슬래셔-비변,코드 파일명에서,ReplaceableTextures\CommandButtons\BTNShadowStrike.blp,맵밖,std_btnshadowstrike.png,"웹(리포지드 HD, 이름 일치)",,높음
Assets/Data/UnitSkills/SkillData_원작오라_변화됨_박은석_A0FG.asset,원작오라,A0FG,B매혹의 향수,코드 파일명에서,ReplaceableTextures\CommandButtons\BTNLesserRejuvPotion.blp,맵밖,std_btnlesserrejuvpotion.png,"웹(리포지드 HD, 이름 일치)",,높음
Assets/Data/UnitSkills/SkillData_원작오라_변화됨_박은석_A131.asset,원작오라,A131,A염계,코드 파일명에서,ReplaceableTextures\CommandButtons\BTNDisenchant.blp,맵밖,std_btndisenchant.png,"웹(리포지드 HD, 이름 일치)",,높음
Assets/Data/UnitSkills/SkillData_원작오라_불멸_고도현_A0FP.asset,원작오라,A0FP,B대해적의 위압감,코드 파일명에서,ReplaceableTextures\CommandButtons\BTNSpellBreakerMagicUnDefend.blp,맵밖,std_btnspellbreakermagicundefend.png,"웹(리포지드 HD, 이름 일치)",,높음
Assets/Data/UnitSkills/SkillData_원작오라_불멸_김용태_A0AR.asset,원작오라,A0FN,!고대병기,아이콘 있는 코드 없음 → 유닛 uid h04J(골.D.로져 해적왕 - 불멸의)의 대표 능력,ReplaceableTextures\CommandButtons\BTNDalaranGuardTower.blp,맵밖,std_btndalaranguardtower.png,"웹(리포지드 HD, 이름 일치)",,낮음
Assets/Data/UnitSkills/SkillData_원작오라_불멸_김용태_A0FD.asset,원작오라,A0FD,B해적왕의 위엄,코드 파일명에서,ReplaceableTextures\CommandButtons\BTNVengeanceIncarnate.tga,맵밖,std_btnvengeanceincarnate.png,"웹(리포지드 HD, 이름 일치)",,높음
Assets/Data/UnitSkills/SkillData_원작오라_불멸_김용태_A0FO.asset,원작오라,A0FO,#만물을 듣는 힘-로져1,코드 파일명에서,ReplaceableTextures\CommandButtons\BTNStaffOfTeleportation.blp,맵밖,std_btnstaffofteleportation.png,"웹(리포지드 HD, 이름 일치)",,높음
Assets/Data/UnitSkills/SkillData_원작오라_불멸_박은석_A0DY.asset,원작오라,A0DY,A신념,코드 파일명에서,ReplaceableTextures\CommandButtons\BTNWandOfCyclone.blp,맵밖,std_btnwandofcyclone.png,"웹(리포지드 HD, 이름 일치)",,높음
Assets/Data/UnitSkills/SkillData_원작오라_불멸_신지우_A04F.asset,원작오라,A04F,#천왕의 검술1,코드 파일명에서,BTNGaban.blp,맵안,A04F_#천왕의검술1.png,원작 맵 안,,높음
Assets/Data/UnitSkills/SkillData_원작오라_불멸_신지우_A14F.asset,원작오라,A14F,#꺼지지 않는 공포,코드 파일명에서,ReplaceableTextures\CommandButtons\BTNHippogriffRider.blp,맵밖,std_btnhippogriffrider.png,"웹(리포지드 HD, 이름 일치)",,높음
Assets/Data/UnitSkills/SkillData_원작오라_불멸_신지우_A14G.asset,원작오라,A0ZI,6변신1,아이콘 있는 코드 없음 → 유닛 uid h07M(카이도 사황'백수의 왕' - )의 대표 능력,ReplaceableTextures\CommandButtons\BTN_kaido_form.blp,맵안,A0ZI_6변신1.png,원작 맵 안,,낮음
Assets/Data/UnitSkills/SkillData_원작오라_불멸_이승우_A0VE.asset,원작오라,A0VE,B영웅,코드 파일명에서,ReplaceableTextures\CommandButtons\BTNRevenant.blp,맵밖,std_btnrevenant.png,"웹(리포지드 HD, 이름 일치)",,높음
Assets/Data/UnitSkills/SkillData_원작오라_불멸_이이삭_A062.asset,원작오라,A062,#해군원수,코드 파일명에서,!MarineG.blp,맵안,A062_#해군원수.png,원작 맵 안,,높음
Assets/Data/UnitSkills/SkillData_원작오라_불멸_이이삭_A142.asset,원작오라,A142,#해군원수-자신만적용,코드 파일명에서,BTNSengoku.blp,맵안,A00M_[조합].png,원작 맵 안,,높음
Assets/Data/UnitSkills/SkillData_원작오라_불멸_정윤식_A03I.asset,원작오라,A03I,$패기수련,코드 파일명에서,ReplaceableTextures\CommandButtons\BTNScourgeBuild.blp,맵밖,std_btnscourgebuild.png,"웹(리포지드 HD, 이름 일치)",,높음
Assets/Data/UnitSkills/SkillData_원작오라_불멸_정윤식_A0ES.asset,원작오라,A0ES,B명왕의 패기,코드 파일명에서,ReplaceableTextures\CommandButtons\BTNCharm.blp,맵밖,std_btncharm.png,"웹(리포지드 HD, 이름 일치)",,높음
Assets/Data/UnitSkills/SkillData_원작오라_불멸_정준영_A04L.asset,원작오라,A04L,$드래곤-혁명가,코드 파일명에서,ReplaceableTextures\CommandButtons\BTNCloakOfFlames.blp,맵밖,std_btncloakofflames.png,"웹(리포지드 HD, 이름 일치)",,높음
Assets/Data/UnitSkills/SkillData_원작오라_불멸_정준영_A0DT.asset,원작오라,A0DT,A흉포한 광기,코드 파일명에서,BTNbigmam.blp,맵안,A0DT_A흉포한광기.png,원작 맵 안,,높음
Assets/Data/UnitSkills/SkillData_원작오라_불멸_정준영_A14F.asset,원작오라,A14F,#꺼지지 않는 공포,코드 파일명에서,ReplaceableTextures\CommandButtons\BTNHippogriffRider.blp,맵밖,std_btnhippogriffrider.png,"웹(리포지드 HD, 이름 일치)",,높음
Assets/Data/UnitSkills/SkillData_원작오라_불멸_정준영_A14G.asset,원작오라,A0ZI,6변신1,아이콘 있는 코드 없음 → 유닛 uid h0AD(카이도 사황'백수의 왕' - )의 대표 능력,ReplaceableTextures\CommandButtons\BTN_kaido_form.blp,맵안,A0ZI_6변신1.png,원작 맵 안,,낮음
Assets/Data/UnitSkills/SkillData_원작오라_영원_김정래_A03L.asset,원작오라,A03L,$허세,코드 파일명에서,ReplaceableTextures\CommandButtons\BTNOrcCaptureFlag.blp,맵밖,std_btnorccaptureflag.png,"웹(리포지드 HD, 이름 일치)",,높음
Assets/Data/UnitSkills/SkillData_원작오라_영원_김정래_A04E.asset,원작오라,A04E,#언변,코드 파일명에서,ReplaceableTextures\CommandButtons\BTNManual3.blp,맵밖,std_btnmanual3.png,"웹(리포지드 HD, 이름 일치)",,높음
Assets/Data/UnitSkills/SkillData_원작오라_영원_김정래_A0M7.asset,원작오라,A0M7,B전설을 살아가는 사나이,코드 파일명에서,ReplaceableTextures\PassiveButtons\PASBTNPillage.blp,맵밖,std_btnpillage.png,"웹(PASBTN→BTN 같은 그림, 패시브 틀만 다름)",,높음
Assets/Data/UnitSkills/SkillData_원작오라_영원_김정래_A0RE.asset,원작오라,A0W2,!수전노1,아이콘 있는 코드 없음 → 유닛 uid h05A(천냥광대 버기 - 영원한)의 대표 능력,BTNBuggi_skill.blp,맵안,A0W2_!수전노1.png,원작 맵 안,,낮음
Assets/Data/UnitSkills/SkillData_원작오라_영원_김정래_A16U.asset,원작오라,A16U,$가희,코드 파일명에서,ReplaceableTextures\CommandButtons\BTNuta1.blp,맵안,A16U_$가희.png,원작 맵 안,,높음
Assets/Data/UnitSkills/SkillData_원작오라_영원_서민성_A0Y2.asset,원작오라,A0Y2,#와노쿠니의 혼1,코드 파일명에서,Model\BTNodeng_skill3,못찾음,,,,높음
Assets/Data/UnitSkills/SkillData_원작오라_영원_서민성_A0YC.asset,원작오라,A0YC,/오뎅 이도류,코드 파일명에서,ReplaceableTextures\CommandButtons\BTNGatherGold.blp,맵밖,std_btngathergold.png,"웹(리포지드 HD, 이름 일치)",A0Y2(못찾음),높음
Assets/Data/UnitSkills/SkillData_원작오라_영원_윤현모_A0FF.asset,원작오라,A0FF,A대염계1,코드 파일명에서,ReplaceableTextures\CommandButtons\BTNDisenchant.blp,맵밖,std_btndisenchant.png,"웹(리포지드 HD, 이름 일치)",,높음
Assets/Data/UnitSkills/SkillData_원작오라_영원_이지원_A15O.asset,원작오라,A15O,#고동소리,코드 파일명에서,ReplaceableTextures\CommandButtons\BTNDrum.blp,맵밖,std_btndrum.png,"웹(리포지드 HD, 이름 일치)",,높음
Assets/Data/UnitSkills/SkillData_원작오라_영원_이지원_A166.asset,원작오라,A166,$거대화(공속),코드 파일명에서,ReplaceableTextures\CommandButtons\BTNReincarnation.blp,맵밖,std_btnreincarnation.png,"웹(리포지드 HD, 이름 일치)",,높음
Assets/Data/UnitSkills/SkillData_원작오라_영원_이지원_A16B.asset,원작오라,A16B,B!태양의 신 니카,코드 파일명에서,BTNLuffy_Gear_5.blp,맵안,A06A_!사람사람열매-니카.png,원작 맵 안,,높음
Assets/Data/UnitSkills/SkillData_원작오라_영원_조세민_A0IM.asset,원작오라,A0IM,B석화-핸영,코드 파일명에서,ReplaceableTextures\CommandButtons\BTNRune.blp,맵밖,std_btnrune.png,"웹(리포지드 HD, 이름 일치)",,높음
Assets/Data/UnitSkills/SkillData_원작오라_영원_최상호_A0EC.asset,원작오라,A0EC,B미공자,코드 파일명에서,BTNcabu.blp,맵안,A0EC_B미공자.png,원작 맵 안,,높음
Assets/Data/UnitSkills/SkillData_원작오라_영원_최상호_A0HP.asset,원작오라,A0HP,A매의눈,코드 파일명에서,BTNMihawkicon1.blp,맵안,A0HP_A매의눈.png,원작 맵 안,,높음
Assets/Data/UnitSkills/SkillData_원작오라_전설적인_김건_A0FB.asset,원작오라,A0FB,B공포-울티전설,코드 파일명에서,ReplaceableTextures\CommandButtons\BTNBattleRoar.blp,맵밖,std_btnbattleroar.png,"웹(리포지드 HD, 이름 일치)",,높음
Assets/Data/UnitSkills/SkillData_원작오라_전설적인_김민준_A0Y1.asset,원작오라,A0Y1,#수호자 나리,코드 파일명에서,BTNNeco.blp,맵안,A0XS_[조합].png,원작 맵 안,,높음
Assets/Data/UnitSkills/SkillData_원작오라_전설적인_김민준_A0YT.asset,원작오라,A0Y1,#수호자 나리,아이콘 있는 코드 없음 → 유닛 uid h09Z(네코마무시 밤의 왕 - 전설적)의 대표 능력,BTNNeco.blp,맵안,A0XS_[조합].png,원작 맵 안,,낮음
Assets/Data/UnitSkills/SkillData_원작오라_전설적인_김용태_A04K.asset,원작오라,A04K,#드래곤- 혁명군,코드 파일명에서,ReplaceableTextures\PassiveButtons\PASBTNDemolish.blp,맵밖,std_btndemolish.png,"웹(PASBTN→BTN 같은 그림, 패시브 틀만 다름)",,높음
Assets/Data/UnitSkills/SkillData_원작오라_전설적인_김용태_A0ST.asset,원작오라,A0SX,B삭풍,아이콘 있는 코드 없음 → 유닛 uid h02W(몽키.D.드래곤 세계최악의 범)의 대표 능력,beam_smokegrey.blp,맵안,A0SX_B삭풍.png,원작 맵 안,,낮음
Assets/Data/UnitSkills/SkillData_원작오라_전설적인_김용태_A0SX.asset,원작오라,A0SX,B삭풍,코드 파일명에서,beam_smokegrey.blp,맵안,A0SX_B삭풍.png,원작 맵 안,,높음
Assets/Data/UnitSkills/SkillData_원작오라_전설적인_김용태_A0W8.asset,원작오라,A0W8,B파괴공작,코드 파일명에서,ReplaceableTextures\CommandButtons\BTNGraveyard.blp,맵밖,std_btngraveyard.png,"웹(리포지드 HD, 이름 일치)",,높음
Assets/Data/UnitSkills/SkillData_원작오라_전설적인_김정래_A0UF.asset,원작오라,A0UF,$영주 대리,코드 파일명에서,BTNtoki_skill.blp,맵안,A0UF_$영주대리.png,원작 맵 안,,높음
Assets/Data/UnitSkills/SkillData_원작오라_전설적인_노태현_A0NU.asset,원작오라,A0NU,B무공세계,코드 파일명에서,ReplaceableTextures\CommandButtons\BTNOrbOfDeathOff.blp,맵밖,std_btnorbofdeathoff.png,"웹(리포지드 HD, 이름 일치)",,높음
Assets/Data/UnitSkills/SkillData_원작오라_전설적인_박민석_A0YO.asset,원작오라,A0YO,B!샨디아의 대전사,코드 파일명에서,ReplaceableTextures\CommandButtons\BTNCorruptedEnt.blp,맵밖,std_btncorruptedent.png,"웹(리포지드 HD, 이름 일치)",,높음
Assets/Data/UnitSkills/SkillData_원작오라_전설적인_박민수_A16J.asset,원작오라,A16J,B!살벌함,코드 파일명에서,ReplaceableTextures\CommandButtons\BTNHeadhunter.blp,맵밖,std_btnheadhunter.png,"웹(리포지드 HD, 이름 일치)",,높음
Assets/Data/UnitSkills/SkillData_원작오라_전설적인_박병규_A0DZ.asset,원작오라,A0DZ,B아지랑이-전설,코드 파일명에서,ReplaceableTextures\CommandButtons\BTNStasisTrap.blp,맵밖,std_btnstasistrap.png,"웹(리포지드 HD, 이름 일치)",,높음
Assets/Data/UnitSkills/SkillData_원작오라_전설적인_박성호_A0TT.asset,원작오라,A0UU,!숙련된 패기,아이콘 있는 코드 없음 → 유닛 uid h02X(몽키.D.루피 '기어 2' J)의 대표 능력,ReplaceableTextures\CommandButtons\BTNTaunt.blp,맵밖,std_btntaunt.png,"웹(리포지드 HD, 이름 일치)",,낮음
Assets/Data/UnitSkills/SkillData_원작오라_전설적인_양문호_A0PJ.asset,원작오라,A0PJ,B3장성 크래커,코드 파일명에서,BTNcra.blp,맵안,A02C_[조합].png,원작 맵 안,,높음
Assets/Data/UnitSkills/SkillData_원작오라_전설적인_양재모_A132.asset,원작오라,A10U,!화재-리,아이콘 있는 코드 없음 → 유닛 uid h0AH(킹 백수해적단-대간판 - 전설)의 대표 능력,BTN_King_Skill.blp,맵안,A10P_!화재-리.png,원작 맵 안,,낮음
Assets/Data/UnitSkills/SkillData_원작오라_전설적인_양재모_A133.asset,원작오라,A133,B파충류,코드 파일명에서,ReplaceableTextures\CommandButtons\BTNThunderLizardSalamander.blp,맵밖,std_btnthunderlizardsalamander.png,"웹(리포지드 HD, 이름 일치)",,높음
Assets/Data/UnitSkills/SkillData_원작오라_전설적인_이승우_A0F8.asset,원작오라,A0F8,$우정의 고래1,코드 파일명에서,ReplaceableTextures\CommandButtons\BTNWyvernRider.blp,맵밖,std_btnwyvernrider.png,"웹(리포지드 HD, 이름 일치)",,높음
Assets/Data/UnitSkills/SkillData_원작오라_전설적인_이재윤_A0VG.asset,원작오라,A0VG,#흩날리는 겨울의 벚꽃,코드 파일명에서,ReplaceableTextures\CommandButtons\BTNHeartOfAszune.blp,맵밖,std_btnheartofaszune.png,"웹(리포지드 HD, 이름 일치)",,높음
Assets/Data/UnitSkills/SkillData_원작오라_전설적인_임건웅_A0SW.asset,원작오라,A0SW,A독기,코드 파일명에서,ReplaceableTextures\CommandButtons\BTNMinorRejuvPotion.blp,맵밖,std_btnminorrejuvpotion.png,"웹(리포지드 HD, 이름 일치)",,높음
Assets/Data/UnitSkills/SkillData_원작오라_전설적인_임장혁_A0DZ.asset,원작오라,A0DZ,B아지랑이-전설,코드 파일명에서,ReplaceableTextures\CommandButtons\BTNStasisTrap.blp,맵밖,std_btnstasistrap.png,"웹(리포지드 HD, 이름 일치)",,높음
Assets/Data/UnitSkills/SkillData_원작오라_전설적인_임장혁_A0UF.asset,원작오라,A0UF,$영주 대리,코드 파일명에서,BTNtoki_skill.blp,맵안,A0UF_$영주대리.png,원작 맵 안,,높음
Assets/Data/UnitSkills/SkillData_원작오라_전설적인_임채민_A0PW.asset,원작오라,A0PW,A풍압,코드 파일명에서,ReplaceableTextures\CommandButtons\BTNWarEagle.blp,맵밖,std_btnwareagle.png,"웹(리포지드 HD, 이름 일치)",,높음
Assets/Data/UnitSkills/SkillData_원작오라_전설적인_임채현_A0FB.asset,원작오라,A0FB,B공포-울티전설,코드 파일명에서,ReplaceableTextures\CommandButtons\BTNBattleRoar.blp,맵밖,std_btnbattleroar.png,"웹(리포지드 HD, 이름 일치)",,높음
Assets/Data/UnitSkills/SkillData_원작오라_전설적인_임채현_A0FX.asset,원작오라,A0FX,A중력중력열매,코드 파일명에서,ReplaceableTextures\CommandButtons\BTNAmuletOftheWild.blp,맵밖,std_btnamuletofthewild.png,"웹(리포지드 HD, 이름 일치)",,높음
Assets/Data/UnitSkills/SkillData_원작오라_전설적인_정윤식_A143.asset,원작오라,A143,A그림자그림자열매,코드 파일명에서,ReplaceableTextures\CommandButtons\BTNBigBadVoodooSpell.blp,맵밖,std_btnbigbadvoodoospell.png,"웹(리포지드 HD, 이름 일치)",,높음
Assets/Data/UnitSkills/SkillData_원작오라_전설적인_정준영_A0DC.asset,원작오라,A0DC,A!연기연기열매,코드 파일명에서,ReplaceableTextures\CommandButtons\BTNCloudOfFog.blp,맵밖,std_btncloudoffog.png,"웹(리포지드 HD, 이름 일치)",,높음
Assets/Data/UnitSkills/SkillData_원작오라_전설적인_진연서_A03O.asset,원작오라,A03O,$패기수련,코드 파일명에서,ReplaceableTextures\CommandButtons\BTNScourgeBuild.blp,맵밖,std_btnscourgebuild.png,"웹(리포지드 HD, 이름 일치)",,높음
Assets/Data/UnitSkills/SkillData_원작오라_전설적인_진연서_A0ER.asset,원작오라,A0ER,B명왕의 패기,코드 파일명에서,ReplaceableTextures\CommandButtons\BTNCharm.blp,맵밖,std_btncharm.png,"웹(리포지드 HD, 이름 일치)",,높음
Assets/Data/UnitSkills/SkillData_원작오라_전설적인_진연서_A0Y1.asset,원작오라,A0Y1,#수호자 나리,코드 파일명에서,BTNNeco.blp,맵안,A0XS_[조합].png,원작 맵 안,,높음
Assets/Data/UnitSkills/SkillData_원작오라_전설적인_진연서_A0YT.asset,원작오라,A0Y1,#수호자 나리,아이콘 있는 코드 없음 → 유닛 uid h09Z(네코마무시 밤의 왕 - 전설적)의 대표 능력,BTNNeco.blp,맵안,A0XS_[조합].png,원작 맵 안,,낮음
Assets/Data/UnitSkills/SkillData_원작오라_전설적인_최상호_A0EH.asset,원작오라,A0EH,B강자의 패기-일반유닛,코드 파일명에서,ReplaceableTextures\CommandButtons\BTNSpellBreakerMagicUnDefend.blp,맵밖,std_btnspellbreakermagicundefend.png,"웹(리포지드 HD, 이름 일치)",,높음
Assets/Data/UnitSkills/SkillData_원작오라_전설적인_최상호_A0EI.asset,원작오라,A0EI,B노장의 패기-보스방깎-흔들흔들열매 레벨 1,코드 파일명에서,ReplaceableTextures\CommandButtons\BTNEarthquake.blp,맵밖,std_btnearthquake.png,"웹(리포지드 HD, 이름 일치)",,높음
Assets/Data/UnitSkills/SkillData_원작오라_제한_강보명_A0AS.asset,원작오라,A0G5,!휩쓸기-패트릭,아이콘 있는 코드 없음 → 유닛 uid h05G(패트릭 레드필드 붉은백작 - )의 대표 능력,ReplaceableTextures\CommandButtons\BTNCurse.blp,맵밖,std_btncurse.png,"웹(리포지드 HD, 이름 일치)",,낮음
Assets/Data/UnitSkills/SkillData_원작오라_제한_김강민_A0CG.asset,원작오라,A0CG,!모래모래 열매,코드 파일명에서,ReplaceableTextures\PassiveButtons\PASBTNExhumeCorpses.blp,맵밖,std_btnexhumecorpses.png,"웹(PASBTN→BTN 같은 그림, 패시브 틀만 다름)",,높음
Assets/Data/UnitSkills/SkillData_원작오라_제한_김강민_A0CJ.asset,원작오라,A0CJ,B!수분흡수1,코드 파일명에서,ReplaceableTextures\CommandButtons\BTNEntrapmentWard.blp,맵밖,std_btnentrapmentward.png,"웹(리포지드 HD, 이름 일치)",,높음
Assets/Data/UnitSkills/SkillData_원작오라_제한_김민규_A0VR.asset,원작오라,A0VR,B3장성 카타쿠리,코드 파일명에서,BTNkata.blp,맵안,A0S0_[조합].png,원작 맵 안,,높음
Assets/Data/UnitSkills/SkillData_원작오라_제한_박성호_A173.asset,원작오라,A173,A풍압,코드 파일명에서,ReplaceableTextures\CommandButtons\BTNWarEagle.blp,맵밖,std_btnwareagle.png,"웹(리포지드 HD, 이름 일치)",,높음
Assets/Data/UnitSkills/SkillData_원작오라_제한_이유범_A0UJ.asset,원작오라,A0UJ,A암행,코드 파일명에서,BTNsinobu_s3.blp,맵안,A0UJ_A암행.png,원작 맵 안,,높음
Assets/Data/UnitSkills/SkillData_원작오라_제한_최영민_A0H4.asset,원작오라,A0H4,B급소분석,코드 파일명에서,ReplaceableTextures\CommandButtons\BTNMarksmanship.blp,맵밖,std_btnmarksmanship.png,"웹(리포지드 HD, 이름 일치)",,높음
Assets/Data/UnitSkills/SkillData_원작오라_제한_최영민_A0SB.asset,원작오라,A0SB,A덩쿨 뿌리1,코드 파일명에서,ReplaceableTextures\CommandButtons\BTNHippogriffRider.blp,맵밖,std_btnhippogriffrider.png,"웹(리포지드 HD, 이름 일치)",,높음
Assets/Data/UnitSkills/SkillData_원작오라_제한_최영민_A173.asset,원작오라,A173,A풍압,코드 파일명에서,ReplaceableTextures\CommandButtons\BTNWarEagle.blp,맵밖,std_btnwareagle.png,"웹(리포지드 HD, 이름 일치)",,높음
Assets/Data/UnitSkills/SkillData_원작오라_초월_강재규_AP_A0I8.asset,원작오라,A0I8,B마노스 기간테스,코드 파일명에서,ReplaceableTextures\CommandButtons\BTNHealOff.blp,맵밖,std_btnhealoff.png,"웹(리포지드 HD, 이름 일치)",,높음
Assets/Data/UnitSkills/SkillData_원작오라_초월_강재규_AP_A0V8.asset,원작오라,A0V8,#밀 플루르-마노스 공증1,코드 파일명에서,ReplaceableTextures\CommandButtons\BTNDoom.blp,맵밖,std_btndoom.png,"웹(리포지드 HD, 이름 일치)",,높음
Assets/Data/UnitSkills/SkillData_원작오라_초월_강재규_AP_A0VH.asset,원작오라,A0VH,#전투보조,코드 파일명에서,BTNRobin_skill.blp,맵안,A0VH_#전투보조.png,원작 맵 안,,높음
Assets/Data/UnitSkills/SkillData_원작오라_초월_강주혁_AP_A0GQ.asset,원작오라,A0GQ,A귀기-조초,코드 파일명에서,ReplaceableTextures\PassiveButtons\PASBTNShadeTrueSight.blp,맵밖,std_btnshade.png,웹 모음(대체: BTNShade),,높음
Assets/Data/UnitSkills/SkillData_원작오라_초월_강주혁_AP_A0GZ.asset,원작오라,A0GZ,$천재항해사-나초,코드 파일명에서,ReplaceableTextures\CommandButtons\BTNHumanDestroyer.blp,맵밖,std_btnhumandestroyer.png,"웹(리포지드 HD, 이름 일치)",,높음
Assets/Data/UnitSkills/SkillData_원작오라_초월_강주혁_AP_A14E.asset,원작오라,A14E,B삼도류 검술-조초,코드 파일명에서,BTNzoro_green.blp,맵안,A14E_B삼도류검술-조초.png,원작 맵 안,,높음
Assets/Data/UnitSkills/SkillData_원작오라_초월_구주호_AD_A12A.asset,원작오라,A12A,B!수배지령,코드 파일명에서,BTNYamato.blp,맵안,A12A_B!수배지령.png,원작 맵 안,,높음
Assets/Data/UnitSkills/SkillData_원작오라_초월_구주호_AD_A12P.asset,원작오라,A12P,A오오구치,코드 파일명에서,ReplaceableTextures\CommandButtons\BTNGhostOfKelThuzad.blp,맵밖,std_btnghostofkelthuzad.png,"웹(리포지드 HD, 이름 일치)",,높음
Assets/Data/UnitSkills/SkillData_원작오라_초월_구주호_AD_A15G.asset,원작오라,A15G,B숲숲 열매,코드 파일명에서,ReplaceableTextures\CommandButtons\BTNNightElfBuild.blp,맵밖,std_btnnightelfbuild.png,"웹(리포지드 HD, 이름 일치)",,높음
Assets/Data/UnitSkills/SkillData_원작오라_초월_김경현_AP_A0YS.asset,원작오라,A0YS,$고강도 탄성,코드 파일명에서,ReplaceableTextures\CommandButtons\BTNRejuvenationPotion.blp,맵밖,std_btnrejuvenationpotion.png,"웹(리포지드 HD, 이름 일치)",,높음
Assets/Data/UnitSkills/SkillData_원작오라_초월_노태현_AP_A0Q7.asset,원작오라,A0Q7,A자장가 프람,코드 파일명에서,ReplaceableTextures\CommandButtons\BTNSleep.blp,맵밖,std_btnsleep.png,"웹(리포지드 HD, 이름 일치)",,높음
Assets/Data/UnitSkills/SkillData_원작오라_초월_노태현_AP_A0SR.asset,원작오라,A0SR,A오바드 꾸 드로와,코드 파일명에서,ReplaceableTextures\CommandButtons\BTNThoriumRanged.blp,맵밖,std_btnthoriumranged.png,"웹(리포지드 HD, 이름 일치)",,높음
Assets/Data/UnitSkills/SkillData_원작오라_초월_두유찬_AD_A0E6.asset,원작오라,A0E6,A투기,코드 파일명에서,ReplaceableTextures\CommandButtons\BTNSlow.blp,맵밖,std_btnslow.png,"웹(리포지드 HD, 이름 일치)",,높음
Assets/Data/UnitSkills/SkillData_원작오라_초월_두유찬_AD_A0H2.asset,원작오라,A0H2,B용조권,코드 파일명에서,ReplaceableTextures\CommandButtons\BTNImprovedCreatureCarapace.blp,맵밖,std_btnimprovedcreaturecarapace.png,"웹(리포지드 HD, 이름 일치)",,높음
Assets/Data/UnitSkills/SkillData_원작오라_초월_박민수_AD_A0GP.asset,원작오라,A0GP,B삼도류 검술-조초1,코드 파일명에서,BTNzoro_white.blp,맵안,A0GP_B삼도류검술-조초1.png,원작 맵 안,,높음
Assets/Data/UnitSkills/SkillData_원작오라_초월_박민수_AD_A0GQ.asset,원작오라,A0GQ,A귀기-조초,코드 파일명에서,ReplaceableTextures\PassiveButtons\PASBTNShadeTrueSight.blp,맵밖,std_btnshade.png,웹 모음(대체: BTNShade),,높음
Assets/Data/UnitSkills/SkillData_원작오라_초월_배성령_AD_A0QE.asset,원작오라,A11Y,!디아블 잠브-검은다리-상초,아이콘 있는 코드 없음 → 유닛 uid H09G(정열의 요리사)의 대표 능력,ReplaceableTextures\CommandButtons\BTNBlackDragonRoost.blp,맵밖,std_btnblackdragonroost.png,"웹(리포지드 HD, 이름 일치)",,낮음
Assets/Data/UnitSkills/SkillData_원작오라_초월_배성령_AD_A0V4.asset,원작오라,A0V4,$요리사의 길,코드 파일명에서,ReplaceableTextures\CommandButtons\BTNSpinyCrab.blp,맵밖,std_btnspinycrab.png,"웹(리포지드 HD, 이름 일치)",,높음
Assets/Data/UnitSkills/SkillData_원작오라_초월_이태훈_AP_A0FW.asset,원작오라,A0FW,A중력중력열매,코드 파일명에서,ReplaceableTextures\CommandButtons\BTNAmuletOftheWild.blp,맵밖,std_btnamuletofthewild.png,"웹(리포지드 HD, 이름 일치)",,높음
Assets/Data/UnitSkills/SkillData_원작오라_초월_조성진_AD_A0PH.asset,원작오라,A0PH,B우솝의 허풍1,코드 파일명에서,ReplaceableTextures\CommandButtons\BTNManaDrain.blp,맵밖,std_btnmanadrain.png,"웹(리포지드 HD, 이름 일치)",,높음
Assets/Data/UnitSkills/SkillData_원작오라_초월_조성진_AD_A0TH.asset,원작오라,A0TH,B우솝갓,코드 파일명에서,BTNYusop.blp,맵안,A0TH_B우솝갓.png,원작 맵 안,,높음
Assets/Data/UnitSkills/SkillData_원작오라_초월_최상호_AD_A0WL.asset,원작오라,A0WL,$의협,코드 파일명에서,ReplaceableTextures\CommandButtons\BTNSatyrTrickster.blp,맵밖,std_btnsatyrtrickster.png,"웹(리포지드 HD, 이름 일치)",,높음
Assets/Data/UnitSkills/SkillData_원작오라_초월_황준석_ADAP_A0AJ.asset,원작오라,A0AJ,B열매각성 방깍,코드 파일명에서,mr.war3_mgfyw.blp,맵안,A0AJ_B열매각성방깍.png,원작 맵 안,,높음
Assets/Data/UnitSkills/SkillData_원작오라_초월_황준석_ADAP_A0DT.asset,원작오라,A0DT,A흉포한 광기,코드 파일명에서,BTNbigmam.blp,맵안,A0DT_A흉포한광기.png,원작 맵 안,,높음
Assets/Data/UnitSkills/SkillData_원작오라_초월_황준석_ADAP_A0E6.asset,원작오라,A0E6,A투기,코드 파일명에서,ReplaceableTextures\CommandButtons\BTNSlow.blp,맵밖,std_btnslow.png,"웹(리포지드 HD, 이름 일치)",,높음
Assets/Data/UnitSkills/SkillData_원작오라_초월_황준석_ADAP_A0H2.asset,원작오라,A0H2,B용조권,코드 파일명에서,ReplaceableTextures\CommandButtons\BTNImprovedCreatureCarapace.blp,맵밖,std_btnimprovedcreaturecarapace.png,"웹(리포지드 HD, 이름 일치)",,높음
Assets/Data/UnitSkills/SkillData_원작오라_초월_황준석_ADAP_A0I1.asset,원작오라,A0I1,$카리스마1,코드 파일명에서,BTNShanks_2year.blp,맵안,A0I1_$카리스마1.png,원작 맵 안,,높음
Assets/Data/UnitSkills/SkillData_원작오라_초월_황준석_ADAP_A0PH.asset,원작오라,A0PH,B우솝의 허풍1,코드 파일명에서,ReplaceableTextures\CommandButtons\BTNManaDrain.blp,맵밖,std_btnmanadrain.png,"웹(리포지드 HD, 이름 일치)",,높음
Assets/Data/UnitSkills/SkillData_원작오라_초월_황준석_ADAP_A0Q7.asset,원작오라,A0Q7,A자장가 프람,코드 파일명에서,ReplaceableTextures\CommandButtons\BTNSleep.blp,맵밖,std_btnsleep.png,"웹(리포지드 HD, 이름 일치)",,높음
Assets/Data/UnitSkills/SkillData_원작오라_초월_황준석_ADAP_A0QE.asset,원작오라,A0DT,A흉포한 광기,아이콘 있는 코드 없음 → 유닛 uid h09J(폭주한 빅 맘 사황 '강철 풍)의 대표 능력,BTNbigmam.blp,맵안,A0DT_A흉포한광기.png,원작 맵 안,,낮음
Assets/Data/UnitSkills/SkillData_원작오라_초월_황준석_ADAP_A0SB.asset,원작오라,A0SB,A덩쿨 뿌리1,코드 파일명에서,ReplaceableTextures\CommandButtons\BTNHippogriffRider.blp,맵밖,std_btnhippogriffrider.png,"웹(리포지드 HD, 이름 일치)",,높음
Assets/Data/UnitSkills/SkillData_원작오라_초월_황준석_ADAP_A0SR.asset,원작오라,A0SR,A오바드 꾸 드로와,코드 파일명에서,ReplaceableTextures\CommandButtons\BTNThoriumRanged.blp,맵밖,std_btnthoriumranged.png,"웹(리포지드 HD, 이름 일치)",,높음
Assets/Data/UnitSkills/SkillData_원작오라_초월_황준석_ADAP_A0TH.asset,원작오라,A0TH,B우솝갓,코드 파일명에서,BTNYusop.blp,맵안,A0TH_B우솝갓.png,원작 맵 안,,높음
Assets/Data/UnitSkills/SkillData_원작오라_초월_황준석_ADAP_A0WL.asset,원작오라,A0WL,$의협,코드 파일명에서,ReplaceableTextures\CommandButtons\BTNSatyrTrickster.blp,맵밖,std_btnsatyrtrickster.png,"웹(리포지드 HD, 이름 일치)",,높음
Assets/Data/UnitSkills/SkillData_원작오라_초월_황준석_ADAP_A102.asset,원작오라,A102,/자석자석열매-키드초월,코드 파일명에서,ReplaceableTextures\CommandButtons\BTNGatherGold.blp,맵밖,std_btngathergold.png,"웹(리포지드 HD, 이름 일치)",A0YC(맵밖),높음
Assets/Data/UnitSkills/SkillData_원작오라_초월_황준석_ADAP_A10D.asset,원작오라,A10D,A자석자석 열매,코드 파일명에서,ReplaceableTextures\CommandButtons\BTNControlMagic.blp,맵밖,std_btncontrolmagic.png,"웹(리포지드 HD, 이름 일치)",,높음
Assets/Data/UnitSkills/SkillData_원작오라_희귀함_노수신_A0N4.asset,원작오라,A0N4,$콧노래공속-브룩희귀,코드 파일명에서,ReplaceableTextures\CommandButtons\BTNBanish.blp,맵밖,std_btnbanish.png,"웹(리포지드 HD, 이름 일치)",,높음
Assets/Data/UnitSkills/SkillData_원작오라_희귀함_두유찬_A0K5.asset,원작오라,A0K5,A자석자석 열매,코드 파일명에서,ReplaceableTextures\CommandButtons\BTNControlMagic.blp,맵밖,std_btncontrolmagic.png,"웹(리포지드 HD, 이름 일치)",,높음
Assets/Data/UnitSkills/SkillData_원작오라_희귀함_두유찬_A0VM.asset,원작오라,A0VM,/자석자석열매-1,코드 파일명에서,ReplaceableTextures\CommandButtons\BTNGatherGold.blp,맵밖,std_btngathergold.png,"웹(리포지드 HD, 이름 일치)",,높음
Assets/Data/UnitSkills/SkillData_원작오라_희귀함_서민성_A0TX.asset,원작오라,A02P,[조합],아이콘 있는 코드 없음 → 유닛 uid h023(카쿠 CP9 소소열매 람각 주)의 대표 능력,BTNRuchiLeo.blp,맵안,A02P_[조합].png,원작 맵 안,,낮음
Assets/Data/UnitSkills/SkillData_원작오라_희귀함_윤현모_A0D4.asset,원작오라,A0D4,A!빙빙열매,코드 파일명에서,ReplaceableTextures\CommandButtons\BTNGlacier.blp,맵밖,std_btnglacier.png,"웹(리포지드 HD, 이름 일치)",,높음
Assets/Data/UnitSkills/SkillData_원작오라_희귀함_이태훈_A0CH.asset,원작오라,A0CH,!모래모래 열매,코드 파일명에서,ReplaceableTextures\PassiveButtons\PASBTNExhumeCorpses.blp,맵밖,std_btnexhumecorpses.png,"웹(PASBTN→BTN 같은 그림, 패시브 틀만 다름)",,높음
Assets/Data/UnitSkills/SkillData_원작오라_희귀함_조현규_A0GN.asset,원작오라,A0GN,#애교,코드 파일명에서,ReplaceableTextures\CommandButtons\BTNPandaTaunt.blp,맵밖,std_btnpandataunt.png,"웹(리포지드 HD, 이름 일치)",,높음
Assets/Data/UnitSkills/SkillData_원작오라_희귀함_조현규_A17H.asset,원작오라,A037,[조합],아이콘 있는 코드 없음 → 유닛 uid h02K(토니토니 쵸파 혼 포인트 - )의 대표 능력,BTNHiruruk.blp,맵안,A037_[조합].png,원작 맵 안,,낮음
Assets/Data/UnitSkills/SkillData_원작트리거_랜덤_모몬가_ichigo2.asset,원작트리거,A0KN,!월아천충,아이콘 있는 코드 없음 → 유닛 uid h071(쿠로사키 이치고 - 랜덤전용)의 대표 능력,ReplaceableTextures\PassiveButtons\PASBTNRegenerationAura.blp,맵밖,std_btnregenerationaura.png,"웹(PASBTN→BTN 같은 그림, 패시브 틀만 다름)",,낮음
Assets/Data/UnitSkills/SkillData_원작트리거_랜덤_미도리야_이즈쿠_Higma_LIFE85.asset,원작트리거,A0YZ,!총알세례,아이콘 있는 코드 없음 → 유닛 uid h0AC(마운틴.D.히그마 - 랜덤전용)의 대표 능력,ReplaceableTextures\CommandButtons\BTN_Higma_s.blp,맵안,A0YZ_!총알세례.png,원작 맵 안,,낮음
Assets/Data/UnitSkills/SkillData_원작트리거_랜덤_손오공_Yukari_D2.asset,원작트리거,A0ZD,D스키마,아이콘 있는 코드 없음 → 유닛 uid h0A6(야쿠모 유카리 - 랜덤전용[제)의 대표 능력,Model\BTNYukari_Skill4.blp,못찾음,,,,낮음
Assets/Data/UnitSkills/SkillData_원작트리거_랜덤_손오공_Yukari_D2_즉사.asset,원작트리거,A0ZD,D스키마,아이콘 있는 코드 없음 → 유닛 uid h0A6(야쿠모 유카리 - 랜덤전용[제)의 대표 능력,Model\BTNYukari_Skill4.blp,못찾음,,,,낮음
Assets/Data/UnitSkills/SkillData_원작트리거_랜덤_손오공_Yukari_W.asset,원작트리거,A0ZD,D스키마,아이콘 있는 코드 없음 → 유닛 uid h0A6(야쿠모 유카리 - 랜덤전용[제)의 대표 능력,Model\BTNYukari_Skill4.blp,못찾음,,,,낮음
Assets/Data/UnitSkills/SkillData_원작트리거_랜덤_손오공_스키마.asset,원작트리거,A0ZD,D스키마,아이콘 있는 코드 없음 → 유닛 uid h0A6(야쿠모 유카리 - 랜덤전용[제)의 대표 능력,Model\BTNYukari_Skill4.blp,못찾음,,,,낮음
Assets/Data/UnitSkills/SkillData_원작트리거_랜덤_이민형_Tatsumaki_Q2.asset,원작트리거,A12T,협회수당,아이콘 있는 코드 없음 → 유닛 uid h0BC(타츠마키 - 랜덤전용[제한됨])의 대표 능력,ReplaceableTextures\CommandButtons\BTNDustOfAppearance.blp,맵밖,std_btndustofappearance.png,"웹(리포지드 HD, 이름 일치)",,낮음
Assets/Data/UnitSkills/SkillData_원작트리거_랜덤_이민형_Tatsumaki_R.asset,원작트리거,A12T,협회수당,아이콘 있는 코드 없음 → 유닛 uid h0BC(타츠마키 - 랜덤전용[제한됨])의 대표 능력,ReplaceableTextures\CommandButtons\BTNDustOfAppearance.blp,맵밖,std_btndustofappearance.png,"웹(리포지드 HD, 이름 일치)",,낮음
Assets/Data/UnitSkills/SkillData_원작트리거_랜덤_이민형_Tatsumaki_T_stomp.asset,원작트리거,A12T,협회수당,아이콘 있는 코드 없음 → 유닛 uid h0BC(타츠마키 - 랜덤전용[제한됨])의 대표 능력,ReplaceableTextures\CommandButtons\BTNDustOfAppearance.blp,맵밖,std_btndustofappearance.png,"웹(리포지드 HD, 이름 일치)",,낮음
Assets/Data/UnitSkills/SkillData_원작트리거_랜덤_호시노_아이_k1_공속.asset,원작트리거,A0KT,!체인드라이브,아이콘 있는 코드 없음 → 유닛 uid h06U(k' - 랜덤전용)의 대표 능력,ReplaceableTextures\PassiveButtons\PASBTNIncinerate.blp,맵밖,std_btnincinerate.png,"웹(PASBTN→BTN 같은 그림, 패시브 틀만 다름)",,낮음
Assets/Data/UnitSkills/SkillData_원작트리거_불멸_고도현_Ed_Skill_Mana.asset,원작트리거,A0CZ,!지진강타-흰불,아이콘 있는 코드 없음 → 유닛 uid h04A(에드워드 뉴게이트 한시대를 주)의 대표 능력,moon_shin_bhztx.blp,맵안,A0CZ_!지진강타-흰불.png,원작 맵 안,,낮음
Assets/Data/UnitSkills/SkillData_원작트리거_불멸_고도현_Ed_Skill_Mana_stomp.asset,원작트리거,A0CZ,!지진강타-흰불,아이콘 있는 코드 없음 → 유닛 uid h04A(에드워드 뉴게이트 한시대를 주)의 대표 능력,moon_shin_bhztx.blp,맵안,A0CZ_!지진강타-흰불.png,원작 맵 안,,낮음
Assets/Data/UnitSkills/SkillData_원작트리거_불멸_김용태_roger_Mana_천둥박수.asset,원작트리거,A0FN,!고대병기,아이콘 있는 코드 없음 → 유닛 uid h04J(골.D.로져 해적왕 - 불멸의)의 대표 능력,ReplaceableTextures\CommandButtons\BTNDalaranGuardTower.blp,맵밖,std_btndalaranguardtower.png,"웹(리포지드 HD, 이름 일치)",,낮음
Assets/Data/UnitSkills/SkillData_원작트리거_불멸_박은석_Z_Skill_Mana_stomp.asset,원작트리거,A0OT,!다이나 스톤-제불,"아이콘 있는 코드 없음 → 유닛 uid h04G(제트 해군 스승 ""Z"" - 불)의 대표 능력",ReplaceableTextures\CommandButtons\BTNRejuvPotion.blp,맵밖,std_btnrejuvpotion.png,"웹(리포지드 HD, 이름 일치)",,낮음
Assets/Data/UnitSkills/SkillData_원작트리거_불멸_신지우_Kaido_Mana.asset,원작트리거,A0ZI,6변신1,아이콘 있는 코드 없음 → 유닛 uid h07M(카이도 사황'백수의 왕' - )의 대표 능력,ReplaceableTextures\CommandButtons\BTN_kaido_form.blp,맵안,A0ZI_6변신1.png,원작 맵 안,,낮음
Assets/Data/UnitSkills/SkillData_원작트리거_불멸_신지우_Kaido_Mana_stomp.asset,원작트리거,A0ZI,6변신1,아이콘 있는 코드 없음 → 유닛 uid h07M(카이도 사황'백수의 왕' - )의 대표 능력,ReplaceableTextures\CommandButtons\BTN_kaido_form.blp,맵안,A0ZI_6변신1.png,원작 맵 안,,낮음
Assets/Data/UnitSkills/SkillData_원작트리거_불멸_이승우_Garp_Mana2_stomp.asset,원작트리거,A0FU,!주먹의거프-거불,아이콘 있는 코드 없음 → 유닛 uid h04C(몽키.D.거프 해군영웅 주먹의)의 대표 능력,BTNGarp_IM.blp,맵안,A0FU_!주먹의거프-거불.png,원작 맵 안,,낮음
Assets/Data/UnitSkills/SkillData_원작트리거_불멸_이이삭_Seongoku_Skill_4_끝.asset,원작트리거,A062,#해군원수,"아이콘 있는 코드 없음 → 유닛 uid h04E(센고쿠 해군원수 ""부처님"" -)의 대표 능력",!MarineG.blp,맵안,A062_#해군원수.png,원작 맵 안,,낮음
Assets/Data/UnitSkills/SkillData_원작트리거_불멸_정윤식_LaillySkill3_stomp.asset,원작트리거,A03K,#2인자 명왕,아이콘 있는 코드 없음 → 유닛 uid h049(실버즈 레일리 명왕 - 불멸의)의 대표 능력,BTNlaily_im.blp,맵안,A03K_#2인자명왕.png,원작 맵 안,,낮음
Assets/Data/UnitSkills/SkillData_원작트리거_불멸_정준영_Bigmam_Attack_1of6.asset,원작트리거,A0IU,!대자재천신,아이콘 있는 코드 없음 → 유닛 uid h04Q(빅 맘 강철 풍선 - 불멸의)의 대표 능력,BTNbigmam2.blp,맵안,A0IU_!대자재천신.png,원작 맵 안,,낮음
Assets/Data/UnitSkills/SkillData_원작트리거_불멸_정준영_Bigmam_Attack_5of6.asset,원작트리거,A0IU,!대자재천신,아이콘 있는 코드 없음 → 유닛 uid h04Q(빅 맘 강철 풍선 - 불멸의)의 대표 능력,BTNbigmam2.blp,맵안,A0IU_!대자재천신.png,원작 맵 안,,낮음
Assets/Data/UnitSkills/SkillData_원작트리거_불멸_정준영_Bigmam_hp.asset,원작트리거,A0IU,!대자재천신,아이콘 있는 코드 없음 → 유닛 uid h04Q(빅 맘 강철 풍선 - 불멸의)의 대표 능력,BTNbigmam2.blp,맵안,A0IU_!대자재천신.png,원작 맵 안,,낮음
Assets/Data/UnitSkills/SkillData_원작트리거_불멸_정준영_Dragon_Skill_Mana.asset,원작트리거,A0FT,!폭풍-드불,아이콘 있는 코드 없음 → 유닛 uid h04D(몽키.D.드래곤 혁명군의 수장)의 대표 능력,ReplaceableTextures\CommandButtons\BTNTranquility.blp,맵밖,std_btntranquility.png,"웹(리포지드 HD, 이름 일치)",,낮음
Assets/Data/UnitSkills/SkillData_원작트리거_영원_김정래_Bugi_Attack_하울.asset,원작트리거,A0W2,!수전노1,아이콘 있는 코드 없음 → 트리거 Bugi_Attack(천냥광대 버기 - 영원한)의 대표 능력,BTNBuggi_skill.blp,맵안,A0W2_!수전노1.png,원작 맵 안,,낮음
Assets/Data/UnitSkills/SkillData_원작트리거_영원_김정래_Uta_skill_2.asset,원작트리거,A16U,$가희,아이콘 있는 코드 없음 → 트리거 Uta_Attack(세계의 가희 우타 - 영원한)의 대표 능력,ReplaceableTextures\CommandButtons\BTNuta1.blp,맵안,A16U_$가희.png,원작 맵 안,,낮음
Assets/Data/UnitSkills/SkillData_원작트리거_영원_문필환_vivi_Skill_3_Triple.asset,원작트리거,A0M1,!3연사,코드 description에서,ReplaceableTextures\CommandButtons\BTNHumanMissileUpThree.blp,맵밖,std_btnhumanmissileupthree.png,"웹(리포지드 HD, 이름 일치)",A0LZ(맵안),보통
Assets/Data/UnitSkills/SkillData_원작트리거_영원_문필환_vivi_Skill_Double.asset,원작트리거,A0LZ,!알라바스타-비영,아이콘 있는 코드 없음 → 트리거 ViVi_Attack(알라바스타의 왕녀-ver파이러)의 대표 능력,BTNgun.blp,맵안,A0LZ_!알라바스타-비영.png,원작 맵 안,,낮음
Assets/Data/UnitSkills/SkillData_원작트리거_영원_조세민_han_petrification.asset,원작트리거,A0J8,!패왕색의패기 -핸콕,아이콘 있는 코드 없음 → 유닛 uid h05C('아마존릴리의 여제'  보아 )의 대표 능력,ReplaceableTextures\CommandButtons\BTNMoonStone.blp,맵밖,std_btnmoonstone.png,"웹(리포지드 HD, 이름 일치)",,낮음
Assets/Data/UnitSkills/SkillData_원작트리거_영원_최상호_Mihawk_2_기본.asset,원작트리거,A0HP,A매의눈,아이콘 있는 코드 없음 → 유닛 uid h058(세계 최강의 대검호 쥬라클 미)의 대표 능력,BTNMihawkicon1.blp,맵안,A0HP_A매의눈.png,원작 맵 안,,낮음
Assets/Data/UnitSkills/SkillData_원작트리거_영원_최상호_Mihawk_2_연속베기.asset,원작트리거,A0HP,A매의눈,아이콘 있는 코드 없음 → 유닛 uid h058(세계 최강의 대검호 쥬라클 미)의 대표 능력,BTNMihawkicon1.blp,맵안,A0HP_A매의눈.png,원작 맵 안,,낮음
Assets/Data/UnitSkills/SkillData_원작트리거_영원_최상호_Mihawk_4.asset,원작트리거,A0HP,A매의눈,아이콘 있는 코드 없음 → 트리거 Mihawk_Attack(세계 최강의 대검호 쥬라클 미)의 대표 능력,BTNMihawkicon1.blp,맵안,A0HP_A매의눈.png,원작 맵 안,,낮음
Assets/Data/UnitSkills/SkillData_원작트리거_전설적인_김건_Legend35ulti_trg3.asset,원작트리거,A11A,!울두건,아이콘 있는 코드 없음 → 유닛 uid h03S(울티 토비롯포 - 전설적인)의 대표 능력,BTNulti_skill.blp,맵안,A11A_!울두건.png,원작 맵 안,,낮음
Assets/Data/UnitSkills/SkillData_원작트리거_전설적인_김민규_Legend30_스턴.asset,원작트리거,A0TL,!급습,아이콘 있는 코드 없음 → 유닛 uid h042(시노부 쿠노이치 - 전설적인)의 대표 능력,BTNarcane.blp,맵안,A0TL_!급습.png,원작 맵 안,,낮음
Assets/Data/UnitSkills/SkillData_원작트리거_전설적인_박민수_Legend15_배리어.asset,원작트리거,A16J,B!살벌함,아이콘 있는 코드 없음 → 유닛 uid h02Z(바르토로메오 신예 초신성- 식)의 대표 능력,ReplaceableTextures\CommandButtons\BTNHeadhunter.blp,맵밖,std_btnheadhunter.png,"웹(리포지드 HD, 이름 일치)",,낮음
Assets/Data/UnitSkills/SkillData_원작트리거_전설적인_박민수_Legend15_배리어불스.asset,원작트리거,A16J,B!살벌함,아이콘 있는 코드 없음 → 유닛 uid h02Z(바르토로메오 신예 초신성- 식)의 대표 능력,ReplaceableTextures\CommandButtons\BTNHeadhunter.blp,맵밖,std_btnheadhunter.png,"웹(리포지드 HD, 이름 일치)",,낮음
Assets/Data/UnitSkills/SkillData_원작트리거_전설적인_백기현_shanks_pegi.asset,원작트리거,A03X,!패기의 검술,아이콘 있는 코드 없음 → 유닛 uid h035(샹크스 사황 '붉은머리' - )의 대표 능력,ReplaceableTextures\PassiveButtons\PASBTNVorpalBlades.blp,맵밖,std_btnvorpalblades.png,"웹(PASBTN→BTN 같은 그림, 패시브 틀만 다름)",,낮음
Assets/Data/UnitSkills/SkillData_원작트리거_전설적인_신지우_Legend16sc_분해.asset,원작트리거,A0I6,!인젝션 샷,아이콘 있는 코드 없음 → 유닛 uid h03C(트라팔가 로우 하트 해적단 선)의 대표 능력,BTN_injection.blp,맵안,A0I6_!인젝션샷.png,원작 맵 안,,낮음
Assets/Data/UnitSkills/SkillData_원작트리거_전설적인_이유선_Legend8_인의.asset,원작트리거,A058,!인의 액티브,코드 description에서,ReplaceableTextures\CommandButtons\BTNPolymorph.blp,맵밖,std_btnpolymorph.png,"웹(리포지드 HD, 이름 일치)",,높음
Assets/Data/UnitSkills/SkillData_원작트리거_전설적인_이일중_Legend30_스턴.asset,원작트리거,A0TL,!급습,아이콘 있는 코드 없음 → 유닛 uid h042(시노부 쿠노이치 - 전설적인)의 대표 능력,BTNarcane.blp,맵안,A0TL_!급습.png,원작 맵 안,,낮음
Assets/Data/UnitSkills/SkillData_원작트리거_전설적인_이현주_Legend_han_kiss_damagesc.asset,원작트리거,A05S,!매료매료 열매,아이콘 있는 코드 없음 → 유닛 uid h032(보아 핸콕 쿠사 해적단 선장 )의 대표 능력,ReplaceableTextures\CommandButtons\BTNSnazzyPotion.blp,맵밖,std_btnsnazzypotion.png,"웹(리포지드 HD, 이름 일치)",,낮음
Assets/Data/UnitSkills/SkillData_원작트리거_전설적인_임채민_Legend17_LifeSkill.asset,원작트리거,A08J,2범위 불사조팬옵나 마르코전설,코드 description에서,BTNOZ.blp,맵안,A08I_!팬오브나이츠계열.png,원작 맵 안,,높음
Assets/Data/UnitSkills/SkillData_원작트리거_전설적인_임채민_Legend17_LifeSkill_칼날.asset,원작트리거,A08J,2범위 불사조팬옵나 마르코전설,코드 skillName에서,BTNOZ.blp,맵안,A08I_!팬오브나이츠계열.png,원작 맵 안,,높음
Assets/Data/UnitSkills/SkillData_원작트리거_전설적인_임채현_Legend35ulti_trg3.asset,원작트리거,A11A,!울두건,아이콘 있는 코드 없음 → 유닛 uid h03S(울티 토비롯포 - 전설적인)의 대표 능력,BTNulti_skill.blp,맵안,A11A_!울두건.png,원작 맵 안,,낮음
Assets/Data/UnitSkills/SkillData_원작트리거_전설적인_최상호_Legend5_지진.asset,원작트리거,A0SY,!지진강타-흰전,아이콘 있는 코드 없음 → 유닛 uid h03B(에드워드 뉴게이트 '사황' 흰)의 대표 능력,moon_shin_bhztx.blp,맵안,A0CZ_!지진강타-흰불.png,원작 맵 안,,낮음
Assets/Data/UnitSkills/SkillData_원작트리거_제한_김민규_kata_04_pegi_B06B.asset,원작트리거,A0VR,B3장성 카타쿠리,아이콘 있는 코드 없음 → 유닛 uid h07I(샬롯 카타쿠리 장성 밀가루 대)의 대표 능력,BTNkata.blp,맵안,A0S0_[조합].png,원작 맵 안,,낮음
Assets/Data/UnitSkills/SkillData_원작트리거_제한_김민규_kata_04_pegi_PV200.asset,원작트리거,A0VR,B3장성 카타쿠리,아이콘 있는 코드 없음 → 유닛 uid h07I(샬롯 카타쿠리 장성 밀가루 대)의 대표 능력,BTNkata.blp,맵안,A0S0_[조합].png,원작 맵 안,,낮음
Assets/Data/UnitSkills/SkillData_원작트리거_제한_김민규_kata_04_pegi_확률.asset,원작트리거,A0VR,B3장성 카타쿠리,아이콘 있는 코드 없음 → 유닛 uid h07I(샬롯 카타쿠리 장성 밀가루 대)의 대표 능력,BTNkata.blp,맵안,A0S0_[조합].png,원작 맵 안,,낮음
Assets/Data/UnitSkills/SkillData_원작트리거_제한_전법규_enel_thunder_B06B.asset,원작트리거,A0U4,!전류방출-에넬제한,아이콘 있는 코드 없음 → 유닛 uid h05E(에넬 G.O.D - 제한됨)의 대표 능력,BTNEnel2.blp,맵안,A0U4_!전류방출-에넬제한.png,원작 맵 안,,낮음
Assets/Data/UnitSkills/SkillData_원작트리거_제한_전법규_enel_thunder_PV200.asset,원작트리거,A0U4,!전류방출-에넬제한,아이콘 있는 코드 없음 → 유닛 uid h05E(에넬 G.O.D - 제한됨)의 대표 능력,BTNEnel2.blp,맵안,A0U4_!전류방출-에넬제한.png,원작 맵 안,,낮음
Assets/Data/UnitSkills/SkillData_원작트리거_제한_전법규_enel_thunder_확률.asset,원작트리거,A0U4,!전류방출-에넬제한,아이콘 있는 코드 없음 → 유닛 uid h05E(에넬 G.O.D - 제한됨)의 대표 능력,BTNEnel2.blp,맵안,A0U4_!전류방출-에넬제한.png,원작 맵 안,,낮음
Assets/Data/UnitSkills/SkillData_원작트리거_초월_강주혁_AP_Nami_Skill_1.asset,원작트리거,A0FV,A비구름 이감패시브,코드 description에서,BTNLailley.blp,맵안,A03V_A룸이속감소1.png,원작 맵 안,,높음
Assets/Data/UnitSkills/SkillData_원작트리거_초월_강주혁_AP_Zoro_Samchun2.asset,원작트리거,A15Y,!일도류-비룡화염,아이콘 있는 코드 없음 → 유닛 uid H0BT(염왕)의 대표 능력,BTNZoro_Skill_5.blp,맵안,A15Y_!일도류-비룡화염.png,원작 맵 안,,낮음
Assets/Data/UnitSkills/SkillData_원작트리거_초월_구주호_AD_Kizaru_01.asset,원작트리거,A0P1,!빛의 기둥,아이콘 있는 코드 없음 → 유닛 uid H0B5(해군대장-보르살리노)의 대표 능력,ReplaceableTextures\CommandButtons\BTNResurrection.blp,맵밖,std_btnresurrection.png,"웹(리포지드 HD, 이름 일치)",,낮음
Assets/Data/UnitSkills/SkillData_원작트리거_초월_구주호_AD_Kizaru_빛의기둥.asset,원작트리거,A0P1,!빛의 기둥,아이콘 있는 코드 없음 → 유닛 uid H0B5(해군대장-보르살리노)의 대표 능력,ReplaceableTextures\CommandButtons\BTNResurrection.blp,맵밖,std_btnresurrection.png,"웹(리포지드 HD, 이름 일치)",,낮음
Assets/Data/UnitSkills/SkillData_원작트리거_초월_구주호_AD_Kizaru_장풍.asset,원작트리거,A0P1,!빛의 기둥,아이콘 있는 코드 없음 → 유닛 uid H0B5(해군대장-보르살리노)의 대표 능력,ReplaceableTextures\CommandButtons\BTNResurrection.blp,맵밖,std_btnresurrection.png,"웹(리포지드 HD, 이름 일치)",,낮음
Assets/Data/UnitSkills/SkillData_원작트리거_초월_구주호_AD_Rokugu_Tree_S.asset,원작트리거,A03U,!삼림화,아이콘 있는 코드 없음 → 유닛 uid H0BL('신'해군대장-초록소)의 대표 능력,ReplaceableTextures\CommandButtons\BTNReplenishHealth.blp,맵밖,std_btnreplenishhealth.png,"웹(리포지드 HD, 이름 일치)",,낮음
Assets/Data/UnitSkills/SkillData_원작트리거_초월_구주호_AD_Rokugu_흡수.asset,원작트리거,A03U,!삼림화,아이콘 있는 코드 없음 → 유닛 uid H0BL('신'해군대장-초록소)의 대표 능력,ReplaceableTextures\CommandButtons\BTNReplenishHealth.blp,맵밖,std_btnreplenishhealth.png,"웹(리포지드 HD, 이름 일치)",,낮음
Assets/Data/UnitSkills/SkillData_원작트리거_초월_구주호_AD_Yamato_Damage2_강화.asset,원작트리거,A12H,!패황색 휘감기,아이콘 있는 코드 없음 → 유닛 uid H0BE(오니히메 인수화)의 대표 능력,BTNYamato_skill_B.blp,맵안,A12H_!패황색휘감기.png,원작 맵 안,,낮음
Assets/Data/UnitSkills/SkillData_원작트리거_초월_구주호_AD_Yamato_Dash.asset,원작트리거,A12H,!패황색 휘감기,아이콘 있는 코드 없음 → 유닛 uid H0BE(오니히메 인수화)의 대표 능력,BTNYamato_skill_B.blp,맵안,A12H_!패황색휘감기.png,원작 맵 안,,낮음
Assets/Data/UnitSkills/SkillData_원작트리거_초월_구주호_AD_Yamato_공속.asset,원작트리거,A12H,!패황색 휘감기,아이콘 있는 코드 없음 → 유닛 uid H0BE(오니히메 인수화)의 대표 능력,BTNYamato_skill_B.blp,맵안,A12H_!패황색휘감기.png,원작 맵 안,,낮음
Assets/Data/UnitSkills/SkillData_원작트리거_초월_구주호_AD_Yamato_뇌명.asset,원작트리거,A12H,!패황색 휘감기,아이콘 있는 코드 없음 → 유닛 uid H0BE(오니히메 인수화)의 대표 능력,BTNYamato_skill_B.blp,맵안,A12H_!패황색휘감기.png,원작 맵 안,,낮음
Assets/Data/UnitSkills/SkillData_원작트리거_초월_김경현_AP_Snake_Attack_35.asset,원작트리거,A0XH,6변신,아이콘 있는 코드 없음 → 유닛 uid H0B2(다섯번째 황제)의 대표 능력,ReplaceableTextures\CommandButtons\BTNsnakeman_skill2.blp,맵안,A0XH_6변신.png,원작 맵 안,,낮음
Assets/Data/UnitSkills/SkillData_원작트리거_초월_김만경_AD_Akainu_02_LIFE.asset,원작트리거,A0YQ,!철저한 정의,아이콘 있는 코드 없음 → 유닛 uid H095(신 해군원수 )의 대표 능력,ReplaceableTextures\CommandButtons\BTNSpellBreaker.blp,맵밖,std_btnspellbreaker.png,"웹(리포지드 HD, 이름 일치)",,낮음
Assets/Data/UnitSkills/SkillData_원작트리거_초월_김만경_AD_Akainu_03.asset,원작트리거,A0YQ,!철저한 정의,아이콘 있는 코드 없음 → 유닛 uid H095(신 해군원수 )의 대표 능력,ReplaceableTextures\CommandButtons\BTNSpellBreaker.blp,맵밖,std_btnspellbreaker.png,"웹(리포지드 HD, 이름 일치)",,낮음
Assets/Data/UnitSkills/SkillData_원작트리거_초월_노태현_AP_Brook_Skill_Mana.asset,원작트리거,A0R1,A소울 뮤직,코드 description에서,ReplaceableTextures\CommandButtons\BTNFrostArmor.blp,맵밖,std_btnfrostarmor.png,"웹(리포지드 HD, 이름 일치)",,보통
Assets/Data/UnitSkills/SkillData_원작트리거_초월_박민수_AD_Zoro_saza1.asset,원작트리거,A0GQ,A귀기-조초,코드 description에서,ReplaceableTextures\PassiveButtons\PASBTNShadeTrueSight.blp,맵밖,std_btnshade.png,웹 모음(대체: BTNShade),,보통
Assets/Data/UnitSkills/SkillData_원작트리거_초월_박민수_AD_Zoro_tiger.asset,원작트리거,A0GP,B삼도류 검술-조초1,아이콘 있는 코드 없음 → 유닛 uid H09F(수라의 검사)의 대표 능력,BTNzoro_white.blp,맵안,A0GP_B삼도류검술-조초1.png,원작 맵 안,,낮음
Assets/Data/UnitSkills/SkillData_원작트리거_초월_신문철_AP_Ruffy_AttackDamage_기본.asset,원작트리거,A0KE,!숙련된 패기,아이콘 있는 코드 없음 → 유닛 uid H099(명왕 레일리의 제자)의 대표 능력,ReplaceableTextures\CommandButtons\BTNTaunt.blp,맵밖,std_btntaunt.png,"웹(리포지드 HD, 이름 일치)",,낮음
Assets/Data/UnitSkills/SkillData_원작트리거_초월_임채민_AP_Tichi_skill_4_tr.asset,원작트리거,A0HS,!크로우즈,아이콘 있는 코드 없음 → 유닛 uid H090(지진과 어둠의 검은수염)의 대표 능력,ReplaceableTextures\CommandButtons\BTNFaerieFireOff.blp,맵밖,std_btnfaeriefireoff.png,"웹(리포지드 HD, 이름 일치)",,낮음
Assets/Data/UnitSkills/SkillData_원작트리거_초월_조성진_AD_Usop_Attack_1of9.asset,원작트리거,A0TH,B우솝갓,아이콘 있는 코드 없음 → 유닛 uid H09B(G.O.D)의 대표 능력,BTNYusop.blp,맵안,A0TH_B우솝갓.png,원작 맵 안,,낮음
Assets/Data/UnitSkills/SkillData_원작트리거_초월_최상호_AD_Jimbe_jingak.asset,원작트리거,A0X0,!어인공수도-징베,아이콘 있는 코드 없음 → 유닛 uid H09A(어인협객)의 대표 능력,BTNjimbae.blp,맵안,A01E_[조합].png,원작 맵 안,,낮음
Assets/Data/UnitSkills/SkillData_원작트리거_초월_최상호_AD_jinbe_추가타.asset,원작트리거,A0X0,!어인공수도-징베,아이콘 있는 코드 없음 → 유닛 uid H09A(어인협객)의 대표 능력,BTNjimbae.blp,맵안,A01E_[조합].png,원작 맵 안,,낮음
Assets/Data/UnitSkills/SkillData_원작트리거_초월_최상호_AP_DP_Skill_2_일반.asset,원작트리거,A0VD,!다중절단,"아이콘 있는 코드 없음 → 유닛 uid H09E(""어둠의 조커""드레스로자의 악)의 대표 능력",ReplaceableTextures\PassiveButtons\PASBTNMagicImmunity.blp,맵밖,std_btnmagicimmunity.png,"웹(PASBTN→BTN 같은 그림, 패시브 틀만 다름)",,낮음
Assets/Data/UnitSkills/SkillData_원작트리거_초월_최상호_AP_DP_Skill_3_일반.asset,원작트리거,A0VD,!다중절단,"아이콘 있는 코드 없음 → 유닛 uid H09E(""어둠의 조커""드레스로자의 악)의 대표 능력",ReplaceableTextures\PassiveButtons\PASBTNMagicImmunity.blp,맵밖,std_btnmagicimmunity.png,"웹(PASBTN→BTN 같은 그림, 패시브 틀만 다름)",,낮음
Assets/Data/UnitSkills/SkillData_원작트리거_초월_최상호_AP_DP_새장.asset,원작트리거,A0VB,A이속감소 도플초월,코드 description에서,ReplaceableTextures\CommandButtons\BTNWebOn.blp,맵밖,std_btnwebon.png,"웹(리포지드 HD, 이름 일치)",,보통
Assets/Data/UnitSkills/SkillData_원작트리거_초월_최상호_AP_각성창.asset,원작트리거,A0AJ,B열매각성 방깍,코드 description에서,mr.war3_mgfyw.blp,맵안,A0AJ_B열매각성방깍.png,원작 맵 안,,보통
Assets/Data/UnitSkills/SkillData_원작트리거_초월_황준석_ADAP_Kid_Skill_Mana.asset,원작트리거,A10F,!펑크 깁슨,아이콘 있는 코드 없음 → 유닛 uid H0B4(유스타스'캡틴')의 대표 능력,ReplaceableTextures\CommandButtons\BTNSpiderSilkBroach.blp,맵밖,std_btnspidersilkbroach.png,"웹(리포지드 HD, 이름 일치)",,낮음
Assets/Data/UnitSkills/SkillData_원작트리거_특별함_조도연_기어세컨드.asset,원작트리거,A00F,[조합],아이콘 있는 코드 없음 → 유닛 uid h00U(몽키.D.루피 기어 세컨드 -)의 대표 능력,BTNLuffy.blp,맵안,A012_[조합].png,원작 맵 안,,낮음
Assets/Data/UnitSkills/SkillData_절대쿨_랜덤_한마_바키.asset,절대쿨,A11M,!종경백제검,아이콘 있는 코드 없음 → 유닛 uid h08I(쿠치키 뱌쿠야 - 랜덤전용[제)의 대표 능력,Model\BTN_Byakuya_skill3.blp,못찾음,,,,낮음
Assets/Data/UnitSkills/SkillData_절대쿨_불멸_정윤식.asset,절대쿨,A03K,#2인자 명왕,아이콘 있는 코드 없음 → 유닛 uid h049(실버즈 레일리 명왕 - 불멸의)의 대표 능력,BTNlaily_im.blp,맵안,A03K_#2인자명왕.png,원작 맵 안,,낮음
Assets/Data/UnitSkills/SkillData_절대쿨_초월_강주혁_AP.asset,절대쿨,A0W0,!금전감각,아이콘 있는 코드 없음 → 유닛 uid H08V(웨더리아의 항해사)의 대표 능력,ReplaceableTextures\CommandButtons\BTNPillage.blp,맵밖,std_btnpillage.png,"웹(리포지드 HD, 이름 일치)",,낮음
Assets/Data/UnitSkills/SkillData_절대쿨_초월_두유찬_AD_1.asset,절대쿨,A0HF,!이글이글열매,아이콘 있는 코드 없음 → 유닛 uid H092(혁명군 참모총장)의 대표 능력,ReplaceableTextures\CommandButtons\BTNFire.blp,맵밖,std_btnfire.png,"웹(리포지드 HD, 이름 일치)",,낮음
Assets/Data/UnitSkills/SkillData_절대쿨_초월_두유찬_AD_3.asset,절대쿨,A0HF,!이글이글열매,아이콘 있는 코드 없음 → 유닛 uid H092(혁명군 참모총장)의 대표 능력,ReplaceableTextures\CommandButtons\BTNFire.blp,맵밖,std_btnfire.png,"웹(리포지드 HD, 이름 일치)",,낮음
Assets/Data/UnitSkills/SkillData_절대쿨_초월_두유찬_AD_4.asset,절대쿨,A0HF,!이글이글열매,아이콘 있는 코드 없음 → 유닛 uid H092(혁명군 참모총장)의 대표 능력,ReplaceableTextures\CommandButtons\BTNFire.blp,맵밖,std_btnfire.png,"웹(리포지드 HD, 이름 일치)",,낮음
Assets/Data/UnitSkills/SkillData_카이도_불멸_신지우_buster.asset,카이도,A0ZI,6변신1,아이콘 있는 코드 없음 → 유닛 uid h07M(카이도 사황'백수의 왕' - )의 대표 능력,ReplaceableTextures\CommandButtons\BTN_kaido_form.blp,맵안,A0ZI_6변신1.png,원작 맵 안,,낮음
Assets/Data/UnitSkills/SkillData_카이도_불멸_신지우_life100.asset,카이도,A0ZI,6변신1,아이콘 있는 코드 없음 → 유닛 uid h0AD(카이도 사황'백수의 왕' - )의 대표 능력,ReplaceableTextures\CommandButtons\BTN_kaido_form.blp,맵안,A0ZI_6변신1.png,원작 맵 안,,낮음
Assets/Data/UnitSkills/SkillData_카이도_불멸_신지우_skill18.asset,카이도,A0ZI,6변신1,아이콘 있는 코드 없음 → 유닛 uid h07M(카이도 사황'백수의 왕' - )의 대표 능력,ReplaceableTextures\CommandButtons\BTN_kaido_form.blp,맵안,A0ZI_6변신1.png,원작 맵 안,,낮음
Assets/Data/UnitSkills/SkillData_회수_불멸_고도현_8eab1c6f.asset,회수,A0LR,!참파,아이콘 있는 코드 없음 → 유닛 uid h04B(금사자 시키 천신 - 불멸의)의 대표 능력,mirrorzi_effect_weaponattack_greenW.blp,맵안,A0LR_!참파.png,원작 맵 안,,낮음
Assets/Data/UnitSkills/SkillData_회수_불멸_고도현_a23cc245.asset,회수,,,코드·트리거·uid를 못 찾음,,아이콘없음,,,,없음
Assets/Data/UnitSkills/SkillData_회수_불멸_고도현_a80b907f.asset,회수,A0LR,!참파,아이콘 있는 코드 없음 → 유닛 uid h04B(금사자 시키 천신 - 불멸의)의 대표 능력,mirrorzi_effect_weaponattack_greenW.blp,맵안,A0LR_!참파.png,원작 맵 안,,낮음
Assets/Data/UnitSkills/SkillData_회수_불멸_박은석_b8d2fd85.asset,회수,A0OT,!다이나 스톤-제불,"아이콘 있는 코드 없음 → 유닛 uid h04G(제트 해군 스승 ""Z"" - 불)의 대표 능력",ReplaceableTextures\CommandButtons\BTNRejuvPotion.blp,맵밖,std_btnrejuvpotion.png,"웹(리포지드 HD, 이름 일치)",,낮음
Assets/Data/UnitSkills/SkillData_회수_불멸_이승우_355f5d39.asset,회수,A0FU,!주먹의거프-거불,아이콘 있는 코드 없음 → 유닛 uid h04C(몽키.D.거프 해군영웅 주먹의)의 대표 능력,BTNGarp_IM.blp,맵안,A0FU_!주먹의거프-거불.png,원작 맵 안,,낮음
Assets/Data/UnitSkills/SkillData_회수_불멸_이이삭_f50ad66e.asset,회수,,,코드·트리거·uid를 못 찾음,,아이콘없음,,,,없음
Assets/Data/UnitSkills/SkillData_회수_불멸_정윤식_355f5d39.asset,회수,,,코드·트리거·uid를 못 찾음,,아이콘없음,,,,없음
Assets/Data/UnitSkills/SkillData_회수_영원_문필환_55b5cff0.asset,회수,,,코드·트리거·uid를 못 찾음,,아이콘없음,,,,없음
Assets/Data/UnitSkills/SkillData_회수_영원_문필환_9ffa9c45.asset,회수,,,코드·트리거·uid를 못 찾음,,아이콘없음,,,,없음
Assets/Data/UnitSkills/SkillData_회수_초월_강주혁_AP_b7ae9b41.asset,회수,A15Y,!일도류-비룡화염,아이콘 있는 코드 없음 → 유닛 uid H0BT(염왕)의 대표 능력,BTNZoro_Skill_5.blp,맵안,A15Y_!일도류-비룡화염.png,원작 맵 안,,낮음
Assets/Data/UnitSkills/SkillData_회수_초월_구주호_AD_3a13fd3d.asset,회수,,,코드·트리거·uid를 못 찾음,,아이콘없음,,,,없음
Assets/Data/UnitSkills/SkillData_회수_초월_구주호_AD_c453ba09.asset,회수,A0P1,!빛의 기둥,아이콘 있는 코드 없음 → 유닛 uid H0B5(해군대장-보르살리노)의 대표 능력,ReplaceableTextures\CommandButtons\BTNResurrection.blp,맵밖,std_btnresurrection.png,"웹(리포지드 HD, 이름 일치)",,낮음
Assets/Data/UnitSkills/SkillData_회수_초월_김만경_AD_0ac0451e.asset,회수,A09M,!아카초 - 지천을 녹이는 열기 - 이감2,코드 description에서,BTNLailley.blp,맵안,A03V_A룸이속감소1.png,원작 맵 안,,보통
Assets/Data/UnitSkills/SkillData_회수_초월_노태현_AP_3a13fd3d.asset,회수,A0Q7,A자장가 프람,아이콘 있는 코드 없음 → 유닛 uid H09I(소울 킹)의 대표 능력,ReplaceableTextures\CommandButtons\BTNSleep.blp,맵밖,std_btnsleep.png,"웹(리포지드 HD, 이름 일치)",,낮음
Assets/Data/UnitSkills/SkillData_회수_초월_양재모_AD_f54a123f.asset,회수,A0I3,!샴블즈,아이콘 있는 코드 없음 → 유닛 uid H096(로키포트 사건의 주모자)의 대표 능력,BTNRowTact.blp,맵안,A0I3_!샴블즈.png,원작 맵 안,,낮음
Assets/Data/UnitSkills/SkillData_회수_초월_최상호_AP_355f5d39.asset,회수,A0VD,!다중절단,"아이콘 있는 코드 없음 → 유닛 uid H09E(""어둠의 조커""드레스로자의 악)의 대표 능력",ReplaceableTextures\PassiveButtons\PASBTNMagicImmunity.blp,맵밖,std_btnmagicimmunity.png,"웹(PASBTN→BTN 같은 그림, 패시브 틀만 다름)",,낮음
