uid,원작이름,영웅실명,원작등급,우리로스터,배정채널,원작스킬,원작항목수,그물1_uabi실효,그물1_꼬리표·툴팁,그물1_공용·UI·시각,그물2_런타임부여,그물3_평타트리거,그물3_호출트리거,그물4_시전트리거,그물5_uid참조_피해트리거,우리_연결SkillData,우리_반영,우리_빈껍데기,빠짐,다른곳에있음,피해상수일치,원작엔없는데우리엔있음,확신도,비고
h04O,음표 병사 우타우타열매 - 영원한,,영원한,,,있음,1,"A17B(!!! AIsx {""Isx1"": 2.5})",A17A(음표-영구인비저블리티:껍데기(수치0·j미참조)), + UI/시각/스톡 3,,,,,Uta_WorldLive[피해1] | Uta_skill_2[피해1] | Uta_skill_1_double[피해3],,,,"A17B(!!! AIsx {""Isx1"": 2.5})",,,,낮음,"평타 등록 밖에서 이 uid를 언급하는 피해 트리거: Uta_WorldLive,Uta_skill_2,Uta_skill_1_double"
h057,알라바스타의 왕녀-ver파이러츠 네펠타리 비비 - 영원한,,영원한,영원_문필환,게이트/회수,있음,7,"A0OU(!웨스턴 액션 ACbh {""Hbh2"": 5.0}) | A0LZ(!알라바스타-비영 ACbh {""Hbh1"": 10.0, ""Hbh2"": 5.0})",A0M1(!3연사:꼬리표(j참조)) | A0QI(!난사:껍데기(수치0·j미참조)) | A0M2(!헤드샷:꼬리표(j참조)), + UI/시각/스톡 3,,ViVi_Attack,ViVi_Attack[피해호출0·더미1·평타등록] | vivi_Skill_3_Triple[피해호출4·더미3] | vivi_Skill_4_Mana[피해호출4·더미2] | vivi_Skill_Double[피해호출0·더미2] | vivi_skill_2[피해호출3·더미2],,,6(effects있음 6·빈 0),"A0OU(!웨스턴 액션 ACbh {""Hbh2"": 5.0}) | A0LZ(!알라바스타-비영 ACbh {""Hbh1"": 10.0, ""Hbh2"": 5.0}) | ViVi_Attack[피해호출0·더미1·평타등록] | vivi_Skill_3_Triple[피해호출4·더미3] | vivi_Skill_4_Mana[피해호출4·더미2] | vivi_Skill_Double[피해호출0·더미2] | vivi_skill_2[피해호출3·더미2]",,,,4/4,,보통,
h058,세계 최강의 대검호 쥬라클 미호크 - 영원한,,영원한,영원_최상호,1채널,있음,6,"A0HP(A매의눈 AOae {""Oae1"": -0.45}) | A0HV(!흑도-일섬 ACbh {""Hbh1"": 14.0, ""Hbh2"": 3.5}) | A0G3(!최강의 참격 ACbh {""Hbh1"": 100.0})",A0I4(!흑도 요루:수치미수정(스톡기본값?)) | A0CX(!흑도 밤 폭풍-패기를머금은 흑도:껍데기(수치0·j미참조)), + UI/시각/스톡 1,,Mihawk_Attack,MIhawk_Mana[피해호출1·더미3] | Mihawk_2[피해호출4·더미8] | Mihawk_4[피해호출1·더미4],,,13(effects있음 13·빈 0),"A0HP(A매의눈 AOae {""Oae1"": -0.45}) | A0HV(!흑도-일섬 ACbh {""Hbh1"": 14.0, ""Hbh2"": 3.5}) | A0G3(!최강의 참격 ACbh {""Hbh1"": 100.0}) | MIhawk_Mana[피해호출1·더미3] | Mihawk_2[피해호출4·더미8] | Mihawk_4[피해호출1·더미4]",,,,5/5,,보통,
h059,'화권의' 포트거스.D.에이스 - 영원한,,영원한,영원_윤현모,게이트/회수,있음,4,"A0FF(A대염계1 AOae {""Oae1"": -0.45})",A0IK(!불기둥:껍데기(수치0·j미참조)) | A0GG(!염제-에영:껍데기(수치0·j미참조)) | A068(!이글이글열매:껍데기(수치0·j미참조)) | A0MB(!이글이글열매 - 형화 화달마:껍데기(수치0·j미참조)), + UI/시각/스톡 2,,Ace_Attack,Ace_Attack[피해호출2·더미4·평타등록] | ace_skill_3[피해호출1·더미6] | ace_skill_5[피해호출1·더미4],,,5(effects있음 5·빈 0),"A0FF(A대염계1 AOae {""Oae1"": -0.45}) | Ace_Attack[피해호출2·더미4·평타등록] | ace_skill_3[피해호출1·더미6] | ace_skill_5[피해호출1·더미4]",,,,2/2,,보통,
h05A,천냥광대 버기 - 영원한,,영원한,영원_김정래,1채널,있음,8,"A0RE(버기 이동속도 감소 Aasl {""Slo1"": -0.25}) | A0M8(!해적파견조직총수 ACbh {""Hbh3"": 3333333.0, ""Hbh1"": 7.77, ""Hbh2"": 7.77}) | A0M7(B전설을 살아가는 사나이 AHad {""Had1"": -30.0}) | A03L($허세 AOae {""Oae2"": 0.65}) | A04E(#언변 ACac {""Cac1"": 15000.0, ""Ear3"": 1, ""Ear2"": 1, ""Ear4"": 1})",A0W2(!수전노1:꼬리표(j참조)), + UI/시각/스톡 1,,Bugi_Attack,Bugi_Attack[피해호출0·더미6·평타등록] | Bugi_SommonDamage2[피해호출1·더미0·소환체 h077 평타] | Hidden3buggi[피해호출1·더미2·소환체 h076 평타],,,15(effects있음 15·빈 0),"A0RE(버기 이동속도 감소 Aasl {""Slo1"": -0.25}) | A0M8(!해적파견조직총수 ACbh {""Hbh3"": 3333333.0, ""Hbh1"": 7.77, ""Hbh2"": 7.77}) | A0M7(B전설을 살아가는 사나이 AHad {""Had1"": -30.0}) | A03L($허세 AOae {""Oae2"": 0.65}) | A04E(#언변 ACac {""Cac1"": 15000.0, ""Ear3"": 1, ""Ear2"": 1, ""Ear4"": 1}) | Bugi_Attack[피해호출0·더미6·평타등록]",,Bugi_SommonDamage2[피해호출1·더미0·소환체 h077 평타] | Hidden3buggi[피해호출1·더미2·소환체 h076 평타],Bugi_SommonDamage2[피해호출1·더미0·소환체 h077 평타]→변화됨_김건,0/1,,낮음,이름으론 반영인데 원작 피해상수 1개 중 우리 값 일치 0
h05B,해적왕자-롬멜의 카마이타치 카벤딧슈 - 영원한,,영원한,영원_최상호,게이트/회수,있음,4,"A0EC(B미공자 AHad {""Had1"": -35.0}) | A0EA(!듀랜달 ACbh {""Hbh3"": 400000.0, ""Hbh1"": 20.0, ""Hbh2"": 10.0})",A0F3(!기면증:껍데기(수치0·j미참조)) | A0F2(!미검 백조의호수:껍데기(수치0·j미참조)) | A0F0(!미검 블루버드:껍데기(수치0·j미참조)), + UI/시각/스톡 1,,Cavendish_Attack,Cavendish_Attack[피해호출4·더미3·평타등록] | Cavendish_skill_Mana[피해호출5·더미5],,,13(effects있음 13·빈 0),"A0EC(B미공자 AHad {""Had1"": -35.0}) | A0EA(!듀랜달 ACbh {""Hbh3"": 400000.0, ""Hbh1"": 20.0, ""Hbh2"": 10.0}) | Cavendish_Attack[피해호출4·더미3·평타등록] | Cavendish_skill_Mana[피해호출5·더미5]",,,,7/7,,보통,
h05C,'아마존릴리의 여제'  보아 핸콕 - 영원한,,영원한,영원_조세민,06번①,있음,7,"A0J7(!쿠사의 패기 ACbh {""Hbh3"": 500000.0, ""Hbh2"": 8.0}) | A0IM(B석화-핸영 AHad {""Had1"": -45.0})",A0J8(!패왕색의패기 -핸콕:껍데기(수치0·j미참조)) | A0IN(!파퓸 페뮤르:꼬리표(j참조)) | A0RO(매료매료열매-영원 액티브:수치미수정(스톡기본값?)), + UI/시각/스톡 2,,Hancock_Attack,Hancock_Attack[피해호출0·더미1·평타등록] | arrow_h2[피해호출1·더미6] | hancock_skill_10[피해호출1·더미3] | hancock_skill_9[피해호출1·더미4] | hancock_skill_Mana[피해호출3·더미3],,,5(effects있음 5·빈 0),"A0J7(!쿠사의 패기 ACbh {""Hbh3"": 500000.0, ""Hbh2"": 8.0}) | A0IM(B석화-핸영 AHad {""Had1"": -45.0}) | Hancock_Attack[피해호출0·더미1·평타등록] | arrow_h2[피해호출1·더미6] | hancock_skill_9[피해호출1·더미4] | hancock_skill_Mana[피해호출3·더미3]",,hancock_skill_10[피해호출1·더미3],hancock_skill_10[피해호출1·더미3]→영원_김영원,3/6,,보통,
h067,세계의 가희 우타 - 영원한,,영원한,영원_김정래,게이트/회수,있음,11,"A17I(!토트 무지카 ACbh {""Hbh1"": 20.0}) | A16U($가희 AOae {""Oae2"": 0.15}) | A157(!신시대-라이브 ACbh {""Hbh1"": 20.0}) | A158(!우타월드 ACbh {""Hbh1"": 20.0}) | A159(!음표사출 ACbh {""Hbh1"": 20.0})",A16X(!노래노래열매-방무뎀:수치미수정(스톡기본값?)), + UI/시각/스톡 2,,Uta_Attack,Uta_ArmyS[피해호출3·더미2] | Uta_Attack[피해호출0·더미2·평타등록] | Uta_skill_1[피해호출2·더미1] | Uta_skill_1_double[피해호출3·더미3] | Uta_skill_2[피해호출1·더미6] | Uta_skill_3_mana[피해호출1·더미2],,Forever_uta[피해1],15(effects있음 15·빈 0),"A17I(!토트 무지카 ACbh {""Hbh1"": 20.0}) | A16U($가희 AOae {""Oae2"": 0.15}) | A157(!신시대-라이브 ACbh {""Hbh1"": 20.0}) | A158(!우타월드 ACbh {""Hbh1"": 20.0}) | A159(!음표사출 ACbh {""Hbh1"": 20.0}) | Uta_ArmyS[피해호출3·더미2] | Uta_Attack[피해호출0·더미2·평타등록] | Uta_skill_1[피해호출2·더미1] | Uta_skill_1_double[피해호출3·더미3] | Uta_skill_2[피해호출1·더미6] | Uta_skill_3_mana[피해호출1·더미2]",,,,5/6,,낮음,평타 등록 밖에서 이 uid를 언급하는 피해 트리거: Forever_uta
h06H,해적왕자-롬멜의 카마이타치 하쿠바 - 영원한,,영원한,,,있음,1,,, + UI/시각/스톡 2,,Cavendish_skill_6,Cavendish_skill_6[피해호출4·더미4·평타등록],,Cavendish_skill_Mana[피해5],,,,Cavendish_skill_6[피해호출4·더미4·평타등록],,,,낮음,평타 등록 밖에서 이 uid를 언급하는 피해 트리거: Cavendish_skill_Mana
h088,토트 무지카 봉인된 악보의 괴물 - 영원한,,영원한,영원_김정래,소환체(Uta_skill_3_mana 1/6 — 김정래 몫),있음,3,"A17B(!!! AIsx {""Isx1"": 2.5})",, + UI/시각/스톡 3,,Uta_Tots,Uta_Tots[피해호출1·더미1·평타등록] | tots_R[피해호출1·더미1],,Uta_skill_3_mana[피해1],15(effects있음 15·빈 0),tots_R[피해호출1·더미1],,"A17B(!!! AIsx {""Isx1"": 2.5}) | Uta_Tots[피해호출1·더미1·평타등록]",Uta_Tots[피해호출1·더미1·평타등록]→영원_서민성,2/2,,낮음,평타 등록 밖에서 이 uid를 언급하는 피해 트리거: Uta_skill_3_mana
h08R,참된 호걸 코즈키 오뎅 - 영원한,,영원한,영원_서민성,게이트/회수,있음,7,"A0YF(!오뎅 이도류 ACbh {""Hbh1"": 20.0}) | A0Y2(#와노쿠니의 혼1 ACac {""Cac1"": 0.5}) | A0Y0(!패기-류오(오뎅) ACbh {""Hbh1"": 35.0}) | A0YC(/오뎅 이도류 AIfb {""Idam"": 115000.0, ""Iob5"": 1})",A0XY(!도원 백룡:껍데기(수치0·j미참조)) | A0XZ(!도원 토츠카:껍데기(수치0·j미참조)), + UI/시각/스톡 1,,Odeng_Attack,Odeng_Attack[피해호출2·더미2·평타등록] | Odeng_Skill[피해호출1·더미2] | Odeng_Skill_mana[피해호출1·더미2],,,7(effects있음 7·빈 0),"A0YF(!오뎅 이도류 ACbh {""Hbh1"": 20.0}) | A0Y2(#와노쿠니의 혼1 ACac {""Cac1"": 0.5}) | A0Y0(!패기-류오(오뎅) ACbh {""Hbh1"": 35.0}) | A0YC(/오뎅 이도류 AIfb {""Idam"": 115000.0, ""Iob5"": 1}) | Odeng_Attack[피해호출2·더미2·평타등록] | Odeng_Skill[피해호출1·더미2] | Odeng_Skill_mana[피해호출1·더미2]",,,,3/3,,보통,
h049,실버즈 레일리 명왕 - 불멸의,,불멸의,불멸_정윤식,06번①,있음,9,"A0ES(B명왕의 패기 AHad {""Had1"": -25.0}) | A03I($패기수련 AOae {""Oae2"": 0.45}) | A0EM(!명왕의 검술 ACbh {""Hbh3"": 92500.0}) | A0EO(!순속 ACbh {""Hbh1"": 12.0})",A03K(#2인자 명왕:껍데기(수치0·j미참조)), + UI/시각/스톡 3,,LaillySkill,Kick_1[피해호출3·더미9] | LaillySkill[피해호출0·더미2·평타등록] | LaillySkill1[피해호출1·더미0] | LaillySkill2[피해호출0·더미1·소환체 h05J 평타] | LaillySkill3[피해호출2·더미5],,,10(effects있음 10·빈 0),"A0ES(B명왕의 패기 AHad {""Had1"": -25.0}) | A03I($패기수련 AOae {""Oae2"": 0.45}) | A0EM(!명왕의 검술 ACbh {""Hbh3"": 92500.0}) | A0EO(!순속 ACbh {""Hbh1"": 12.0}) | Kick_1[피해호출3·더미9] | LaillySkill[피해호출0·더미2·평타등록] | LaillySkill1[피해호출1·더미0] | LaillySkill2[피해호출0·더미1·소환체 h05J 평타] | LaillySkill3[피해호출2·더미5]",,,,4/4,,보통,
h04A,에드워드 뉴게이트 한시대를 주름잡던 대해적 - 불멸의,,불멸의,불멸_고도현,게이트/회수,있음,5,"A0FP(B대해적의 위압감 AHad {""Had1"": -45.0})",A0FM(!대지진-흰불:껍데기(수치0·j미참조)) | A0CZ(!지진강타-흰불:껍데기(수치0·j미참조)) | A0CY(!흔들흔들 열매:껍데기(수치0·j미참조)), + UI/시각/스톡 2,,Ed_Attack,Ed_Skill_1[피해호출2·더미5] | Ed_Skill_1_Item[피해호출2·더미6] | Ed_Skill_2sc[피해호출1·더미2] | Ed_Skill_Mana[피해호출1·더미2],,,12(effects있음 11·빈 1),"A0FP(B대해적의 위압감 AHad {""Had1"": -45.0}) | Ed_Skill_1[피해호출2·더미5] | Ed_Skill_1_Item[피해호출2·더미6] | Ed_Skill_2sc[피해호출1·더미2] | Ed_Skill_Mana[피해호출1·더미2]",,,,3/3,,보통,
h04B,금사자 시키 천신 - 불멸의,,불멸의,불멸_고도현,게이트/회수,있음,8,"A0T1(!바닷물 가두기 ACbh {""Hbh1"": 20.0}) | A0LS(!천신 ACbh {""Hbh3"": 700000.0, ""Hbh1"": 18.0})",A0LU(!사자 떨어트리기:껍데기(수치0·j미참조)) | A0LR(!참파:껍데기(수치0·j미참조)) | A0LT(!둥실둥실열매:껍데기(수치0·j미참조)), + UI/시각/스톡 3,,Shiki_Attack,Shiki_Attack[피해호출0·더미5·평타등록] | Shiki_Lion[피해호출1·더미4] | Shiki_SKill_item[피해호출1·더미4] | Shiki_champa2[피해호출2·더미5] | Shiki_ship2[피해호출1·더미0·소환체 h07R 평타] | Shiki_stone[피해호출2·더미2·소환체 h0BI 평타],,,12(effects있음 11·빈 1),Shiki_Attack[피해호출0·더미5·평타등록] | Shiki_Lion[피해호출1·더미4] | Shiki_SKill_item[피해호출1·더미4] | Shiki_champa2[피해호출2·더미5],"A0T1(!바닷물 가두기 ACbh {""Hbh1"": 20.0})→SkillData_원작능력_불멸_고도현 | A0LS(!천신 ACbh {""Hbh3"": 700000.0, ""Hbh1"": 18.0})→SkillData_원작능력_불멸_고도현",Shiki_ship2[피해호출1·더미0·소환체 h07R 평타] | Shiki_stone[피해호출2·더미2·소환체 h0BI 평타],Shiki_ship2[피해호출1·더미0·소환체 h07R 평타]→미연결 에셋 SkillData_원작025_h04B,4/4,,보통,
h04C,몽키.D.거프 해군영웅 주먹의 거프 - 불멸의,,불멸의,불멸_이승우,06번①,있음,6,"A0VE(B영웅 AHad {""Had1"": 15.0}) | A044(!패기의 주먹 ACbh {""Hbh3"": 250000.0, ""Hbh1"": 20.0, ""Hbh2"": 5.0}) | A0FU(!주먹의거프-거불 ACbh {""Hbh3"": 200000.0})",A0GY(!특제대포환:꼬리표(j참조)) | A04V(!육식-체-거프:껍데기(수치0·j미참조)), + UI/시각/스톡 3,,Garp_Attack,Garp_Attack[피해호출0·더미3·평타등록] | Garp_AttackDamage[피해호출7·더미5] | Garp_Mana2[피해호출3·더미4],,,8(effects있음 8·빈 0),"A0VE(B영웅 AHad {""Had1"": 15.0}) | A044(!패기의 주먹 ACbh {""Hbh3"": 250000.0, ""Hbh1"": 20.0, ""Hbh2"": 5.0}) | A0FU(!주먹의거프-거불 ACbh {""Hbh3"": 200000.0}) | Garp_Attack[피해호출0·더미3·평타등록] | Garp_AttackDamage[피해호출7·더미5] | Garp_Mana2[피해호출3·더미4]",,,,4/5,,보통,
h04D,몽키.D.드래곤 혁명군의 수장 - 불멸의,,불멸의,불멸_정준영,06번①,있음,6,"A04L($드래곤-혁명가 AOae {""Oae2"": 0.2})",A0FT(!폭풍-드불:껍데기(수치0·j미참조)) | A0FS(!용오름-드불:꼬리표(j참조)) | A06G(!바람바람열매:껍데기(수치0·j미참조)), + UI/시각/스톡 3,,Dragon_Attack,Dragon_Attack[피해호출0·더미2·평타등록] | Dragon_Skill_1[피해호출2·더미3] | Dragon_Skill_1_T[피해호출3·더미4] | Dragon_Skill_2dummy[피해호출2·더미1·소환체 h08H 평타] | Dragon_Skill_Mana[피해호출1·더미4],,,20(effects있음 20·빈 0),"A04L($드래곤-혁명가 AOae {""Oae2"": 0.2}) | Dragon_Attack[피해호출0·더미2·평타등록] | Dragon_Skill_1[피해호출2·더미3] | Dragon_Skill_1_T[피해호출3·더미4] | Dragon_Skill_Mana[피해호출1·더미4]",,Dragon_Skill_2dummy[피해호출2·더미1·소환체 h08H 평타],,3/5,SkillData_더미채널_불멸_정준영_1(출처 uid 표기 없음),보통,
h04E,"센고쿠 해군원수 ""부처님"" - 불멸의",,불멸의,불멸_이이삭,06번①,있음,5,"A062(#해군원수 ACac {""Cac1"": 0.11}) | A142(#해군원수-자신만적용 ACac {""Cac1"": 0.22})",A16P(!포격지원:껍데기(수치0·j미참조)) | A0G9(!충격파:껍데기(수치0·j미참조)) | A0TZ(!사람사람열매:수치미수정(스톡기본값?)) | A0D8(!부처의 일격 센불:꼬리표(j참조)), + UI/시각/스톡 2,,Sengoku_Attack,Sengoku_Attack[피해호출2·더미6·평타등록] | Sengoku_Skill_Item[피해호출1·더미2] | Seongoku_Skill_4[피해호출2·더미4],,,7(effects있음 7·빈 0),"A062(#해군원수 ACac {""Cac1"": 0.11}) | A142(#해군원수-자신만적용 ACac {""Cac1"": 0.22}) | Sengoku_Attack[피해호출2·더미6·평타등록] | Sengoku_Skill_Item[피해호출1·더미2] | Seongoku_Skill_4[피해호출2·더미4]",,,,3/4,,보통,
h04F,스코퍼 가반 로져 해적단의 검호 - 불멸의,,불멸의,불멸_신지우,게이트/회수,있음,9,"A120(가반 방깎-광폭화/보스 AIcb {""Iarp"": 70, ""Iob5"": 1}) | A0DP(!무장색의 패기-가반 ACbh {""Hbh3"": 350000.0, ""Hbh1"": 45.0}) | A0H5(!마음의 눈 ACbh {""Hbh1"": 55.0, ""Hbh2"": 6.25}) | A0ET(!급소베기-가반 ACbh {""Hbh1"": 13.0, ""Hbh2"": 6.25}) | A0EJ(가반 방깎 AIcb {""Iarp"": 60, ""Iob5"": 1}) | A04F(#천왕의 검술1 ACac {""Cac1"": 0.25})",, + UI/시각/스톡 1,,Gaban_Attack,Gaban_Attack[피해호출0·더미1·평타등록] | Gaban_Skill_1[피해호출2·더미7] | Gaban_Skill_mana[피해호출3·더미2],,,16(effects있음 16·빈 0),"A120(가반 방깎-광폭화/보스 AIcb {""Iarp"": 70, ""Iob5"": 1}) | A0DP(!무장색의 패기-가반 ACbh {""Hbh3"": 350000.0, ""Hbh1"": 45.0}) | A0H5(!마음의 눈 ACbh {""Hbh1"": 55.0, ""Hbh2"": 6.25}) | A0ET(!급소베기-가반 ACbh {""Hbh1"": 13.0, ""Hbh2"": 6.25}) | A0EJ(가반 방깎 AIcb {""Iarp"": 60, ""Iob5"": 1}) | A04F(#천왕의 검술1 ACac {""Cac1"": 0.25}) | Gaban_Attack[피해호출0·더미1·평타등록] | Gaban_Skill_1[피해호출2·더미7] | Gaban_Skill_mana[피해호출3·더미2]",,,,1/1,SkillData_카이도_불멸_신지우_life100(출처 h0AD),보통,
h04G,"제트 해군 스승 ""Z"" - 불멸의",,불멸의,불멸_박은석,06번①,있음,6,"A05P(!대구경 탄환2 ACbh {""Hbh3"": 50000.0, ""Hbh1"": 100.0}) | A0DY(A신념 AOae {""Oae1"": -0.35})",A0OT(!다이나 스톤-제불:껍데기(수치0·j미참조)) | A09E(!차지 버스터:꼬리표(j참조)), + UI/시각/스톡 3,,Z_Attack,Z_Attack[피해호출1·더미1·평타등록] | Z_Skill_1[피해호출2·더미2] | Z_Skill_Mana[피해호출1·더미4] | Z_skill_3[피해호출1·더미7],,,9(effects있음 9·빈 0),"A05P(!대구경 탄환2 ACbh {""Hbh3"": 50000.0, ""Hbh1"": 100.0}) | A0DY(A신념 AOae {""Oae1"": -0.35}) | Z_Attack[피해호출1·더미1·평타등록] | Z_Skill_Mana[피해호출1·더미4] | Z_skill_3[피해호출1·더미7]",,Z_Skill_1[피해호출2·더미2],,3/3,,보통,
h04J,골.D.로져 해적왕 - 불멸의,,불멸의,불멸_김용태,게이트/회수,있음,8,"A0KB(!해적왕의 패기 ANpi {""Eim1"": 30000.0}) | A0FO(#만물을 듣는 힘-로져1 ACac {""Cac1"": 0.6}) | A0FI(!카무사리 ACbh {""Hbh3"": 500000.0, ""Hbh1"": 12.5}) | A0FD(B해적왕의 위엄 AHad {""Had1"": -60.0}) | A0AR(로저 이동속도 감소1 Aasl {""Slo1"": -0.5})",A0FN(!고대병기:껍데기(수치0·j미참조)), + UI/시각/스톡 2,,roger_Attack,roger_Attack[피해호출2·더미3·평타등록] | roger_Mana[피해호출1·더미3] | roger_Skill_2[피해호출1·더미4],,,9(effects있음 8·빈 1),"A0FO(#만물을 듣는 힘-로져1 ACac {""Cac1"": 0.6}) | A0FI(!카무사리 ACbh {""Hbh3"": 500000.0, ""Hbh1"": 12.5}) | A0FD(B해적왕의 위엄 AHad {""Had1"": -60.0}) | A0AR(로저 이동속도 감소1 Aasl {""Slo1"": -0.5}) | roger_Attack[피해호출2·더미3·평타등록] | roger_Mana[피해호출1·더미3] | roger_Skill_2[피해호출1·더미4]",,"A0KB(!해적왕의 패기 ANpi {""Eim1"": 30000.0})",,4/4,,보통,
h04Q,빅 맘 강철 풍선 - 불멸의,,불멸의,불멸_정준영,1채널,있음,5,"A0IT(!강철 풍선 ACbh {""Hbh1"": 20.0}) | A0DT(A흉포한 광기 AOae {""Oae1"": -0.7})",A0IU(!대자재천신:껍데기(수치0·j미참조)) | A060(!프로메테우스:껍데기(수치0·j미참조)) | A14R(!영혼 포식:껍데기(수치0·j미참조)), + UI/시각/스톡 2,,Bigmam_Attack,Bigmam_Attack[피해호출3·더미10·평타등록] | Bigmam_Eat[피해호출2·더미6] | Bigmam_hp[피해호출1·더미5],,,20(effects있음 20·빈 0),"A0IT(!강철 풍선 ACbh {""Hbh1"": 20.0}) | A0DT(A흉포한 광기 AOae {""Oae1"": -0.7}) | Bigmam_Attack[피해호출3·더미10·평타등록] | Bigmam_Eat[피해호출2·더미6] | Bigmam_hp[피해호출1·더미5]",,,,2/4,SkillData_더미채널_불멸_정준영_1(출처 uid 표기 없음),보통,
h04Y,광분한 빅 맘 강철 풍선 - 불멸의,,불멸의,불멸_정준영,1채널,있음,3,"A0QE(상초강 공속 AIsx {""Isx1"": 0.5}) | A0DT(A흉포한 광기 AOae {""Oae1"": -0.7}) | A0IT(!강철 풍선 ACbh {""Hbh1"": 20.0})",A060(!프로메테우스:껍데기(수치0·j미참조)) | A0DU(6변신:껍데기(수치0·j미참조)), + UI/시각/스톡 2,,,,,,20(effects있음 20·빈 0),"A0DT(A흉포한 광기 AOae {""Oae1"": -0.7}) | A0IT(!강철 풍선 ACbh {""Hbh1"": 20.0})",,"A0QE(상초강 공속 AIsx {""Isx1"": 0.5})","A0QE(상초강 공속 AIsx {""Isx1"": 0.5})→초월_배성령_AD/초월_황준석_ADAP",,SkillData_더미채널_불멸_정준영_1(출처 uid 표기 없음),보통,
h07M,카이도 사황'백수의 왕' - 불멸의,,불멸의,불멸_신지우,1채널,있음,6,"A14F(#꺼지지 않는 공포 ACac {""Cac1"": -0.75}) | A0SN(!백수의 왕 ACbh {""Hbh1"": 100.0})",A14G(카이도 이동속도 감소 오라:수치미수정(스톡기본값?)) | A0ZI(6변신1:껍데기(수치0·j미참조)) | A0SM(!용용열매-열식:껍데기(수치0·j미참조)) | A0SD(!뇌명 팔괘1:껍데기(수치0·j미참조)) | A0SC(!불멸의 육체:껍데기(수치0·j미참조)), + UI/시각/스톡 1,,Kaido_Attack,Kaido_Attack[피해호출5·더미10·평타등록] | Kaido_Dragon_buster[피해호출2·더미7] | Kaido_Mana[피해호출1·더미4] | Kaido_Skill_1_8[피해호출2·더미9],,,16(effects있음 16·빈 0),"A14F(#꺼지지 않는 공포 ACac {""Cac1"": -0.75}) | A0SN(!백수의 왕 ACbh {""Hbh1"": 100.0}) | Kaido_Attack[피해호출5·더미10·평타등록] | Kaido_Dragon_buster[피해호출2·더미7] | Kaido_Mana[피해호출1·더미4] | Kaido_Skill_1_8[피해호출2·더미9]",,,,1/3,SkillData_카이도_불멸_신지우_life100(출처 h0AD),보통,
h0AD,카이도 사황'백수의 왕' - 불멸의,,불멸의,불멸_정준영,1채널,있음,9,"A14F(#꺼지지 않는 공포 ACac {""Cac1"": -0.75}) | A0ZV(!브레스-카이도 ACbh {""Hbh3"": 1.0, ""Hbh1"": 30.0, ""Hbh2"": 1.0}) | A0SN(!백수의 왕 ACbh {""Hbh1"": 100.0})",A0ZI(6변신1:껍데기(수치0·j미참조)) | A0Z9(!괴풍:껍데기(수치0·j미참조)) | A0SM(!용용열매-열식:껍데기(수치0·j미참조)) | A14G(카이도 이동속도 감소 오라:수치미수정(스톡기본값?)), + UI/시각/스톡 1,,Kaido_Dragon_Attack,Kaido_Dragon_Attack[피해호출0·더미1·평타등록] | Kaido_Dragon_Skill_2[피해호출2·더미3] | Kaido_Dragon_buster[피해호출2·더미7] | Kaido_Dragon_melee_1[피해호출2·더미4] | Kaido_Mana[피해호출1·더미4] | Kaido_Skill_1_8[피해호출2·더미9],,,20(effects있음 20·빈 0),"A14F(#꺼지지 않는 공포 ACac {""Cac1"": -0.75}) | A0ZV(!브레스-카이도 ACbh {""Hbh3"": 1.0, ""Hbh1"": 30.0, ""Hbh2"": 1.0}) | A0SN(!백수의 왕 ACbh {""Hbh1"": 100.0})",,Kaido_Dragon_Attack[피해호출0·더미1·평타등록] | Kaido_Dragon_Skill_2[피해호출2·더미3] | Kaido_Dragon_buster[피해호출2·더미7] | Kaido_Dragon_melee_1[피해호출2·더미4] | Kaido_Mana[피해호출1·더미4] | Kaido_Skill_1_8[피해호출2·더미9],Kaido_Dragon_Skill_2[피해호출2·더미3]→불멸_신지우 | Kaido_Dragon_buster[피해호출2·더미7]→불멸_신지우 | Kaido_Dragon_melee_1[피해호출2·더미4]→불멸_신지우 | Kaido_Mana[피해호출1·더미4]→불멸_신지우 | Kaido_Skill_1_8[피해호출2·더미9]→불멸_신지우,1/1,SkillData_더미채널_불멸_정준영_1(출처 uid 표기 없음),보통,
h0AE,마운틴.D.히그마 리얼리스트 - 불멸의,,불멸의,불멸_정준영,1채널,있음,4,"A0Z8(!권총 던지기 ACbh {""Hbh1"": 20.0}) | A0Z7(A산적왕 AOae {""Oae1"": -0.3}) | A0YZ(!총알세례 ACbh {""Hbh1"": 20.0}) | A0YY(!산적왕의 검기 ACbh {""Hbh3"": 20000.0, ""Hbh1"": 50.0})",A0Z1(!강탈1:껍데기(수치0·j미참조)), + UI/시각/스톡 1,,,,,,20(effects있음 20·빈 0),"A0Z8(!권총 던지기 ACbh {""Hbh1"": 20.0}) | A0YZ(!총알세례 ACbh {""Hbh1"": 20.0}) | A0YY(!산적왕의 검기 ACbh {""Hbh3"": 20000.0, ""Hbh1"": 50.0})",,"A0Z7(A산적왕 AOae {""Oae1"": -0.3})","A0Z7(A산적왕 AOae {""Oae1"": -0.3})→랜덤_미도리야_이즈쿠",,SkillData_더미채널_불멸_정준영_1(출처 uid 표기 없음),보통,
h0BU,??? 정체불명의 병기 - 불멸의,,불멸의,,,있음,3,"A16I(!절멸 Aroc {""Efk3"": 5, ""Efk2"": 1000000000.0}) | A16G(!정체불명의 병기1 Aroc {""Efk3"": 5, ""Efk2"": 1000000000.0}) | A16H(병기 이동속도 감소 Aasl {""Slo1"": -0.5})",, + UI/시각/스톡 1,,,,,,,,,"A16I(!절멸 Aroc {""Efk3"": 5, ""Efk2"": 1000000000.0}) | A16G(!정체불명의 병기1 Aroc {""Efk3"": 5, ""Efk2"": 1000000000.0}) | A16H(병기 이동속도 감소 Aasl {""Slo1"": -0.5})",,,,보통,
H05N,해군의 홍일점,대령 타시기 - 초월함,초월함,초월_김민준_AP,게이트/회수,있음,5,"A0JI(B루키 메이킹 AHad {""Had1"": -25.0}) | A0JJ(예검 시구레 ACbh {""Hbh3"": 500000.0, ""Hbh1"": 25.0})",A0JH(!박무:껍데기(수치0·j미참조)) | A0JG(!난향접:껍데기(수치0·j미참조)) | A0B7(타시기 체:꼬리표(j참조)),A0WP(실효) + UI/시각/스톡 4,,Tashigi_Attack,Tasigi_02[피해호출2·더미4] | Tasigi_03[피해호출8·더미6] | tahsigi[피해호출5·더미4],,,3(effects있음 3·빈 0),Tasigi_02[피해호출2·더미4] | Tasigi_03[피해호출8·더미6] | tahsigi[피해호출5·더미4],,"A0JI(B루키 메이킹 AHad {""Had1"": -25.0}) | A0JJ(예검 시구레 ACbh {""Hbh3"": 500000.0, ""Hbh1"": 25.0})",,9/11,,보통,
H08U,'포세이돈' 인어공주,시라호시 - 초월함,초월함,초월_유재헌_ADAP,06번①,있음,4,"A0HN(!인어공주 ACbh {""Hbh3"": 250000.0, ""Hbh1"": 17.0, ""Hbh2"": 3.0})",A0HH(!해왕류 다이브-패시브:껍데기(수치0·j미참조)) | A0HI(!해왕류 대습격-시라호시패시브:껍데기(수치0·j미참조)) | A0EQ(!해류조정-시라호시:꼬리표(j참조)),A0WP(실효) + UI/시각/스톡 4,,Sirahoshi_Attack,Sirahoshi_Attack[피해호출0·더미3·평타등록] | Sirahoshi_skill_3[피해호출0·더미2] | Sirahoshi_skill_Mana[피해호출1·더미5],,,3(effects있음 3·빈 0),"A0HN(!인어공주 ACbh {""Hbh3"": 250000.0, ""Hbh1"": 17.0, ""Hbh2"": 3.0}) | Sirahoshi_Attack[피해호출0·더미3·평타등록] | Sirahoshi_skill_Mana[피해호출1·더미5]",,Sirahoshi_skill_3[피해호출0·더미2],,1/1,,보통,
H08V,웨더리아의 항해사,나미 - 초월함,초월함,초월_강주혁_AP,게이트/회수,있음,5,"A0GZ($천재항해사-나초 AOae {""Oae2"": 0.12})",A0W0(!금전감각:껍데기(수치0·j미참조)) | A0GS(!미라쥬템포:껍데기(수치0·j미참조)) | A0GW(!날씨조작술-나초:껍데기(수치0·j미참조)) | A06Z(!크리마 텍트:껍데기(수치0·j미참조)),A0WP(실효) + UI/시각/스톡 4,,Nami_Attack,Nami_Attack[피해호출0·더미1·평타등록] | Nami_Skill_1[피해호출2·더미3] | Nami_Skill_2[피해호출6·더미5] | Nami_Skill_4[피해호출1·더미3],,,10(effects있음 10·빈 0),"A0GZ($천재항해사-나초 AOae {""Oae2"": 0.12}) | Nami_Attack[피해호출0·더미1·평타등록] | Nami_Skill_1[피해호출2·더미3] | Nami_Skill_2[피해호출6·더미5] | Nami_Skill_4[피해호출1·더미3]",,,,3/5,,보통,
H08W,CP.Zero,로브 루치 - 초월함,초월함,초월_임장혁_AD,06번①,있음,6,"A0R5(!육식 ACbh {""Hbh3"": 500000.0, ""Hbh1"": 25.0}) | A0R4(!CP.0 ACbh {""Hbh1"": 20.0})",A0R2(!람각 개조:꼬리표(j참조)) | A0R3(!육왕건:껍데기(수치0·j미참조)),A0WP(실효) + UI/시각/스톡 5,,Luchi_Attack,Luchi_Skill_1_Kick[피해호출0·더미3] | Luchi_Skill_1_Kick2[피해호출3·더미1] | Luchi_Skill_2_ZiGun[피해호출3·더미3] | Luchi_Skill_3_6kinggun[피해호출3·더미3],,,5(effects있음 4·빈 1),"A0R5(!육식 ACbh {""Hbh3"": 500000.0, ""Hbh1"": 25.0}) | Luchi_Skill_1_Kick[피해호출0·더미3] | Luchi_Skill_1_Kick2[피해호출3·더미1] | Luchi_Skill_2_ZiGun[피해호출3·더미3] | Luchi_Skill_3_6kinggun[피해호출3·더미3]",,"A0R4(!CP.0 ACbh {""Hbh1"": 20.0})",,4/4,,보통,
H08X,해군 대장 '성난 보라호랑이',후지토라 - 초월함,초월함,초월_이태훈_AP,06번①,있음,5,"A0FW(A중력중력열매 AOae {""Oae1"": -0.55})",A0GR(!중력장:꼬리표(j참조)) | A0GV(!씽크홀:껍데기(수치0·j미참조)) | A0FY(!중력검:껍데기(수치0·j미참조)) | A0E7(!중압:껍데기(수치0·j미참조)),A0WP(실효) + UI/시각/스톡 4,,Huji_Attack,Huji01[피해호출3·더미6] | Huji_02[피해호출0·더미2] | Huji_03[피해호출1·더미7] | Huji_meteor[피해호출1·더미2],,Huji02DM[피해1],6(effects있음 6·빈 0),"A0FW(A중력중력열매 AOae {""Oae1"": -0.55}) | Huji01[피해호출3·더미6] | Huji_02[피해호출0·더미2] | Huji_03[피해호출1·더미7] | Huji_meteor[피해호출1·더미2]",,,,4/4,,낮음,평타 등록 밖에서 이 uid를 언급하는 피해 트리거: Huji02DM
H08Y,무적의 아이언 파이러츠,프랑키- 초월함,초월함,초월_박기찬_AD,06번①,있음,5,"A0AD(!베가펑크의 지식 AIba {""Hab1"": 5.0})",A0G7(!조선공:꼬리표(j참조)) | A0G6(!프랑키 라디칼 빔:껍데기(수치0·j미참조)) | A0AC(!솔져도크 시스템:껍데기(수치0·j미참조)) | A069(!꾸드방-프랑초:꼬리표(j참조)),A0WP(실효) + UI/시각/스톡 4,,Franky_Attack,Franky_Skill_1[피해호출4·더미2] | Franky_Skill_Mana1[피해호출1·더미2] | Franky_misiile_re[피해호출1·더미2],Franky_Sunny_Make←시전 A0G7[피해호출0·더미1],,3(effects있음 3·빈 0),Franky_Skill_1[피해호출4·더미2] | Franky_Skill_Mana1[피해호출1·더미2] | Franky_misiile_re[피해호출1·더미2],,"A0AD(!베가펑크의 지식 AIba {""Hab1"": 5.0}) | Franky_Sunny_Make←시전 A0G7[피해호출0·더미1]",,6/6,,보통,
H08Z,마린포드 정상해전 종결자,샹크스 - 초월함,초월함,,,있음,4,"A0I2(!패왕색의패기- 샹크스초월 ANpi {""Eim1"": 52500.0}) | A0I1($카리스마1 AOae {""Oae2"": 0.2}) | A03W(!패기의 검술 ACbh {""Hbh3"": 500000.0, ""Hbh1"": 12.0, ""Hbh2"": 10.0})",A0I0(!하늘을 찢는 패기:껍데기(수치0·j미참조)),A0WP(실효) + UI/시각/스톡 4,,Shanks_Attack,Shanks_Attack[피해호출0·더미7·평타등록],,,,,,"A0I2(!패왕색의패기- 샹크스초월 ANpi {""Eim1"": 52500.0}) | A0I1($카리스마1 AOae {""Oae2"": 0.2}) | A03W(!패기의 검술 ACbh {""Hbh3"": 500000.0, ""Hbh1"": 12.0, ""Hbh2"": 10.0}) | Shanks_Attack[피해호출0·더미7·평타등록]","A0I1($카리스마1 AOae {""Oae2"": 0.2})→초월_황준석_ADAP | A03W(!패기의 검술 ACbh {""Hbh3"": 500000.0, ""Hbh1"": 12.0, ""Hbh2"": 10.0})→초월_황준석_ADAP | Shanks_Attack[피해호출0·더미7·평타등록]→미연결 에셋 SkillData_원작019_H08Z",,,보통,
H090,지진과 어둠의 검은수염,마샬.D.티치 - 초월함,초월함,초월_임채민_AP,06번①,있음,5,,A0HS(!크로우즈:껍데기(수치0·j미참조)) | A0HU(!어둠어둠열매-리버레이션:껍데기(수치0·j미참조)) | A0GX(!흑구-검수초:껍데기(수치0·j미참조)) | A0D0(!흔들흔들 열매:꼬리표(j참조)),A0WP(실효) | A0WP(실효) + UI/시각/스톡 5,A11Q(크로우즈-피해량증가:꼬리표(j참조)),Tichi_Attack,Tichi_skill_1[피해호출3·더미5] | Tichi_skill_2_tr[피해호출2·더미4] | Tichi_skill_3[피해호출1·더미4] | Tichi_skill_4[피해호출0·더미3] | Tichi_skill_4_tr[피해호출1·더미4],,,6(effects있음 5·빈 1),Tichi_skill_1[피해호출3·더미5] | Tichi_skill_2_tr[피해호출2·더미4] | Tichi_skill_3[피해호출1·더미4] | Tichi_skill_4[피해호출0·더미3] | Tichi_skill_4_tr[피해호출1·더미4],,,,9/9,,보통,
H091,밀짚모자 해적단 의사,쵸파 - 초월함,초월함,,,있음,4,"A0HL(B애교-쵸초 AHad {""Had1"": -50.0}) | A0H8($스피드포인트-초월 AOae {""Oae2"": 0.28}) | A04G(#선의-쵸초 ACac {""Cac1"": 0.5}) | A0G8(#의료품-쵸초 ACac {""Cac1"": 0.3})",A11G(6변신:껍데기(수치0·j미참조)),A0WP(실효) + UI/시각/스톡 4,,Chopa_Attack,,,,,,,"A0HL(B애교-쵸초 AHad {""Had1"": -50.0}) | A0H8($스피드포인트-초월 AOae {""Oae2"": 0.28}) | A04G(#선의-쵸초 ACac {""Cac1"": 0.5}) | A0G8(#의료품-쵸초 ACac {""Cac1"": 0.3})",,,,보통,
H092,혁명군 참모총장,사보 - 초월함,초월함,초월_두유찬_AD,게이트/회수,있음,7,"A0HA(!용의 숨결 ACbh {""Hbh2"": 4.0}) | A0H2(B용조권 AHad {""Had1"": -30.0}) | A0E6(A투기 AOae {""Oae1"": -0.2})",A0HF(!이글이글열매:껍데기(수치0·j미참조)) | A0HE(!화염용왕:껍데기(수치0·j미참조)),A0WP(실효) + UI/시각/스톡 3,,Sabo_Attack,Sabo_Mana[피해호출2·더미4] | Sabo_Skill_1[피해호출3·더미5] | Sabo_Skill_3[피해호출1·더미2] | Sabo_Skill_4[피해호출4·더미2],,,7(effects있음 7·빈 0),"A0HA(!용의 숨결 ACbh {""Hbh2"": 4.0}) | A0H2(B용조권 AHad {""Had1"": -30.0}) | A0E6(A투기 AOae {""Oae1"": -0.2}) | Sabo_Mana[피해호출2·더미4] | Sabo_Skill_1[피해호출3·더미5] | Sabo_Skill_3[피해호출1·더미2] | Sabo_Skill_4[피해호출4·더미2]",,,,5/7,,보통,
H093,슈퍼 탱크,토니토니 쵸파 - 초월함,초월함,,,있음,5,"A0HL(B애교-쵸초 AHad {""Had1"": -50.0}) | A0H8($스피드포인트-초월 AOae {""Oae2"": 0.28}) | A04G(#선의-쵸초 ACac {""Cac1"": 0.5}) | A0G8(#의료품-쵸초 ACac {""Cac1"": 0.3})",A0HM(!쵸파 탱크:껍데기(수치0·j미참조)), + UI/시각/스톡 2,,Chopatank,Chopatank[피해호출2·더미1·평타등록],,,,,,"A0HL(B애교-쵸초 AHad {""Had1"": -50.0}) | A0H8($스피드포인트-초월 AOae {""Oae2"": 0.28}) | A04G(#선의-쵸초 ACac {""Cac1"": 0.5}) | A0G8(#의료품-쵸초 ACac {""Cac1"": 0.3}) | Chopatank[피해호출2·더미1·평타등록]",,,,보통,
H094,운명을 점치는 마술사,바질 호킨스 - 초월함,초월함,,,있음,9,"A0V2(!해루석못 ACbh {""Hbh1"": 20.0}) | A0SL(!마술카드-조커 ACbh {""Hbh1"": 25.0}) | A0SK(!저주-스트로맨 ACbh {""Hbh1"": 20.0}) | A0SJ(B부두부두 열매 AHad {""Had1"": -25.0})",A0X2(점치기:꼬리표(j참조)) | A0QP(!카드-운명:껍데기(수치0·j미참조)),A0WP(실효) + UI/시각/스톡 4,,Hokins_Attack,Hokins[피해호출1·더미3] | Hokins_Skill_3[피해호출1·더미2] | Hokins_Skill_4[피해호출1·더미2] | Hokins_mana[피해호출1·더미3],hokins_fortune←시전 A0X2[피해호출0·더미5],,,,,"A0V2(!해루석못 ACbh {""Hbh1"": 20.0}) | A0SL(!마술카드-조커 ACbh {""Hbh1"": 25.0}) | A0SK(!저주-스트로맨 ACbh {""Hbh1"": 20.0}) | A0SJ(B부두부두 열매 AHad {""Had1"": -25.0}) | Hokins[피해호출1·더미3] | Hokins_Skill_3[피해호출1·더미2] | Hokins_Skill_4[피해호출1·더미2] | Hokins_mana[피해호출1·더미3] | hokins_fortune←시전 A0X2[피해호출0·더미5]",,,,보통,
H095,신 해군원수,아카이누  - 초월함,초월함,초월_김만경_AD,06번①,있음,4,,A0YQ(!철저한 정의:껍데기(수치0·j미참조)) | A0HG(!유성화산-아카초:꼬리표(j참조)) | A0HB(!명구:껍데기(수치0·j미참조)) | A0E8(!지천을 녹이는열기-아카초:껍데기(수치0·j미참조)) | A06S(!용암용암열매:껍데기(수치0·j미참조)),A0WP(실효) + UI/시각/스톡 4,,Akainu_Attack,Akainu_01[피해호출0·더미2] | Akainu_01_Shoot[피해호출1·더미2] | Akainu_02[피해호출3·더미6] | Akainu_03[피해호출1·더미3],,,4(effects있음 4·빈 0),Akainu_01[피해호출0·더미2] | Akainu_01_Shoot[피해호출1·더미2] | Akainu_02[피해호출3·더미6] | Akainu_03[피해호출1·더미3],,,,3/4,,보통,
H096,로키포트 사건의 주모자,트라팔가 로우- 초월함,초월함,초월_양재모_AD,게이트/회수,있음,5,"A05I(!수술수술열매- 룸 AIcs {""Ocr1"": 25.0, ""Ocr2"": 3.35})",A0J9(!수술수술열매 '분해':껍데기(수치0·j미참조)) | A0I3(!샴블즈:꼬리표(j참조)) | A04Z(!요도 - 키쿄쿠1:수치미수정(스톡기본값?)),A0WP(실효) + UI/시각/스톡 5,,Law_Attack,Law_Attack[피해호출1·더미3·평타등록] | Law_Skill_2[피해호출1·더미2] | Law_Skill_2_reinforce[피해호출1·더미4] | Law_skill_5[피해호출2·더미3],,,3(effects있음 3·빈 0),Law_Attack[피해호출1·더미3·평타등록] | Law_Skill_2[피해호출1·더미2] | Law_Skill_2_reinforce[피해호출1·더미4] | Law_skill_5[피해호출2·더미3],,"A05I(!수술수술열매- 룸 AIcs {""Ocr1"": 25.0, ""Ocr2"": 3.35})",,2/3,,보통,
H097,전 해군대장 아오키지,쿠잔 - 초월함,초월함,,,있음,5,"A0D5(A!빙빙열매 AOae {""Oae1"": -0.9})",A0ZG(!아이스에이지-아오초:껍데기(수치0·j미참조)) | A0ZF(!아이스 사브르1:수치미수정(스톡기본값?)) | A0FR(!아이스타임-아오초:껍데기(수치0·j미참조)) | A0G1(!페잔트백-아오초1:껍데기(수치0·j미참조)),A0WP(실효) + UI/시각/스톡 4,,Aokigi_Attack,Aokigi_Attack[피해호출0·더미3·평타등록] | Aokigi_skill_2[피해호출0·더미4] | Aokigi_skill_3[피해호출1·더미2] | Aokigi_skill_4[피해호출0·더미2],,,,,,"A0D5(A!빙빙열매 AOae {""Oae1"": -0.9}) | Aokigi_Attack[피해호출0·더미3·평타등록] | Aokigi_skill_2[피해호출0·더미4] | Aokigi_skill_3[피해호출1·더미2] | Aokigi_skill_4[피해호출0·더미2]",,,,보통,
H098,오하라의 마지막 생존자,니코 로빈 - 초월함,초월함,초월_강재규_AP,게이트/회수,있음,8,"A0VH(#전투보조 ACac {""Cac1"": 5000.0, ""Ear4"": 1}) | A0I8(B마노스 기간테스 AHad {""Had1"": -45.0}) | A0V8(#밀 플루르-마노스 공증1 ACac {""Cac1"": 0.25}) | A03T(!꽃꽃 열매 Aroc {""Efk2"": 1000000000.0, ""Efk3"": 5}) | A0V7(!기간테스코 마노1 ANde {""Nde1"": 15.0, ""Nde4"": 2.5, ""Nde3"": 2.5, ""Nde2"": 2.5})",,A0WP(실효) + UI/시각/스톡 4,,Robin_Attack,Robine_skill_1[피해호출2·더미3] | Robine_skill_2[피해호출1·더미1] | Robine_skill_3[피해호출1·더미1],,,6(effects있음 6·빈 0),"A0VH(#전투보조 ACac {""Cac1"": 5000.0, ""Ear4"": 1}) | A0I8(B마노스 기간테스 AHad {""Had1"": -45.0}) | A0V8(#밀 플루르-마노스 공증1 ACac {""Cac1"": 0.25}) | Robine_skill_1[피해호출2·더미3] | Robine_skill_2[피해호출1·더미1] | Robine_skill_3[피해호출1·더미1]",,"A03T(!꽃꽃 열매 Aroc {""Efk2"": 1000000000.0, ""Efk3"": 5}) | A0V7(!기간테스코 마노1 ANde {""Nde1"": 15.0, ""Nde4"": 2.5, ""Nde3"": 2.5, ""Nde2"": 2.5})",,4/4,,보통,
H099,명왕 레일리의 제자,몽키.D.루피 - 초월함,초월함,초월_신문철_AP,게이트/회수,있음,6,"A0KE(!숙련된 패기 ACbh {""Hbh3"": 625000.0, ""Hbh1"": 6.25}) | A0KA(!레드호크 ACbh {""Hbh3"": 1062500.0, ""Hbh1"": 10.62}) | A051(!고무고무 열매 ACbh {""Hbh2"": 5.0, ""Hbh1"": 18.0})",A0KD(!기간트 개틀링:꼬리표(j참조)),A0WP(실효) + UI/시각/스톡 6,,Ruffy_Attack,Ruffy_Attack[피해호출0·더미4·평타등록] | Ruffy_AttackDamage[피해호출3·더미1] | Ruffy_Mana[피해호출2·더미3],,,8(effects있음 8·빈 0),"A0KE(!숙련된 패기 ACbh {""Hbh3"": 625000.0, ""Hbh1"": 6.25}) | A0KA(!레드호크 ACbh {""Hbh3"": 1062500.0, ""Hbh1"": 10.62}) | A051(!고무고무 열매 ACbh {""Hbh2"": 5.0, ""Hbh1"": 18.0}) | Ruffy_Attack[피해호출0·더미4·평타등록] | Ruffy_AttackDamage[피해호출3·더미1] | Ruffy_Mana[피해호출2·더미3]",,,,3/3,,보통,
H09A,어인협객,징베  - 초월함,초월함,초월_최상호_AD,게이트/회수,있음,7,"A0X1(!내가중수 AIba {""Hab1"": 3.0}) | A0WL($의협 AOae {""Oae2"": 0.2}) | A0X0(!어인공수도-징베 ACbh {""Hbh1"": 40.0})",A0WX(!해류 한판 엎어치기:껍데기(수치0·j미참조)) | A0WM(!무뢰관:껍데기(수치0·j미참조)),A0WP(실효) + UI/시각/스톡 3,,jinbe_Attack,Jimbe[피해호출2·더미3] | Jimbe_Mu[피해호출1·더미3] | Jimbe_jingak[피해호출1·더미4] | jinbe_Attack[피해호출1·더미2·평타등록],,,7(effects있음 7·빈 0),"A0WL($의협 AOae {""Oae2"": 0.2}) | A0X0(!어인공수도-징베 ACbh {""Hbh1"": 40.0}) | Jimbe[피해호출2·더미3] | Jimbe_Mu[피해호출1·더미3] | Jimbe_jingak[피해호출1·더미4] | jinbe_Attack[피해호출1·더미2·평타등록]",,"A0X1(!내가중수 AIba {""Hab1"": 3.0})",,7/8,SkillData_원작013_H099_A09S(출처 uid 표기 없음),보통,
H09B,G.O.D,우솝 - 초월함,초월함,초월_조성진_AD,06번①,있음,7,"A0TH(B우솝갓 AHad {""Had1"": -22.0}) | A0PH(B우솝의 허풍1 AHad {""Had1"": -8.0}) | A0HK(!저격왕-우솝초 ACbh {""Hbh2"": 3.5}) | A0G4(!화염성 ACbh {""Hbh1"": 100.0})",A0F7(!파이어버드스타-우솝초월:껍데기(수치0·j미참조)) | A0AF(6변신1:껍데기(수치0·j미참조)),A0WP(실효) + UI/시각/스톡 4,,Usop_Attack,Usop_Attack[피해호출3·더미4·평타등록] | Usop_Skill_2[피해호출5·더미2] | Usop_Skill_Mana[피해호출1·더미2],,,8(effects있음 7·빈 1),"A0TH(B우솝갓 AHad {""Had1"": -22.0}) | A0PH(B우솝의 허풍1 AHad {""Had1"": -8.0}) | A0HK(!저격왕-우솝초 ACbh {""Hbh2"": 3.5}) | A0G4(!화염성 ACbh {""Hbh1"": 100.0}) | Usop_Attack[피해호출3·더미4·평타등록] | Usop_Skill_2[피해호출5·더미2] | Usop_Skill_Mana[피해호출1·더미2]",,,,4/7,,보통,
H09C,G.O.D,우솝 10톤해머 - 초월함,초월함,,,있음,5,"A0TH(B우솝갓 AHad {""Had1"": -22.0}) | A0PH(B우솝의 허풍1 AHad {""Had1"": -8.0}) | A0G4(!화염성 ACbh {""Hbh1"": 100.0}) | A0AG(10톤 해머 ACbh {""Hbh1"": 20.0, ""Hbh2"": 7.0})",A0F7(!파이어버드스타-우솝초월:껍데기(수치0·j미참조)) | A0AF(6변신1:껍데기(수치0·j미참조)),A0WP(실효) + UI/시각/스톡 3,,Usop_Skill_10Ton,Usop_Skill_10Ton[피해호출1·더미1·평타등록],,,,,,"A0TH(B우솝갓 AHad {""Had1"": -22.0}) | A0PH(B우솝의 허풍1 AHad {""Had1"": -8.0}) | A0G4(!화염성 ACbh {""Hbh1"": 100.0}) | A0AG(10톤 해머 ACbh {""Hbh1"": 20.0, ""Hbh2"": 7.0}) | Usop_Skill_10Ton[피해호출1·더미1·평타등록]","A0TH(B우솝갓 AHad {""Had1"": -22.0})→초월_조성진_AD/초월_황준석_ADAP | A0PH(B우솝의 허풍1 AHad {""Had1"": -8.0})→초월_조성진_AD/초월_황준석_ADAP | A0G4(!화염성 ACbh {""Hbh1"": 100.0})→초월_조성진_AD/초월_황준석_ADAP | A0AG(10톤 해머 ACbh {""Hbh1"": 20.0, ""Hbh2"": 7.0})→초월_황준석_ADAP",,,보통,
H09D,"""어둠의 조커""드레스로자의 악몽",각성 도플라밍고 - 초월함,초월함,초월_최상호_AP,게이트/회수,있음,7,"A0AL(6변신 AEme {""Eme4"": 0.01}) | A0AK(!흉탄 ACbh {""Hbh1"": 20.0}) | A0AJ(B열매각성 방깍 AHad {""Had1"": -60.0})",A061(!하늘귀신:껍데기(수치0·j미참조)) | A0VY(!오버히트:껍데기(수치0·j미참조)),A0WP(실효) + UI/시각/스톡 3,,DP_Attack_gaksung,DP_AttackDamagegaksung[피해호출1·더미0] | DP_Attack_gaksung[피해호출2·더미3·평타등록] | DP_Skill_2[피해호출2·더미2] | DP_Skill_3[피해호출1·더미1],,,10(effects있음 9·빈 1),"A0AL(6변신 AEme {""Eme4"": 0.01}) | A0AJ(B열매각성 방깍 AHad {""Had1"": -60.0}) | DP_AttackDamagegaksung[피해호출1·더미0] | DP_Attack_gaksung[피해호출2·더미3·평타등록] | DP_Skill_2[피해호출2·더미2] | DP_Skill_3[피해호출1·더미1]",,"A0AK(!흉탄 ACbh {""Hbh1"": 20.0})","A0AK(!흉탄 ACbh {""Hbh1"": 20.0})→초월_황준석_ADAP",5/5,,보통,
H09E,"""어둠의 조커""드레스로자의 악몽",도플라밍고 - 초월함,초월함,초월_최상호_AP,06번①,있음,5,"A0AL(6변신 AEme {""Eme4"": 0.01})",A0VD(!다중절단:껍데기(수치0·j미참조)) | A061(!하늘귀신:껍데기(수치0·j미참조)) | A0HC(!오색실:껍데기(수치0·j미참조)) | A0VY(!오버히트:껍데기(수치0·j미참조)) | A0DF(!실실열매:껍데기(수치0·j미참조)),A0WP(실효) + UI/시각/스톡 4,,DP_Attack,DP_Attack[피해호출0·더미3·평타등록] | DP_AttackDamage[피해호출1·더미0] | DP_Skill_2[피해호출2·더미2] | DP_Skill_3[피해호출1·더미1],,,10(effects있음 9·빈 1),"A0AL(6변신 AEme {""Eme4"": 0.01}) | DP_Attack[피해호출0·더미3·평타등록] | DP_AttackDamage[피해호출1·더미0] | DP_Skill_2[피해호출2·더미2] | DP_Skill_3[피해호출1·더미1]",,,,4/4,,보통,
H09F,수라의 검사,롤로노아 조로 - 초월함,초월함,초월_박민수_AD,게이트/회수,있음,8,"A0PZ(!이강력참1 ACbh {""Hbh3"": 200000.0, ""Hbh1"": 25.0, ""Hbh2"": 10.0}) | A0GQ(A귀기-조초 AOae {""Oae1"": -0.5}) | A0GP(B삼도류 검술-조초1 AHad {""Had1"": -50.0})",A0GU(!사자의노래-조로초월:껍데기(수치0·j미참조)) | A0GF(!1080 번뇌봉:꼬리표(j참조)),A0WP(실효) + UI/시각/스톡 3,,Zoro_Attack_re,Zoro_Samchun2[피해호출2·더미7] | Zoro_raven[피해호출3·더미9] | Zoro_samchun1[피해호출1·더미8] | Zoro_saza1[피해호출2·더미10] | Zoro_tiger[피해호출1·더미6],,,7(effects있음 7·빈 0),"A0PZ(!이강력참1 ACbh {""Hbh3"": 200000.0, ""Hbh1"": 25.0, ""Hbh2"": 10.0}) | A0GQ(A귀기-조초 AOae {""Oae1"": -0.5}) | A0GP(B삼도류 검술-조초1 AHad {""Had1"": -50.0}) | Zoro_Samchun2[피해호출2·더미7] | Zoro_raven[피해호출3·더미9] | Zoro_samchun1[피해호출1·더미8] | Zoro_saza1[피해호출2·더미10] | Zoro_tiger[피해호출1·더미6]",,,,4/5,,보통,
H09G,정열의 요리사,상디 - 초월함,초월함,초월_배성령_AD,게이트/회수,있음,6,"A11Y(!디아블 잠브-검은다리-상초 ACbh {""Hbh1"": 22.5}) | A0V4($요리사의 길 AOae {""Oae2"": 0.15}) | A0QE(상초강 공속 AIsx {""Isx1"": 0.5})",A0JO(!유성 소바 킥:껍데기(수치0·j미참조)) | A0DO(!디아블 잠브 불꽃 스펙트럼:꼬리표(j참조)) | A06C(!디아블 잠브 무통샷:꼬리표(j참조)),A0WP(실효) + UI/시각/스톡 4,,SandiAttack_Upgrade,SandiAttack_Upgrade[피해호출2·더미2·평타등록] | Sandi_skill_1[피해호출3·더미5] | Sandi_skill_Mana2[피해호출3·더미3],,,6(effects있음 6·빈 0),"A11Y(!디아블 잠브-검은다리-상초 ACbh {""Hbh1"": 22.5}) | A0V4($요리사의 길 AOae {""Oae2"": 0.15}) | A0QE(상초강 공속 AIsx {""Isx1"": 0.5}) | SandiAttack_Upgrade[피해호출2·더미2·평타등록] | Sandi_skill_1[피해호출3·더미5] | Sandi_skill_Mana2[피해호출3·더미3]",,,,4/4,,보통,
H09H,뉴카마섬의 생존자,상디 - 초월함,초월함,,,있음,4,"A11Y(!디아블 잠브-검은다리-상초 ACbh {""Hbh1"": 22.5})",A0JO(!유성 소바 킥:껍데기(수치0·j미참조)) | A0DO(!디아블 잠브 불꽃 스펙트럼:꼬리표(j참조)) | A06C(!디아블 잠브 무통샷:꼬리표(j참조)),A0WP(실효) + UI/시각/스톡 4,,SandiAttack,SandiAttack[피해호출2·더미2·평타등록] | Sandi_skill_1[피해호출3·더미5] | Sandi_skill_Mana2[피해호출3·더미3],,,,,,"A11Y(!디아블 잠브-검은다리-상초 ACbh {""Hbh1"": 22.5}) | SandiAttack[피해호출2·더미2·평타등록] | Sandi_skill_1[피해호출3·더미5] | Sandi_skill_Mana2[피해호출3·더미3]","A11Y(!디아블 잠브-검은다리-상초 ACbh {""Hbh1"": 22.5})→초월_배성령_AD | SandiAttack[피해호출2·더미2·평타등록]→초월_배성령_AD | Sandi_skill_1[피해호출3·더미5]→초월_배성령_AD | Sandi_skill_Mana2[피해호출3·더미3]→초월_배성령_AD",,,보통,
H09I,소울 킹,브룩 - 초월함,초월함,초월_노태현_AP,게이트/회수,있음,7,"A0Q7(A자장가 프람 AOae {""Oae1"": -0.05}) | A0SR(A오바드 꾸 드로와 AOae {""Oae1"": -0.15}) | A04D(!소울 솔리드 ACbh {""Hbh1"": 17.5}) | A0AP(!프렐류드 브룩초월 AHfa {""Hfa1"": 800000.0})",A0HY(!판타지아:껍데기(수치0·j미참조)),A0WP(실효) + UI/시각/스톡 4,,BrookAttack,BrookAttack[피해호출2·더미1·평타등록] | Brook_Skill_1[피해호출2·더미2] | Brook_Skill_Mana[피해호출0·더미2],,,7(effects있음 7·빈 0),"A0Q7(A자장가 프람 AOae {""Oae1"": -0.05}) | A0SR(A오바드 꾸 드로와 AOae {""Oae1"": -0.15}) | A04D(!소울 솔리드 ACbh {""Hbh1"": 17.5}) | BrookAttack[피해호출2·더미1·평타등록] | Brook_Skill_1[피해호출2·더미2] | Brook_Skill_Mana[피해호출0·더미2]",,"A0AP(!프렐류드 브룩초월 AHfa {""Hfa1"": 800000.0})",,2/2,,보통,
H0B1,전 해군대장 아오키지,쿠잔초월함,초월함,,,있음,5,"A0T6(A!빙빙열매-서리걸음 AOae {""Oae1"": -0.9})",A0ZF(!아이스 사브르1:수치미수정(스톡기본값?)) | A0SV(A!서리걸음:껍데기(수치0·j미참조)) | A0T5(!아이스타임-아오초-서리걸음:껍데기(수치0·j미참조)) | A0G1(!페잔트백-아오초1:껍데기(수치0·j미참조)) | A0ZG(!아이스에이지-아오초:껍데기(수치0·j미참조)),A0WP(실효) + UI/시각/스톡 3,,Aokigi_Attack,Aokigi_Attack[피해호출0·더미3·평타등록] | Aokigi_skill_2[피해호출0·더미4] | Aokigi_skill_3[피해호출1·더미2] | Aokigi_skill_4[피해호출0·더미2],,,,,,"A0T6(A!빙빙열매-서리걸음 AOae {""Oae1"": -0.9}) | Aokigi_Attack[피해호출0·더미3·평타등록] | Aokigi_skill_2[피해호출0·더미4] | Aokigi_skill_3[피해호출1·더미2] | Aokigi_skill_4[피해호출0·더미2]",,,,보통,
H0B2,다섯번째 황제,루피-기어포스 - 초월함,초월함,초월_김경현_AP,게이트/회수,있음,6,"A0YS($고강도 탄성 AOae {""Oae2"": 0.15}) | A0XI(!킹코브라 ACbh {""Hbh1"": 20.0}) | A0X4(!고무고무 열매 ACbh {""Hbh2"": 3.0, ""Hbh1"": 20.0})",A0XH(6변신:껍데기(수치0·j미참조)) | A0U0(!고무고무 컬버린:수치미수정(스톡기본값?)),A0WP(실효) + UI/시각/스톡 3,,Snake_Attack,Snake_2[피해호출2·더미3] | Snake_3_Kingkobra[피해호출2·더미4] | Snake_Attack[피해호출1·더미2·평타등록],,,5(effects있음 5·빈 0),"A0YS($고강도 탄성 AOae {""Oae2"": 0.15}) | A0X4(!고무고무 열매 ACbh {""Hbh2"": 3.0, ""Hbh1"": 20.0}) | Snake_2[피해호출2·더미3] | Snake_3_Kingkobra[피해호출2·더미4] | Snake_Attack[피해호출1·더미2·평타등록]",,"A0XI(!킹코브라 ACbh {""Hbh1"": 20.0})",,4/4,,보통,
H0B3,다섯번째 황제,루피-블랙맘바 - 초월함,초월함,,,있음,7,"A0YS($고강도 탄성 AOae {""Oae2"": 0.15}) | A0XI(!킹코브라 ACbh {""Hbh1"": 20.0}) | A0X4(!고무고무 열매 ACbh {""Hbh2"": 3.0, ""Hbh1"": 20.0})",A0XH(6변신:껍데기(수치0·j미참조)) | A0U0(!고무고무 컬버린:수치미수정(스톡기본값?)),A0WP(실효) + UI/시각/스톡 3,,Snake_Attack_BlackMamba,BlackMamba_skill_1[피해호출0·더미1] | Snake_2[피해호출2·더미3] | Snake_3_Kingkobra[피해호출2·더미4] | Snake_Attack_BlackMamba[피해호출2·더미1·평타등록],,,,,,"A0YS($고강도 탄성 AOae {""Oae2"": 0.15}) | A0XI(!킹코브라 ACbh {""Hbh1"": 20.0}) | A0X4(!고무고무 열매 ACbh {""Hbh2"": 3.0, ""Hbh1"": 20.0}) | BlackMamba_skill_1[피해호출0·더미1] | Snake_2[피해호출2·더미3] | Snake_3_Kingkobra[피해호출2·더미4] | Snake_Attack_BlackMamba[피해호출2·더미1·평타등록]","A0YS($고강도 탄성 AOae {""Oae2"": 0.15})→초월_김경현_AP | A0X4(!고무고무 열매 ACbh {""Hbh2"": 3.0, ""Hbh1"": 20.0})→초월_김경현_AP | Snake_2[피해호출2·더미3]→초월_김경현_AP | Snake_3_Kingkobra[피해호출2·더미4]→초월_김경현_AP",,,보통,
H0B4,유스타스'캡틴',키드 - 초월함,초월함,초월_황준석_ADAP,06번①,있음,10,"A10D(A자석자석 열매 AOae {""Oae1"": -0.33}) | A103(!펑크 바이스 ACbh {""Hbh1"": 20.0}) | A102(/자석자석열매-키드초월 AIfb {""Idam"": 50000.0, ""Iob5"": 1}) | A101(!자석 팔 ACbh {""Hbh3"": 360000.0, ""Hbh1"": 35.0})",A10F(!펑크 깁슨:꼬리표(j참조)) | A10E(!리펠1:꼬리표(j참조)),A0WP(실효) + UI/시각/스톡 5,,Kid_Attack,Kid_Skill_3[피해호출2·더미5] | Kid_Skill_3_item[피해호출1·더미8] | Kid_Skill_Life[피해호출2·더미5] | Kid_Skill_Life2[피해호출2·더미5] | Kid_Skill_Mana[피해호출1·더미5] | Kid_Skill_Mana_Tr[피해호출3·더미5],,,35(effects있음 34·빈 1),"A10D(A자석자석 열매 AOae {""Oae1"": -0.33}) | A103(!펑크 바이스 ACbh {""Hbh1"": 20.0}) | A102(/자석자석열매-키드초월 AIfb {""Idam"": 50000.0, ""Iob5"": 1}) | A101(!자석 팔 ACbh {""Hbh3"": 360000.0, ""Hbh1"": 35.0}) | Kid_Skill_3[피해호출2·더미5] | Kid_Skill_3_item[피해호출1·더미8] | Kid_Skill_Life[피해호출2·더미5] | Kid_Skill_Life2[피해호출2·더미5] | Kid_Skill_Mana[피해호출1·더미5]",,Kid_Skill_Mana_Tr[피해호출3·더미5],,3/8,,보통,
H0B5,해군대장-보르살리노,키자루 - 초월함,초월함,초월_구주호_AD,게이트/회수,있음,5,"A0CS(!빛빛열매 ACbh {""Hbh2"": 8.88})",A0P1(!빛의 기둥:껍데기(수치0·j미참조)) | A0JM(!빛의 발차기:껍데기(수치0·j미참조)) | A0HJ(!팔척경곡옥:껍데기(수치0·j미참조)),A0WP(실효) + UI/시각/스톡 4,,Kizaru_Attack,Kizaru_01[피해호출2·더미6] | Kizaru_01_shoot[피해호출1·더미0] | Kizaru_Attack[피해호출0·더미3·평타등록] | Kizaru_Skill_mana[피해호출0·더미2],,,18(effects있음 18·빈 0),"A0CS(!빛빛열매 ACbh {""Hbh2"": 8.88}) | Kizaru_01[피해호출2·더미6] | Kizaru_01_shoot[피해호출1·더미0] | Kizaru_Attack[피해호출0·더미3·평타등록]",,Kizaru_Skill_mana[피해호출0·더미2],,1/1,,보통,
H0B6,럼블볼 폭주,토니토니 쵸파 - 초월함,초월함,,,있음,4,"A0HL(B애교-쵸초 AHad {""Had1"": -50.0}) | A0H8($스피드포인트-초월 AOae {""Oae2"": 0.28}) | A04G(#선의-쵸초 ACac {""Cac1"": 0.5}) | A0G8(#의료품-쵸초 ACac {""Cac1"": 0.3})",A11G(6변신:껍데기(수치0·j미참조)),A0WP(실효) + UI/시각/스톡 3,,,,,,,,,"A0HL(B애교-쵸초 AHad {""Had1"": -50.0}) | A0H8($스피드포인트-초월 AOae {""Oae2"": 0.28}) | A04G(#선의-쵸초 ACac {""Cac1"": 0.5}) | A0G8(#의료품-쵸초 ACac {""Cac1"": 0.3})",,,,낮음,영웅(H)인데 평타 등록 없음
H0BD,오니히메,야마토 - 초월함,초월함,,,있음,7,"A12A(B!수배지령 AHad {""Had1"": -25.0}) | A065(!금쇄봉 ACbh {""Hbh3"": 50000.0, ""Hbh1"": 30.0}) | A12P(A오오구치 AOae {""Oae1"": 0.15})",A12H(!패황색 휘감기:껍데기(수치0·j미참조)) | A12G(!뇌명 팔괘1:껍데기(수치0·j미참조)) | A12B(6변신:껍데기(수치0·j미참조)),A0WP(실효) + UI/시각/스톡 3,,Yamato_Attack,Yamato_Attack[피해호출0·더미2·평타등록] | Yamato_Attack_Damage[피해호출4·더미5] | Yamato_Dash[피해호출2·더미5] | Yamato_Life_skill[피해호출1·더미4],,,,,,"A12A(B!수배지령 AHad {""Had1"": -25.0}) | A065(!금쇄봉 ACbh {""Hbh3"": 50000.0, ""Hbh1"": 30.0}) | A12P(A오오구치 AOae {""Oae1"": 0.15}) | Yamato_Attack[피해호출0·더미2·평타등록] | Yamato_Attack_Damage[피해호출4·더미5] | Yamato_Dash[피해호출2·더미5] | Yamato_Life_skill[피해호출1·더미4]","A12A(B!수배지령 AHad {""Had1"": -25.0})→초월_구주호_AD | A065(!금쇄봉 ACbh {""Hbh3"": 50000.0, ""Hbh1"": 30.0})→초월_구주호_AD | A12P(A오오구치 AOae {""Oae1"": 0.15})→초월_구주호_AD | Yamato_Attack[피해호출0·더미2·평타등록]→초월_구주호_AD | Yamato_Dash[피해호출2·더미5]→초월_구주호_AD",,,보통,
H0BE,오니히메 인수화,야마토 - 초월함,초월함,초월_구주호_AD,게이트/회수,있음,6,"A12A(B!수배지령 AHad {""Had1"": -25.0}) | A065(!금쇄봉 ACbh {""Hbh3"": 50000.0, ""Hbh1"": 30.0}) | A12P(A오오구치 AOae {""Oae1"": 0.15})",A12H(!패황색 휘감기:껍데기(수치0·j미참조)) | A12G(!뇌명 팔괘1:껍데기(수치0·j미참조)) | A12B(6변신:껍데기(수치0·j미참조)),A0WP(실효) + UI/시각/스톡 3,,Yamato_Attack_insu,Yamato_Attack_Damage2[피해호출4·더미5] | Yamato_Attack_insu[피해호출0·더미1·평타등록] | Yamato_Dash[피해호출2·더미5],,,18(effects있음 18·빈 0),"A12A(B!수배지령 AHad {""Had1"": -25.0}) | A065(!금쇄봉 ACbh {""Hbh3"": 50000.0, ""Hbh1"": 30.0}) | A12P(A오오구치 AOae {""Oae1"": 0.15}) | Yamato_Attack_Damage2[피해호출4·더미5] | Yamato_Attack_insu[피해호출0·더미1·평타등록] | Yamato_Dash[피해호출2·더미5]",,,,2/3,,보통,
H0BK,태양의신-니카,루피-기어피프스 - 영원한,초월함,영원_이지원,게이트/회수,있음,8,"A15P(!고무고무 열매 ACbh {""Hbh2"": 5.0, ""Hbh1"": 20.0}) | A15O(#고동소리 ACac {""Cac1"": 0.25}) | A166($거대화(공속) AOae {""Oae2"": 0.15}) | A14M(!번개 던지기 ACbh {""Hbh1"": 20.0}) | A16B(B!태양의 신 니카 AHad {""Had1"": -35.0})",A06F(!고무고무-바즈랑 건:껍데기(수치0·j미참조)),A0WP(실효) + UI/시각/스톡 4,,Nika_Attack,Nika_Attack[피해호출2·더미8·평타등록] | Nika_AttackDamage[피해호출4·더미4] | Nika_Random_Punch[피해호출2·더미2],,,11(effects있음 11·빈 0),"A15P(!고무고무 열매 ACbh {""Hbh2"": 5.0, ""Hbh1"": 20.0}) | A15O(#고동소리 ACac {""Cac1"": 0.25}) | A166($거대화(공속) AOae {""Oae2"": 0.15}) | A16B(B!태양의 신 니카 AHad {""Had1"": -35.0}) | Nika_Attack[피해호출2·더미8·평타등록] | Nika_AttackDamage[피해호출4·더미4] | Nika_Random_Punch[피해호출2·더미2]",,"A14M(!번개 던지기 ACbh {""Hbh1"": 20.0})",,6/6,,보통,
H0BL,'신'해군대장-초록소,아라마키- 초월함,초월함,초월_구주호_AD,게이트/회수,있음,6,"A03U(!삼림화 Aroc {""Efk2"": 10000000.0}) | A15G(B숲숲 열매 AHad {""Had1"": -35.0}) | A15I(&양분흡수 Aspo {""Spo4"": 11, ""Spo1"": 850000.0, ""Spo2"": 0.85})",A15F(6변신:껍데기(수치0·j미참조)) | A15J(!숲가꾸기:껍데기(수치0·j미참조)),A0WP(실효) + UI/시각/스톡 3,,Rokugu_Attack,Rokugu_Attack[피해호출1·더미3·평타등록] | Rokugu_Tree_S[피해호출2·더미2] | Rokugu_skill_1[피해호출1·더미3],,,18(effects있음 18·빈 0),"A15G(B숲숲 열매 AHad {""Had1"": -35.0}) | Rokugu_Attack[피해호출1·더미3·평타등록] | Rokugu_Tree_S[피해호출2·더미2] | Rokugu_skill_1[피해호출1·더미3]",,"A03U(!삼림화 Aroc {""Efk2"": 10000000.0}) | A15I(&양분흡수 Aspo {""Spo4"": 11, ""Spo1"": 850000.0, ""Spo2"": 0.85})",,3/4,,보통,
H0BN,태양신-니카,루피-거대화 - 초월함,초월함,,,있음,1,"A14M(!번개 던지기 ACbh {""Hbh1"": 20.0})",A06A(!사람사람열매-니카:껍데기(수치0·j미참조)) | A06F(!고무고무-바즈랑 건:껍데기(수치0·j미참조)),A0WP(실효) + UI/시각/스톡 4,,,,,,,,,"A14M(!번개 던지기 ACbh {""Hbh1"": 20.0})",,,,낮음,영웅(H)인데 평타 등록 없음
H0BO,금증숲숲-초록소,아라마키- 초월함,초월함,,,있음,6,"A17G(!!!공속감소-초록소 숲인간 AIsx {""Isx1"": -1.0}) | A03U(!삼림화 Aroc {""Efk2"": 10000000.0}) | A15G(B숲숲 열매 AHad {""Had1"": -35.0}) | A15I(&양분흡수 Aspo {""Spo4"": 11, ""Spo1"": 850000.0, ""Spo2"": 0.85})",A15F(6변신:껍데기(수치0·j미참조)) | A15J(!숲가꾸기:껍데기(수치0·j미참조)),A0WP(실효) + UI/시각/스톡 3,,RokuguTree_Attack,RokuguTree_Attack[피해호출1·더미3·평타등록] | Rokugu_skill_1[피해호출1·더미3],,,,,,"A17G(!!!공속감소-초록소 숲인간 AIsx {""Isx1"": -1.0}) | A03U(!삼림화 Aroc {""Efk2"": 10000000.0}) | A15G(B숲숲 열매 AHad {""Had1"": -35.0}) | A15I(&양분흡수 Aspo {""Spo4"": 11, ""Spo1"": 850000.0, ""Spo2"": 0.85}) | RokuguTree_Attack[피해호출1·더미3·평타등록] | Rokugu_skill_1[피해호출1·더미3]","A15G(B숲숲 열매 AHad {""Had1"": -35.0})→초월_구주호_AD | RokuguTree_Attack[피해호출1·더미3·평타등록]→초월_구주호_AD | Rokugu_skill_1[피해호출1·더미3]→초월_구주호_AD",,,보통,
H0BT,염왕,롤로노아 조로 - 초월함,초월함,초월_강주혁_AP,게이트/회수,있음,8,"A15Z(!엔마 ACbh {""Hbh3"": 200000.0, ""Hbh1"": 25.0, ""Hbh2"": 11.0}) | A0GQ(A귀기-조초 AOae {""Oae1"": -0.5}) | A14E(B삼도류 검술-조초 AHad {""Had1"": -50.0})",A15Y(!일도류-비룡화염:껍데기(수치0·j미참조)) | A0GT(!삼천대천세계:꼬리표(j참조)),A0WP(실효) + UI/시각/스톡 3,,Zoro_Attack_enma,Zoro_Samchun2[피해호출2·더미7] | Zoro_enfor_3dragon[피해호출2·더미3] | Zoro_enfor_flying_draong[피해호출2·더미6] | Zoro_samchun1[피해호출1·더미8] | Zoro_tiger[피해호출1·더미6],,,10(effects있음 10·빈 0),"A15Z(!엔마 ACbh {""Hbh3"": 200000.0, ""Hbh1"": 25.0, ""Hbh2"": 11.0}) | A0GQ(A귀기-조초 AOae {""Oae1"": -0.5}) | A14E(B삼도류 검술-조초 AHad {""Had1"": -50.0}) | Zoro_Samchun2[피해호출2·더미7] | Zoro_enfor_3dragon[피해호출2·더미3] | Zoro_samchun1[피해호출1·더미8]",,Zoro_enfor_flying_draong[피해호출2·더미6] | Zoro_tiger[피해호출1·더미6],Zoro_tiger[피해호출1·더미6]→초월_박민수_AD,4/6,,보통,
h03D,토니토니 쵸파 럼블볼 폭주 - 초월함,,초월함,,,있음,4,"A0HL(B애교-쵸초 AHad {""Had1"": -50.0}) | A0H8($스피드포인트-초월 AOae {""Oae2"": 0.28}) | A04G(#선의-쵸초 ACac {""Cac1"": 0.5}) | A0G8(#의료품-쵸초 ACac {""Cac1"": 0.3})",, + UI/시각/스톡 2,,,,,,,,,"A0HL(B애교-쵸초 AHad {""Had1"": -50.0}) | A0H8($스피드포인트-초월 AOae {""Oae2"": 0.28}) | A04G(#선의-쵸초 ACac {""Cac1"": 0.5}) | A0G8(#의료품-쵸초 ACac {""Cac1"": 0.3})",,,,보통,
h04I,"도플라밍고 ""어둠의 조커""드레스로자의 악몽 - 초월함",,초월함,,,있음,1,"A0AL(6변신 AEme {""Eme4"": 0.01})",A0VD(!다중절단:껍데기(수치0·j미참조)) | A061(!하늘귀신:껍데기(수치0·j미참조)) | A0HC(!오색실:껍데기(수치0·j미참조)) | A0VY(!오버히트:껍데기(수치0·j미참조)) | A0DF(!실실열매:껍데기(수치0·j미참조)), + UI/시각/스톡 3,,,,,,,,,"A0AL(6변신 AEme {""Eme4"": 0.01})","A0AL(6변신 AEme {""Eme4"": 0.01})→초월_최상호_AP",,,보통,
h04K,징베 어인협객 - 초월함,,초월함,초월_황준석_ADAP,1채널,있음,3,"A0X1(!내가중수 AIba {""Hab1"": 3.0}) | A0WL($의협 AOae {""Oae2"": 0.2}) | A0X0(!어인공수도-징베 ACbh {""Hbh1"": 40.0})",A0WX(!해류 한판 엎어치기:껍데기(수치0·j미참조)) | A0WM(!무뢰관:껍데기(수치0·j미참조)), + UI/시각/스톡 2,,,,,,35(effects있음 34·빈 1),"A0WL($의협 AOae {""Oae2"": 0.2}) | A0X0(!어인공수도-징베 ACbh {""Hbh1"": 40.0})",,"A0X1(!내가중수 AIba {""Hab1"": 3.0})",,,,보통,
h04L,보르살리노 해군대장 키자루  - 초월함,,초월함,초월_황준석_ADAP,1채널,있음,1,"A0CS(!빛빛열매 ACbh {""Hbh2"": 8.88})",A0P1(!빛의 기둥:껍데기(수치0·j미참조)) | A0JM(!빛의 발차기:껍데기(수치0·j미참조)) | A0HJ(!팔척경곡옥:껍데기(수치0·j미참조)), + UI/시각/스톡 3,,,,,,35(effects있음 34·빈 1),"A0CS(!빛빛열매 ACbh {""Hbh2"": 8.88})",,,,,,보통,
h04M,마샬.D.티치 지진과 어둠의 검은수염 - 초월함,,초월함,,,있음,2,"A062(#해군원수 ACac {""Cac1"": 0.11}) | A142(#해군원수-자신만적용 ACac {""Cac1"": 0.22})",A0G9(!충격파:껍데기(수치0·j미참조)) | A0TZ(!사람사람열매:수치미수정(스톡기본값?)) | A0D8(!부처의 일격 센불:꼬리표(j참조)), + UI/시각/스톡 2,,,,,,,,,"A062(#해군원수 ACac {""Cac1"": 0.11}) | A142(#해군원수-자신만적용 ACac {""Cac1"": 0.22})","A062(#해군원수 ACac {""Cac1"": 0.11})→불멸_이이삭 | A142(#해군원수-자신만적용 ACac {""Cac1"": 0.22})→불멸_이이삭",,,보통,
h04N,사보 혁명군 참모총장 - 초월함,,초월함,초월_황준석_ADAP,1채널,있음,3,"A0HA(!용의 숨결 ACbh {""Hbh2"": 4.0}) | A0H2(B용조권 AHad {""Had1"": -30.0}) | A0E6(A투기 AOae {""Oae1"": -0.2})",A0HF(!이글이글열매:껍데기(수치0·j미참조)) | A0HE(!화염용왕:껍데기(수치0·j미참조)), + UI/시각/스톡 2,,,,,,35(effects있음 34·빈 1),"A0HA(!용의 숨결 ACbh {""Hbh2"": 4.0}) | A0H2(B용조권 AHad {""Had1"": -30.0}) | A0E6(A투기 AOae {""Oae1"": -0.2})",,,,,,보통,
h04P,"각성 도플라밍고 ""어둠의 조커""드레스로자의 악몽 - 초월함",,초월함,초월_황준석_ADAP,1채널,있음,3,"A0AL(6변신 AEme {""Eme4"": 0.01}) | A0AK(!흉탄 ACbh {""Hbh1"": 20.0}) | A0AJ(B열매각성 방깍 AHad {""Had1"": -60.0})",A061(!하늘귀신:껍데기(수치0·j미참조)) | A0VY(!오버히트:껍데기(수치0·j미참조)), + UI/시각/스톡 2,,,,,,35(effects있음 34·빈 1),"A0AK(!흉탄 ACbh {""Hbh1"": 20.0}) | A0AJ(B열매각성 방깍 AHad {""Had1"": -60.0})",,"A0AL(6변신 AEme {""Eme4"": 0.01})","A0AL(6변신 AEme {""Eme4"": 0.01})→초월_최상호_AP",,,보통,
h04R,몽키.D.루피 명왕 레일리의 제자 - 초월함,,초월함,초월_황준석_ADAP,1채널,있음,3,"A0KE(!숙련된 패기 ACbh {""Hbh3"": 625000.0, ""Hbh1"": 6.25}) | A0KA(!레드호크 ACbh {""Hbh3"": 1062500.0, ""Hbh1"": 10.62}) | A051(!고무고무 열매 ACbh {""Hbh2"": 5.0, ""Hbh1"": 18.0})",A0KD(!기간트 개틀링:꼬리표(j참조)), + UI/시각/스톡 5,,,,,,35(effects있음 34·빈 1),"A0KE(!숙련된 패기 ACbh {""Hbh3"": 625000.0, ""Hbh1"": 6.25}) | A0KA(!레드호크 ACbh {""Hbh3"": 1062500.0, ""Hbh1"": 10.62}) | A051(!고무고무 열매 ACbh {""Hbh2"": 5.0, ""Hbh1"": 18.0})",,,,,,보통,
h04S,바솔로뮤 쿠마 마지막 의식을 가진 혁명군 - 초월함,,초월함,,,없음,0,,, + UI/시각/스톡 2,,,,,,,,,,,,,보통,
h04T,브룩 소울 킹 - 초월함,,초월함,초월_황준석_ADAP,1채널,있음,4,"A0Q7(A자장가 프람 AOae {""Oae1"": -0.05}) | A0SR(A오바드 꾸 드로와 AOae {""Oae1"": -0.15}) | A04D(!소울 솔리드 ACbh {""Hbh1"": 17.5}) | A0AP(!프렐류드 브룩초월 AHfa {""Hfa1"": 800000.0})",A0HY(!판타지아:껍데기(수치0·j미참조)), + UI/시각/스톡 3,,,,,,35(effects있음 34·빈 1),"A0Q7(A자장가 프람 AOae {""Oae1"": -0.05}) | A0SR(A오바드 꾸 드로와 AOae {""Oae1"": -0.15}) | A04D(!소울 솔리드 ACbh {""Hbh1"": 17.5})",,"A0AP(!프렐류드 브룩초월 AHfa {""Hfa1"": 800000.0})",,,,보통,
h04U,샹크스 마린포드 정상해전 종결자 - 초월함,,초월함,초월_황준석_ADAP,1채널,있음,3,"A0I2(!패왕색의패기- 샹크스초월 ANpi {""Eim1"": 52500.0}) | A0I1($카리스마1 AOae {""Oae2"": 0.2}) | A03W(!패기의 검술 ACbh {""Hbh3"": 500000.0, ""Hbh1"": 12.0, ""Hbh2"": 10.0})",A0I0(!하늘을 찢는 패기:껍데기(수치0·j미참조)), + UI/시각/스톡 3,,,,,,35(effects있음 34·빈 1),"A0I1($카리스마1 AOae {""Oae2"": 0.2}) | A03W(!패기의 검술 ACbh {""Hbh3"": 500000.0, ""Hbh1"": 12.0, ""Hbh2"": 10.0})",,"A0I2(!패왕색의패기- 샹크스초월 ANpi {""Eim1"": 52500.0})",,,,보통,
h04V,쿠잔 전 해군대장 아오키지  - 초월함,,초월함,,,있음,1,"A0D5(A!빙빙열매 AOae {""Oae1"": -0.9})",A0ZG(!아이스에이지-아오초:껍데기(수치0·j미참조)) | A0ZF(!아이스 사브르1:수치미수정(스톡기본값?)) | A0FR(!아이스타임-아오초:껍데기(수치0·j미참조)) | A0G1(!페잔트백-아오초1:껍데기(수치0·j미참조)), + UI/시각/스톡 3,,,,,,,,,"A0D5(A!빙빙열매 AOae {""Oae1"": -0.9})",,,,보통,
h04W,우솝 10톤해머 G.O.D - 초월함,,초월함,초월_황준석_ADAP,1채널,있음,4,"A0TH(B우솝갓 AHad {""Had1"": -22.0}) | A0PH(B우솝의 허풍1 AHad {""Had1"": -8.0}) | A0G4(!화염성 ACbh {""Hbh1"": 100.0}) | A0AG(10톤 해머 ACbh {""Hbh1"": 20.0, ""Hbh2"": 7.0})",A0F7(!파이어버드스타-우솝초월:껍데기(수치0·j미참조)) | A0AF(6변신1:껍데기(수치0·j미참조)), + UI/시각/스톡 2,,,,,,35(effects있음 34·빈 1),"A0TH(B우솝갓 AHad {""Had1"": -22.0}) | A0PH(B우솝의 허풍1 AHad {""Had1"": -8.0}) | A0G4(!화염성 ACbh {""Hbh1"": 100.0}) | A0AG(10톤 해머 ACbh {""Hbh1"": 20.0, ""Hbh2"": 7.0})",,,,,,보통,
h04X,우솝 G.O.D - 초월함,,초월함,초월_황준석_ADAP,1채널,있음,4,"A0TH(B우솝갓 AHad {""Had1"": -22.0}) | A0PH(B우솝의 허풍1 AHad {""Had1"": -8.0}) | A0HK(!저격왕-우솝초 ACbh {""Hbh2"": 3.5}) | A0G4(!화염성 ACbh {""Hbh1"": 100.0})",A0F7(!파이어버드스타-우솝초월:껍데기(수치0·j미참조)) | A0AF(6변신1:껍데기(수치0·j미참조)), + UI/시각/스톡 3,,,,,,35(effects있음 34·빈 1),"A0TH(B우솝갓 AHad {""Had1"": -22.0}) | A0PH(B우솝의 허풍1 AHad {""Had1"": -8.0}) | A0HK(!저격왕-우솝초 ACbh {""Hbh2"": 3.5}) | A0G4(!화염성 ACbh {""Hbh1"": 100.0})",,,,,,보통,
h04Z,쵸파 밀짚모자 해적단 의사 - 초월함,,초월함,초월_황준석_ADAP,1채널,있음,4,"A0SB(A덩쿨 뿌리1 AOae {""Oae1"": -0.12}) | A0ZV(!브레스-카이도 ACbh {""Hbh3"": 1.0, ""Hbh1"": 30.0, ""Hbh2"": 1.0}) | A13H(!초월위습-랜덤 조합유닛선택권 AHtb {""Htb1"": 1.0})",A0ZI(6변신1:껍데기(수치0·j미참조)) | A0Z9(!괴풍:껍데기(수치0·j미참조)) | A0SM(!용용열매-열식:껍데기(수치0·j미참조)), + UI/시각/스톡 1,,,,ranyou←시전 A13H[피해호출0·더미3],,35(effects있음 34·빈 1),"A0SB(A덩쿨 뿌리1 AOae {""Oae1"": -0.12}) | A0ZV(!브레스-카이도 ACbh {""Hbh3"": 1.0, ""Hbh1"": 30.0, ""Hbh2"": 1.0})",,"A13H(!초월위습-랜덤 조합유닛선택권 AHtb {""Htb1"": 1.0}) | ranyou←시전 A13H[피해호출0·더미3]",,,,보통,
h050,"시라호시 ""포세이돈"" 해왕류를 다스리는 인어공주 - 초월함",,초월함,초월_황준석_ADAP,1채널,있음,1,"A0HN(!인어공주 ACbh {""Hbh3"": 250000.0, ""Hbh1"": 17.0, ""Hbh2"": 3.0})",A0HH(!해왕류 다이브-패시브:껍데기(수치0·j미참조)) | A0HI(!해왕류 대습격-시라호시패시브:껍데기(수치0·j미참조)) | A0EQ(!해류조정-시라호시:꼬리표(j참조)), + UI/시각/스톡 3,,,,,,35(effects있음 34·빈 1),"A0HN(!인어공주 ACbh {""Hbh3"": 250000.0, ""Hbh1"": 17.0, ""Hbh2"": 3.0})",,,,,,보통,
h051,아카이누 신 해군원수  - 초월함,,초월함,,,꼬리표·툴팁만,0,,A0YQ(!철저한 정의:껍데기(수치0·j미참조)) | A0HG(!유성화산-아카초:꼬리표(j참조)) | A0HB(!명구:껍데기(수치0·j미참조)) | A0E8(!지천을 녹이는열기-아카초:껍데기(수치0·j미참조)) | A06S(!용암용암열매:껍데기(수치0·j미참조)), + UI/시각/스톡 3,,,,,,,,,,,,,낮음,툴팁 능력 5개가 있는데 효과 배선을 네 그물로 못 찾음
h052,쵸파 슈퍼 쵸파 탱크 - 초월함,,초월함,,,있음,4,"A0HL(B애교-쵸초 AHad {""Had1"": -50.0}) | A0H8($스피드포인트-초월 AOae {""Oae2"": 0.28}) | A04G(#선의-쵸초 ACac {""Cac1"": 0.5}) | A0G8(#의료품-쵸초 ACac {""Cac1"": 0.3})",A0HM(!쵸파 탱크:껍데기(수치0·j미참조)), + UI/시각/스톡 2,,,,,,,,,"A0HL(B애교-쵸초 AHad {""Had1"": -50.0}) | A0H8($스피드포인트-초월 AOae {""Oae2"": 0.28}) | A04G(#선의-쵸초 ACac {""Cac1"": 0.5}) | A0G8(#의료품-쵸초 ACac {""Cac1"": 0.3})",,,,보통,
h053,프랑키 무적의 아이언 파이러츠 - 초월함,,초월함,,,있음,2,"A0AD(!베가펑크의 지식 AIba {""Hab1"": 5.0})",A0G7(!조선공:꼬리표(j참조)) | A0G6(!프랑키 라디칼 빔:껍데기(수치0·j미참조)) | A0AC(!솔져도크 시스템:껍데기(수치0·j미참조)) | A069(!꾸드방-프랑초:꼬리표(j참조)), + UI/시각/스톡 2,,,,Franky_Sunny_Make←시전 A0G7[피해호출0·더미1],,,,,"A0AD(!베가펑크의 지식 AIba {""Hab1"": 5.0}) | Franky_Sunny_Make←시전 A0G7[피해호출0·더미1]",,,,보통,
h05M,후지토라 해군 대장 '성난 보라호랑이' - 초월함,,초월함,,,있음,1,"A0FW(A중력중력열매 AOae {""Oae1"": -0.55})",A0GR(!중력장:꼬리표(j참조)) | A0GV(!씽크홀:껍데기(수치0·j미참조)) | A0FY(!중력검:껍데기(수치0·j미참조)) | A0E7(!중압:껍데기(수치0·j미참조)), + UI/시각/스톡 2,,,,,,,,,"A0FW(A중력중력열매 AOae {""Oae1"": -0.55})","A0FW(A중력중력열매 AOae {""Oae1"": -0.55})→초월_이태훈_AP",,,보통,
h07G,삼천세계공격더미 검호의 제자 - 초월함,,초월함,,,있음,2,"A090(5절대쿨 조로 AUfa {""Ufa1"": 8.5})",, + UI/시각/스톡 2,,Zoro_Skill_11,Zoro_Skill_11[피해호출0·더미4·평타등록],,Zoro_Samchun2[피해2],,,,"A090(5절대쿨 조로 AUfa {""Ufa1"": 8.5}) | Zoro_Skill_11[피해호출0·더미4·평타등록]",,,,낮음,평타 등록 밖에서 이 uid를 언급하는 피해 트리거: Zoro_Samchun2
h08G,롤로노아 조로 수라의 검사 - 초월함,,초월함,,,있음,8,"A170(8업글아이템-슈스이 AHad {""Had1"": -5.0}) | A169(8업글아이템-표식새김2 AHad {""Had1"": -5.0}) | A167(8업글-아이템효과 오라1 AOae {""Oae1"": -0.12}) | A15V(8업글 AOae {""Oae1"": -0.05}) | A11X(8업글 도움소 체젠 AUau {""Uau2"": 0.45}) | A0OL(8업글1 ACac {""Cac1"": 0.12}) | A0LL(8업글 AOae {""Oae1"": -0.1}) | A0LK(8업글 AIba {""Hab1"": 0.8})",, + UI/시각/스톡 1,,,,,,,,,"A170(8업글아이템-슈스이 AHad {""Had1"": -5.0}) | A169(8업글아이템-표식새김2 AHad {""Had1"": -5.0}) | A167(8업글-아이템효과 오라1 AOae {""Oae1"": -0.12}) | A15V(8업글 AOae {""Oae1"": -0.05}) | A11X(8업글 도움소 체젠 AUau {""Uau2"": 0.45}) | A0OL(8업글1 ACac {""Cac1"": 0.12}) | A0LL(8업글 AOae {""Oae1"": -0.1}) | A0LK(8업글 AIba {""Hab1"": 0.8})",,,,보통,
h08L,스트로맨 미니 저주인형 - 초월함,,초월함,,,있음,1,"A0WI(B저주 중첩 AHad {""Had1"": -7.0})",, + UI/시각/스톡 2,,,,,,,,,"A0WI(B저주 중첩 AHad {""Had1"": -7.0})","A0WI(B저주 중첩 AHad {""Had1"": -7.0})→미연결 에셋 SkillData_원작009_H094",,,보통,
h08S,프랑키 추적 미사일 - 초월함,,초월함,,,있음,1,"A0WY(/프랑키미사일 AIfb {""Idam"": 112500.0, ""Iob5"": 1})",, + UI/시각/스톡 2,,,,,,,,,"A0WY(/프랑키미사일 AIfb {""Idam"": 112500.0, ""Iob5"": 1})",,,,보통,
h09J,폭주한 빅 맘 사황 '강철 풍선' - 초월함,,초월함,초월_황준석_ADAP,1채널,있음,3,"A0QE(상초강 공속 AIsx {""Isx1"": 0.5}) | A0DT(A흉포한 광기 AOae {""Oae1"": -0.7}) | A0IT(!강철 풍선 ACbh {""Hbh1"": 20.0})",A060(!프로메테우스:껍데기(수치0·j미참조)) | A0DU(6변신:껍데기(수치0·j미참조)), + UI/시각/스톡 2,,,,,,35(effects있음 34·빈 1),"A0QE(상초강 공속 AIsx {""Isx1"": 0.5}) | A0DT(A흉포한 광기 AOae {""Oae1"": -0.7}) | A0IT(!강철 풍선 ACbh {""Hbh1"": 20.0})",,,,,,보통,
h0AG,키드 유스타스'캡틴' - 초월함,,초월함,초월_황준석_ADAP,1채널,있음,4,"A10D(A자석자석 열매 AOae {""Oae1"": -0.33}) | A103(!펑크 바이스 ACbh {""Hbh1"": 20.0}) | A102(/자석자석열매-키드초월 AIfb {""Idam"": 50000.0, ""Iob5"": 1}) | A101(!자석 팔 ACbh {""Hbh3"": 360000.0, ""Hbh1"": 35.0})",A10F(!펑크 깁슨:꼬리표(j참조)) | A10E(!리펠1:꼬리표(j참조)), + UI/시각/스톡 3,,,,,,35(effects있음 34·빈 1),"A10D(A자석자석 열매 AOae {""Oae1"": -0.33}) | A103(!펑크 바이스 ACbh {""Hbh1"": 20.0}) | A102(/자석자석열매-키드초월 AIfb {""Idam"": 50000.0, ""Iob5"": 1}) | A101(!자석 팔 ACbh {""Hbh3"": 360000.0, ""Hbh1"": 35.0})",,,,,,보통,
h0AJ,제우스 탈취한 번개 - 초월함,,초월함,,,없음,0,,, + UI/시각/스톡 2,,,,,,,,,,,,,보통,
h040,아인 네오 해군 장교 - 제한됨,,제한됨,제한_이충민,게이트/회수,있음,3,"A0RQ(!폭발탄 사격 ACbh {""Hbh1"": 25.0})",A0RI(!체-아인:껍데기(수치0·j미참조)) | A0RJ(!뒤로뒤로열매:껍데기(수치0·j미참조)), + UI/시각/스톡 2,,AinAttack,Ain_Skill_1[피해호출5·더미5] | Ain_Skill_2[피해호출7·더미4],,,4(effects있음 4·빈 0),"A0RQ(!폭발탄 사격 ACbh {""Hbh1"": 25.0}) | Ain_Skill_1[피해호출5·더미5] | Ain_Skill_2[피해호출7·더미4]",,,,4/4,,보통,
h05E,에넬 G.O.D - 제한됨,,제한됨,제한_전법규,게이트/회수,있음,5,"A0DB(!쿠릉쿠릉열매 Aroc {""Efk3"": 1, ""Efk2"": 10000000.0}) | A0U4(!전류방출-에넬제한 AIba {""Hab1"": 1.5}) | A05M(!뇌영 ACbh {""Hbh3"": 500000.0, ""Hbh1"": 50.0})",, + UI/시각/스톡 2,,EnelAttack,Enel_Mana[피해호출1·더미6] | Enel_skill_2[피해호출1·더미2],,,6(effects있음 6·빈 0),"A05M(!뇌영 ACbh {""Hbh3"": 500000.0, ""Hbh1"": 50.0}) | Enel_Mana[피해호출1·더미6] | Enel_skill_2[피해호출1·더미2]",,"A0DB(!쿠릉쿠릉열매 Aroc {""Efk3"": 1, ""Efk2"": 10000000.0}) | A0U4(!전류방출-에넬제한 AIba {""Hab1"": 1.5})",,2/2,,보통,
h05F,크로커다일 사막의 악어 - 제한됨,,제한됨,제한_김강민,게이트/회수,있음,4,"A0CJ(B!수분흡수1 AHad {""Had1"": -25.0}) | A0CG(!모래모래 열매 AOae {""Oae1"": -0.4})",A0EE(!사막의 대검:껍데기(수치0·j미참조)) | A0CK(!금강보도:껍데기(수치0·j미참조)), + UI/시각/스톡 2,,croTrans,croTrans[피해호출2·더미2·평타등록] | cro_skill_2[피해호출1·더미2],,,5(effects있음 5·빈 0),"A0CJ(B!수분흡수1 AHad {""Had1"": -25.0}) | A0CG(!모래모래 열매 AOae {""Oae1"": -0.4}) | croTrans[피해호출2·더미2·평타등록] | cro_skill_2[피해호출1·더미2]",,,,3/3,,보통,
h05G,패트릭 레드필드 붉은백작 - 제한됨,,제한됨,제한_강보명,게이트/회수,있음,5,"A0GM(!끓어오르는피 ACbh {""Hbh3"": 252500.0, ""Hbh1"": 20.0}) | A0GK(!단신 최강 ACbh {""Hbh3"": 850000.0, ""Hbh1"": 100.0}) | A0AS(!패트릭 공속증가 아이템1 AIsx {""Isx1"": 0.45})",A0G5(!휩쓸기-패트릭:껍데기(수치0·j미참조)), + UI/시각/스톡 2,,RedAttack,RedAttack[피해호출2·더미4·평타등록] | Red_skill_1[피해호출2·더미2],,,6(effects있음 6·빈 0),"A0GM(!끓어오르는피 ACbh {""Hbh3"": 252500.0, ""Hbh1"": 20.0}) | A0GK(!단신 최강 ACbh {""Hbh3"": 850000.0, ""Hbh1"": 100.0}) | A0AS(!패트릭 공속증가 아이템1 AIsx {""Isx1"": 0.45}) | RedAttack[피해호출2·더미4·평타등록] | Red_skill_1[피해호출2·더미2]",,,,2/2,,보통,
h05I,레베카 콜로세움 전설의  후예 - 제한됨,,제한됨,제한_최영민,게이트/회수,있음,5,"A0QV(!배수의 검무 ACbh {""Hbh1"": 17.0, ""Hbh2"": 3.0}) | A0IV(!트루에노 바스타드 ACbh {""Hbh1"": 33.0}) | A0H4(B급소분석 AHad {""Had1"": -38.0})",A0QW(!전설의 후예:꼬리표(j참조)), + UI/시각/스톡 2,,RebecaAttack,Rebeca_Skill_1[피해호출2·더미3] | Rebeca_Skill_3[피해호출1·더미4],,,15(effects있음 15·빈 0),"A0QV(!배수의 검무 ACbh {""Hbh1"": 17.0, ""Hbh2"": 3.0}) | A0IV(!트루에노 바스타드 ACbh {""Hbh1"": 33.0}) | A0H4(B급소분석 AHad {""Had1"": -38.0}) | Rebeca_Skill_1[피해호출2·더미3] | Rebeca_Skill_3[피해호출1·더미4]",,,,0/6,,낮음,이름으론 반영인데 원작 피해상수 6개 중 우리 값 일치 0
h07I,샬롯 카타쿠리 장성 밀가루 대신 - 제한됨,,제한됨,제한_김민규,게이트/회수,있음,7,"A0VS(라이프 리제너레이션 오라1 ACnr {""Oar1"": 1.43}) | A0VR(B3장성 카타쿠리 AHad {""Had1"": -30.0}) | A0QQ(!견문색의 패기-카타쿠리 ACbh {""Hbh1"": 100.0, ""Hbh2"": 6.25}) | A0QO(!떡떡열매 ACbh {""Hbh3"": 150000.0, ""Hbh1"": 20.0})",A0QS(7범위 무쌍도넛:껍데기(수치0·j미참조)), + UI/시각/스톡 1,,katakuriAttack,Kata_03[피해호출1·더미2] | katakuriAttack[피해호출0·더미1·평타등록] | katakuri_Skill_2[피해호출1·더미4],,,9(effects있음 9·빈 0),"A0VR(B3장성 카타쿠리 AHad {""Had1"": -30.0}) | A0QQ(!견문색의 패기-카타쿠리 ACbh {""Hbh1"": 100.0, ""Hbh2"": 6.25}) | A0QO(!떡떡열매 ACbh {""Hbh3"": 150000.0, ""Hbh1"": 20.0}) | Kata_03[피해호출1·더미2] | katakuriAttack[피해호출0·더미1·평타등록] | katakuri_Skill_2[피해호출1·더미4]",,"A0VS(라이프 리제너레이션 오라1 ACnr {""Oar1"": 1.43})",,2/2,,보통,
h084,시노부 뇌쇄 쿠노이치 - 제한됨,,제한됨,제한_이유범,게이트/회수,있음,7,"A0UA(!인술 분신 Aroc {""Efk3"": 1, ""Efk2"": 10000000.0}) | A0UJ(A암행 AOae {""Oae1"": -0.36})",A0U9(!닌술-수리검:껍데기(수치0·j미참조)), + UI/시각/스톡 4,,Sinobu_Attack,Sinobu_Attack[피해호출3·더미2·평타등록] | Sinobu_Skill_3[피해호출0·더미1] | Sinobu_Skill_4[피해호출1·더미3] | Sinobu_Skill_5_mirror[피해호출3·더미0·소환체 h086 평타] | Sinobu_Skill_hp2[피해호출3·더미6],,,4(effects있음 4·빈 0),"A0UJ(A암행 AOae {""Oae1"": -0.36}) | Sinobu_Attack[피해호출3·더미2·평타등록] | Sinobu_Skill_4[피해호출1·더미3] | Sinobu_Skill_hp2[피해호출3·더미6]",,"A0UA(!인술 분신 Aroc {""Efk3"": 1, ""Efk2"": 10000000.0}) | Sinobu_Skill_3[피해호출0·더미1] | Sinobu_Skill_5_mirror[피해호출3·더미0·소환체 h086 평타]",,3/4,,보통,
h08O,마르코 흰수염 유산의 수호자 - 제한됨,,제한됨,제한_박성호,게이트/회수,있음,5,"A15N(!봉황인 ACbh {""Hbh3"": 150000.0, ""Hbh2"": 3.25}) | A173(A풍압 AOae {""Oae1"": -0.35}) | A174(7범위 봉리력 AUau {""Uau2"": 3.0})",A175(!불사조불사조열매1:껍데기(수치0·j미참조)) | A172(6변신:껍데기(수치0·j미참조)), + UI/시각/스톡 1,,Marco_Attack,Marco_S1[피해호출2·더미1] | Marco_S2[피해호출3·더미2],,,4(effects있음 4·빈 0),"A15N(!봉황인 ACbh {""Hbh3"": 150000.0, ""Hbh2"": 3.25}) | A173(A풍압 AOae {""Oae1"": -0.35}) | Marco_S1[피해호출2·더미1] | Marco_S2[피해호출3·더미2]",,"A174(7범위 봉리력 AUau {""Uau2"": 3.0})",,3/3,,보통,
h08Q,아라마키 해군대장-초록 - 제한됨,,제한됨,제한_최영민,1채널,있음,2,"A0SB(A덩쿨 뿌리1 AOae {""Oae1"": -0.12}) | A0GD(!숲숲 열매 ACbh {""Hbh1"": 20.0})",A14L(6변신1:껍데기(수치0·j미참조)) | A042(!나무 덩쿨 촉수:껍데기(수치0·j미참조)), + UI/시각/스톡 2,,,,,,15(effects있음 15·빈 0),"A0SB(A덩쿨 뿌리1 AOae {""Oae1"": -0.12}) | A0GD(!숲숲 열매 ACbh {""Hbh1"": 20.0})",,,,,,보통,
h09Q,불사조 흰수염 유산의 수호자 - 제한됨,,제한됨,제한_최영민,1채널,있음,6,"A179(!!마르코 제한됨 공속증가 AIsx {""Isx1"": 2.25}) | A17K(!불사조의 불꽃 ACbh {""Hbh3"": 150000.0, ""Hbh2"": 4.25}) | A173(A풍압 AOae {""Oae1"": -0.35}) | A174(7범위 봉리력 AUau {""Uau2"": 3.0})",A175(!불사조불사조열매1:껍데기(수치0·j미참조)) | A172(6변신:껍데기(수치0·j미참조)), + UI/시각/스톡 1,,Marco_AttackBird,Marco_AttackBird[피해호출0·더미1·평타등록] | Marco_Feather2[피해호출2·더미2],,,15(effects있음 15·빈 0),"A17K(!불사조의 불꽃 ACbh {""Hbh3"": 150000.0, ""Hbh2"": 4.25}) | A173(A풍압 AOae {""Oae1"": -0.35})",,"A179(!!마르코 제한됨 공속증가 AIsx {""Isx1"": 2.25}) | A174(7범위 봉리력 AUau {""Uau2"": 3.0}) | Marco_AttackBird[피해호출0·더미1·평타등록] | Marco_Feather2[피해호출2·더미2]",,0/2,,낮음,이름으론 반영인데 원작 피해상수 2개 중 우리 값 일치 0
h0AI,킹 삼재해:화재 - 제한됨,,제한됨,제한_임준성,게이트/회수,있음,6,"A10K(!처형 ACbh {""Hbh1"": 20.0}) | A10I(#킹 잔혹한 검술 ACac {""Cac1"": 0.2})",A10P(!화재-리:수치미수정(스톡기본값?)) | A10N(!용용열매-프테라노돈:껍데기(수치0·j미참조)), + UI/시각/스톡 1,,King_Attack,King_Attack[피해호출0·더미1·평타등록] | King_skill_1sc[피해호출0·더미3] | King_skill_2[피해호출1·더미3] | King_skill_2_tr[피해호출3·더미4],,,3(effects있음 3·빈 0),"A10K(!처형 ACbh {""Hbh1"": 20.0}) | King_Attack[피해호출0·더미1·평타등록] | King_skill_1sc[피해호출0·더미3] | King_skill_2[피해호출1·더미3] | King_skill_2_tr[피해호출3·더미4]",,"A10I(#킹 잔혹한 검술 ACac {""Cac1"": 0.2})",,4/4,,보통,
h054,mm 랜덤전용,,랜덤전용,,,있음,1,"A05I(!수술수술열매- 룸 AIcs {""Ocr1"": 25.0, ""Ocr2"": 3.35})",A0J9(!수술수술열매 '분해':껍데기(수치0·j미참조)) | A0I3(!샴블즈:꼬리표(j참조)) | A04Z(!요도 - 키쿄쿠1:수치미수정(스톡기본값?)), + UI/시각/스톡 4,,,,,,,,,"A05I(!수술수술열매- 룸 AIcs {""Ocr1"": 25.0, ""Ocr2"": 3.35})",,,,보통,
h065,메구밍 - 랜덤전용,,랜덤전용,,,있음,2,"A0LB(N폭렬마법1 ANcl {""Ncl4"": 0.2, ""Ncl1"": 2.5, ""Ncl3"": 3, ""Ncl2"": 2})",, + UI/시각/스톡 2,,,,EXPLOSION←시전 A0LB[피해호출2·더미9],,,,,"A0LB(N폭렬마법1 ANcl {""Ncl4"": 0.2, ""Ncl1"": 2.5, ""Ncl3"": 3, ""Ncl2"": 2}) | EXPLOSION←시전 A0LB[피해호출2·더미9]",,,,보통,
h06T,뱀파이어 - 랜덤전용,,랜덤전용,랜덤_카마도_탄지로,2채널,있음,1,,A0KR(!뱀파이어-랜유:껍데기(수치0·j미참조)), + UI/시각/스톡 2,,vampire,vampire[피해호출2·더미4·평타등록],,,9(effects있음 8·빈 1),vampire[피해호출2·더미4·평타등록],,,,1/2,,보통,
h06U,k' - 랜덤전용,,랜덤전용,랜덤_호시노_아이,1채널,있음,2,"A0KT(!체인드라이브 ACbh {""Hbh3"": 500000.0, ""Hbh1"": 18.0, ""Hbh2"": 9.25})",, + UI/시각/스톡 3,,k1,k1[피해호출2·더미5·평타등록],,,9(effects있음 9·빈 0),"A0KT(!체인드라이브 ACbh {""Hbh3"": 500000.0, ""Hbh1"": 18.0, ""Hbh2"": 9.25}) | k1[피해호출2·더미5·평타등록]",,,,2/2,,보통,
h06V,나루토 선인모드 - 랜덤전용,,랜덤전용,랜덤_이즈미_신이치,2채널,있음,1,,A0L1(!대옥나선환:꼬리표(j참조)) | A0KO(!풍둔 나선 수리검:껍데기(수치0·j미참조)), + UI/시각/스톡 2,,Naruto1,Naruto1[피해호출0·더미2·평타등록],,,8(effects있음 8·빈 0),Naruto1[피해호출0·더미2·평타등록],,,,,,보통,
h06W,요츠바! - 랜덤전용,,랜덤전용,,,있음,1,"A0KI(!동심 AIba {""Hab1"": 2.5})",, + UI/시각/스톡 2,,,,,,,,,"A0KI(!동심 AIba {""Hab1"": 2.5})",,,,보통,
h06X,센토 이스즈 - 랜덤전용,,랜덤전용,랜덤_한마_바키,1채널,있음,3,"A0H6(!슈타인베르거 ACbh {""Hbh1"": 4.25, ""Hbh2"": 10.0}) | A0LC(C저격1 AHtb {""Htb1"": 90000000.0})",, + UI/시각/스톡 2,,isz,isz[피해호출1·더미2·평타등록],,,5(effects있음 5·빈 0),"A0H6(!슈타인베르거 ACbh {""Hbh1"": 4.25, ""Hbh2"": 10.0}) | isz[피해호출1·더미2·평타등록]",,"A0LC(C저격1 AHtb {""Htb1"": 90000000.0})",,1/1,,보통,
h06Y,신의손 - 카미조 토우마 랜덤전용,,랜덤전용,랜덤_야사카_카나코,1채널,있음,2,"A0GL(!신의 손 ACbh {""Hbh1"": 100.0, ""Hbh2"": 3.0}) | A11K(7판단력 ANht {""Roa1"": 0.8, ""Roa4"": 0.3, ""Roa3"": 0.3})",, + UI/시각/스톡 2,,,,,,1(effects있음 1·빈 0),"A0GL(!신의 손 ACbh {""Hbh1"": 100.0, ""Hbh2"": 3.0})",,"A11K(7판단력 ANht {""Roa1"": 0.8, ""Roa4"": 0.3, ""Roa3"": 0.3})",,,,보통,
h06Z,전투펭귄- 엘리자베스 랜덤전용,,랜덤전용,랜덤_가사이_유노,1채널,있음,1,"A0KW(!액션펭귄 ACbh {""Hbh1"": 14.0, ""Hbh2"": 14.9})",, + UI/시각/스톡 2,,,,,,1(effects있음 1·빈 0),"A0KW(!액션펭귄 ACbh {""Hbh1"": 14.0, ""Hbh2"": 14.9})",,,,,,보통,
h070,이사야마 요미 - 랜덤전용,,랜덤전용,랜덤_주호페이크,1채널,있음,3,"A0KU(!영능력 ACbh {""Hbh2"": 2.5, ""Hbh1"": 14.0}) | A0L6(B살생석 AHad {""Had1"": -45.0})",, + UI/시각/스톡 2,,yomi2,yomi2[피해호출1·더미2·평타등록],,,3(effects있음 3·빈 0),"A0KU(!영능력 ACbh {""Hbh2"": 2.5, ""Hbh1"": 14.0}) | A0L6(B살생석 AHad {""Had1"": -45.0})",,yomi2[피해호출1·더미2·평타등록],,0/1,,낮음,이름으론 반영인데 원작 피해상수 1개 중 우리 값 일치 0
h071,쿠로사키 이치고 - 랜덤전용,,랜덤전용,랜덤_모몬가,2채널,있음,2,,A0KN(!월아천충:껍데기(수치0·j미참조)), + UI/시각/스톡 2,,ichigo1,ichigo1[피해호출3·더미1·평타등록] | ichigo2[피해호출0·더미1],,,4(effects있음 3·빈 1),ichigo1[피해호출3·더미1·평타등록] | ichigo2[피해호출0·더미1],,,,2/2,,보통,
h072,하네카와 츠바사 - 랜덤전용,,랜덤전용,랜덤_이타도리_유지,2채널,있음,2,"A0L8($귀여움-랜유 AOae {""Oae2"": 0.2})",A0KQ(!고양이발톱:껍데기(수치0·j미참조)), + UI/시각/스톡 2,,cat1,cat1[피해호출0·더미2·평타등록],,,8(effects있음 7·빈 1),"A0L8($귀여움-랜유 AOae {""Oae2"": 0.2}) | cat1[피해호출0·더미2·평타등록]",,,,,,보통,
h073,야가미 라이토 - 랜덤전용,,랜덤전용,랜덤_이민형,2채널,있음,1,,A0KP(!데스노트:껍데기(수치0·j미참조)), + UI/시각/스톡 2,,Light1,Light1[피해호출3·더미1·평타등록],,,7(effects있음 7·빈 0),Light1[피해호출3·더미1·평타등록],,,,0/1,,낮음,이름으론 반영인데 원작 피해상수 1개 중 우리 값 일치 0
h08I,쿠치키 뱌쿠야 - 랜덤전용[제한됨],,랜덤전용[제한됨],랜덤_한마_바키,게이트/회수,있음,8,"A0XM(!섬경 천본앵경엄 ACbh {""Hbh1"": 20.0}) | A116(A천본앵 AOae {""Oae1"": -0.35}) | A0WA(!천본앵경엄 ACbh {""Hbh1"": 20.0})",A11M(!종경백제검:껍데기(수치0·j미참조)), + UI/시각/스톡 1,,byakuya_Attack,Byakuya_E[피해호출1·더미2] | Byakuya_R[피해호출1·더미1] | byakuya_Attack[피해호출0·더미1·평타등록] | byakuya_Chan[피해호출2·더미4] | byakuya_Q[피해호출1·더미2],,,5(effects있음 5·빈 0),"A116(A천본앵 AOae {""Oae1"": -0.35}) | Byakuya_E[피해호출1·더미2] | Byakuya_R[피해호출1·더미1] | byakuya_Attack[피해호출0·더미1·평타등록] | byakuya_Chan[피해호출2·더미4] | byakuya_Q[피해호출1·더미2]",,"A0XM(!섬경 천본앵경엄 ACbh {""Hbh1"": 20.0}) | A0WA(!천본앵경엄 ACbh {""Hbh1"": 20.0})",,5/5,,보통,
h08J,하쿠레이 레이무랜덤전용,,랜덤전용,,,있음,1,"A0L6(B살생석 AHad {""Had1"": -45.0})",A0L5(!초월위습-꾸러미상자:꼬리표(j참조)), + UI/시각/스톡 2,,,,,,,,,"A0L6(B살생석 AHad {""Had1"": -45.0})","A0L6(B살생석 AHad {""Had1"": -45.0})→랜덤_주호페이크",,,보통,
h08K,우치하 이타치 랜덤전용,,랜덤전용,,,꼬리표·툴팁만,0,,A06U(!아마테라스:껍데기(수치0·j미참조)), + UI/시각/스톡 2,,,,,,,,,,,,,낮음,툴팁 능력 1개가 있는데 효과 배선을 네 그물로 못 찾음
h08M,아쳐-영령 에미야랜덤전용,,랜덤전용,,,있음,1,"A0L6(B살생석 AHad {""Had1"": -45.0})",A0L5(!초월위습-꾸러미상자:꼬리표(j참조)), + UI/시각/스톡 2,,,,,,,,,"A0L6(B살생석 AHad {""Had1"": -45.0})","A0L6(B살생석 AHad {""Had1"": -45.0})→랜덤_주호페이크",,,보통,
h09K,옌 - 랜덤전용,,랜덤전용,랜덤_모몬가,게이트/회수,있음,1,,A0YB(!이기어검:꼬리표(j참조)), + UI/시각/스톡 2,,En_Attack,En_nomal[피해호출1·더미9],,,4(effects있음 3·빈 1),En_nomal[피해호출1·더미9],,,,1/1,,보통,
h09L,이치의 율자 - 랜덤전용,,랜덤전용,랜덤_주호페이크,게이트/회수,있음,2,"A0XB(!무기화 빌드 ACbh {""Hbh1"": 20.0})",, + UI/시각/스톡 2,,Bronya_Attack,Bronya_Skill_1[피해호출2·더미2],,,3(effects있음 3·빈 0),"A0XB(!무기화 빌드 ACbh {""Hbh1"": 20.0}) | Bronya_Skill_1[피해호출2·더미2]",,,,2/2,,보통,
h09M,후카-운묵단심 - 랜덤전용[제한됨],,랜덤전용[제한됨],,,있음,4,"A0ZW(7범위 파마의화살 AUau {""Uau2"": 1.5}) | A0XN(!선법 ACbh {""Hbh1"": 25.0}) | A0XK(!수호무녀 AIba {""Hab1"": 1.5}) | A0XJ(!붕권 ACbh {""Hbh1"": 20.0})",, + UI/시각/스톡 1,,,,,,,,,"A0ZW(7범위 파마의화살 AUau {""Uau2"": 1.5}) | A0XN(!선법 ACbh {""Hbh1"": 25.0}) | A0XK(!수호무녀 AIba {""Hab1"": 1.5}) | A0XJ(!붕권 ACbh {""Hbh1"": 20.0})",,,,보통,
h09N,부릉냐 - 랜덤전용[제한됨],,랜덤전용[제한됨],랜덤_호시노_아이,게이트/회수,있음,6,"A13I(!!!!!랜덤제한됨 공속증가 AIsx {""Isx1"": 0.25}) | A0XC($사이버 엔젤 AOae {""Oae2"": 0.25}) | A0XA(!무기화 빌드 ACbh {""Hbh1"": 20.0})",A0XE(!이성의 창조물:껍데기(수치0·j미참조)) | A0XD(!데이터 질주:껍데기(수치0·j미참조)), + UI/시각/스톡 1,,BronyaMotar_Attack,BronyaMotar_E[피해호출2·더미1] | BronyaMotar_R[피해호출3·더미3] | BronyaMotar_laser[피해호출5·더미3],,,9(effects있음 9·빈 0),"A13I(!!!!!랜덤제한됨 공속증가 AIsx {""Isx1"": 0.25}) | A0XC($사이버 엔젤 AOae {""Oae2"": 0.25}) | BronyaMotar_E[피해호출2·더미1] | BronyaMotar_R[피해호출3·더미3] | BronyaMotar_laser[피해호출5·더미3]",,"A0XA(!무기화 빌드 ACbh {""Hbh1"": 20.0})",,6/6,,보통,
h09R,쿠죠 죠타로 - 랜덤전용[제한됨],,랜덤전용[제한됨],,,있음,8,"A13I(!!!!!랜덤제한됨 공속증가 AIsx {""Isx1"": 0.25}) | A0Y5(#황금의 정신 ACac {""Cac1"": 0.2}) | A0Y4(B마왕 AHad {""Had1"": -45.0}) | A0XF(!스탠드-스타플라티나 ACbh {""Hbh1"": 25.0})",A0XL(!스탠드-러쉬:껍데기(수치0·j미참조)) | A0XG(!스탠드-스타플라티나 더월드:껍데기(수치0·j미참조)), + UI/시각/스톡 1,,Jotaro_Attack,Jotaro_D2[피해호출2·더미4] | Jotaro_E[피해호출2·더미5] | Jotaro_R[피해호출2·더미4] | Jotaro_W[피해호출2·더미3],,,,,,"A13I(!!!!!랜덤제한됨 공속증가 AIsx {""Isx1"": 0.25}) | A0Y5(#황금의 정신 ACac {""Cac1"": 0.2}) | A0Y4(B마왕 AHad {""Had1"": -45.0}) | A0XF(!스탠드-스타플라티나 ACbh {""Hbh1"": 25.0}) | Jotaro_D2[피해호출2·더미4] | Jotaro_E[피해호출2·더미5] | Jotaro_R[피해호출2·더미4] | Jotaro_W[피해호출2·더미3]","A13I(!!!!!랜덤제한됨 공속증가 AIsx {""Isx1"": 0.25})→랜덤_미도리야_이즈쿠/랜덤_손오공/랜덤_이민형/랜덤_이즈미_신이치/랜덤_이타도리_유지/랜덤_카마도_탄지로/랜덤_호시노_아이",,,보통,
h09W,나미카제 미나토 - 랜덤전용[제한됨],,랜덤전용[제한됨],랜덤_이타도리_유지,게이트/회수,있음,8,"A13K(!!!미나토 AIsx {""Isx1"": 0.12}) | A13I(!!!!!랜덤제한됨 공속증가 AIsx {""Isx1"": 0.25}) | A0XQ(!비뢰신 이의 단 ACbh {""Hbh3"": 2200.0, ""Hbh2"": 2.0}) | A0XW(!섬광연무 ACbh {""Hbh1"": 20.0}) | A0XV(!나선섬광 ACbh {""Hbh1"": 20.0})",, + UI/시각/스톡 2,A0XX(나선섬광 초륜무후 삼식 칼소리:꼬리표(j참조)),Minato_Attack,Minato_E[피해호출2·더미2] | Minato_Mana[피해호출1·더미3] | Minato_Q2[피해호출1·더미2],,,8(effects있음 7·빈 1),"A13K(!!!미나토 AIsx {""Isx1"": 0.12}) | A13I(!!!!!랜덤제한됨 공속증가 AIsx {""Isx1"": 0.25}) | Minato_E[피해호출2·더미2] | Minato_Mana[피해호출1·더미3] | Minato_Q2[피해호출1·더미2]",,"A0XQ(!비뢰신 이의 단 ACbh {""Hbh3"": 2200.0, ""Hbh2"": 2.0}) | A0XW(!섬광연무 ACbh {""Hbh1"": 20.0}) | A0XV(!나선섬광 ACbh {""Hbh1"": 20.0})",,2/2,,보통,
h0A2,료우기 시키 - 랜덤전용[제한됨],,랜덤전용[제한됨],랜덤_카마도_탄지로,게이트/회수,있음,10,"A13I(!!!!!랜덤제한됨 공속증가 AIsx {""Isx1"": 0.25}) | A0YI(B직사의 마안 AHad {""Had1"": -44.0}) | A0YG(!료우기 무명의 달 ACbh {""Hbh1"": 20.0}) | A0YH(!료우기 유식-직사의 마안 ACbh {""Hbh1"": 20.0})",A0YJ(!은폐나이프-료우기:껍데기(수치0·j미참조)), + UI/시각/스톡 1,,Ryougi_Attack,Ryougi_Attack[피해호출0·더미2·평타등록] | Ryougi_Shiki_2[피해호출5·더미3] | Ryougi_Shiki_R2[피해호출4·더미3] | Ryougi_Skill_3[피해호출4·더미4] | Ryougi_Skill_3_double[피해호출4·더미3] | Ryougi_Skill_3_triple[피해호출4·더미3],,,9(effects있음 8·빈 1),"A13I(!!!!!랜덤제한됨 공속증가 AIsx {""Isx1"": 0.25}) | A0YI(B직사의 마안 AHad {""Had1"": -44.0}) | Ryougi_Shiki_2[피해호출5·더미3] | Ryougi_Shiki_R2[피해호출4·더미3] | Ryougi_Skill_3[피해호출4·더미4] | Ryougi_Skill_3_double[피해호출4·더미3] | Ryougi_Skill_3_triple[피해호출4·더미3]",,"A0YG(!료우기 무명의 달 ACbh {""Hbh1"": 20.0}) | A0YH(!료우기 유식-직사의 마안 ACbh {""Hbh1"": 20.0}) | Ryougi_Attack[피해호출0·더미2·평타등록]",,5/6,,보통,
h0A6,야쿠모 유카리 - 랜덤전용[제한됨],,랜덤전용[제한됨],랜덤_손오공,게이트/회수,있음,8,"A13I(!!!!!랜덤제한됨 공속증가 AIsx {""Isx1"": 0.25}) | A0ZC(!환소 비광충 ACbh {""Hbh1"": 20.0}) | A0ZB(!천국 편도행 ACbh {""Hbh1"": 20.0}) | A0ZA(!훌쩍 떠나는 폐역하차 여행 ACbh {""Hbh1"": 20.0})",, + UI/시각/스톡 2,,Yukari_Attack,Yukari_Attack[피해호출1·더미1·평타등록] | Yukari_D2[피해호출2·더미1] | Yukari_R2[피해호출1·더미1] | Yukari_W[피해호출1·더미3],,,6(effects있음 6·빈 0),"A13I(!!!!!랜덤제한됨 공속증가 AIsx {""Isx1"": 0.25}) | Yukari_Attack[피해호출1·더미1·평타등록] | Yukari_D2[피해호출2·더미1] | Yukari_R2[피해호출1·더미1] | Yukari_W[피해호출1·더미3]",,"A0ZC(!환소 비광충 ACbh {""Hbh1"": 20.0}) | A0ZB(!천국 편도행 ACbh {""Hbh1"": 20.0}) | A0ZA(!훌쩍 떠나는 폐역하차 여행 ACbh {""Hbh1"": 20.0})",,4/4,,보통,
h0AC,마운틴.D.히그마 - 랜덤전용[제한됨],,랜덤전용[제한됨],랜덤_미도리야_이즈쿠,게이트/회수,있음,7,"A13I(!!!!!랜덤제한됨 공속증가 AIsx {""Isx1"": 0.25}) | A0Z8(!권총 던지기 ACbh {""Hbh1"": 20.0}) | A0Z7(A산적왕 AOae {""Oae1"": -0.3}) | A0YZ(!총알세례 ACbh {""Hbh1"": 20.0})",A0Z1(!강탈1:껍데기(수치0·j미참조)), + UI/시각/스톡 1,A0Z2(더미 사운드 히그마w21:꼬리표(j참조)) | A0Z3(더미 사운드 히그마w1:꼬리표(j참조)) | A0Z4(더미 사운드 히그마q:꼬리표(j참조)),Higma_Attack,Higma_Attack[피해호출1·더미2·평타등록] | Higma_Q[피해호출2·더미2] | Higma_W[피해호출1·더미2],,,6(effects있음 6·빈 0),"A13I(!!!!!랜덤제한됨 공속증가 AIsx {""Isx1"": 0.25}) | A0Z7(A산적왕 AOae {""Oae1"": -0.3}) | Higma_Attack[피해호출1·더미2·평타등록] | Higma_Q[피해호출2·더미2] | Higma_W[피해호출1·더미2]",,"A0Z8(!권총 던지기 ACbh {""Hbh1"": 20.0}) | A0YZ(!총알세례 ACbh {""Hbh1"": 20.0})","A0Z8(!권총 던지기 ACbh {""Hbh1"": 20.0})→불멸_정준영 | A0YZ(!총알세례 ACbh {""Hbh1"": 20.0})→불멸_정준영",3/3,,보통,
h0BC,타츠마키 - 랜덤전용[제한됨],,랜덤전용[제한됨],랜덤_이민형,게이트/회수,있음,7,"A13I(!!!!!랜덤제한됨 공속증가 AIsx {""Isx1"": 0.25}) | A13C(타츠마키 이동속도감소 Aasl {""Slo1"": -0.5}) | A12T(협회수당 ANcl {""Ncl4"": 0.95, ""Ncl1"": 0.95, ""Ncl3"": 1})",A12M(!염동-운석낙하:껍데기(수치0·j미참조)) | A12L(!염동 회오리:껍데기(수치0·j미참조)) | A114(!염동력:껍데기(수치0·j미참조)), + UI/시각/스톡 1,,Tatsumaki_Attack,Tatsumaki_Q2_Attack[피해호출0·더미3] | Tatsumaki_R_Attack[피해호출1·더미4] | Tatsumaki_T_Explosion_by_AZ_Attack[피해호출1·더미3],yostuba_tr←시전 A12T[피해호출0·더미5],,7(effects있음 7·빈 0),"A13I(!!!!!랜덤제한됨 공속증가 AIsx {""Isx1"": 0.25}) | A13C(타츠마키 이동속도감소 Aasl {""Slo1"": -0.5}) | Tatsumaki_Q2_Attack[피해호출0·더미3] | Tatsumaki_R_Attack[피해호출1·더미4] | Tatsumaki_T_Explosion_by_AZ_Attack[피해호출1·더미3]",,"A12T(협회수당 ANcl {""Ncl4"": 0.95, ""Ncl1"": 0.95, ""Ncl3"": 1}) | yostuba_tr←시전 A12T[피해호출0·더미5]",,2/2,,보통,
h0BF,키쿄우 - 랜덤전용[제한됨],,랜덤전용[제한됨],랜덤_이즈미_신이치,게이트/회수,있음,8,"A13I(!!!!!랜덤제한됨 공속증가 AIsx {""Isx1"": 0.25}) | A0ZW(7범위 파마의화살 AUau {""Uau2"": 1.5}) | A0XK(!수호무녀 AIba {""Hab1"": 1.5}) | A12Y(!영력 Aroc {""Efk3"": 1, ""Efk2"": 100000000.0})",A12Z(!파마의 궁술:껍데기(수치0·j미참조)), + UI/시각/스톡 1,,kikoyou_Attack,kikoyou_hp[피해호출4·더미2] | kikoyou_mana[피해호출2·더미1] | kikoyou_skill_1[피해호출4·더미2] | kikoyou_skill_2[피해호출1·더미2],,,8(effects있음 8·빈 0),"A13I(!!!!!랜덤제한됨 공속증가 AIsx {""Isx1"": 0.25}) | kikoyou_hp[피해호출4·더미2] | kikoyou_mana[피해호출2·더미1] | kikoyou_skill_1[피해호출4·더미2] | kikoyou_skill_2[피해호출1·더미2]",,"A0ZW(7범위 파마의화살 AUau {""Uau2"": 1.5}) | A0XK(!수호무녀 AIba {""Hab1"": 1.5}) | A12Y(!영력 Aroc {""Efk3"": 1, ""Efk2"": 100000000.0})",,5/6,,보통,
h03J,[히든조합]시류비의 시류,,히든,,,있음,4,"A04A(!참륙용인 ACbh {""Hbh3"": 250000.0, ""Hbh2"": 4.0, ""Hbh1"": 20.0})",A0P0(!흉포한 검술:껍데기(수치0·j미참조)) | A0EG(!혈우:껍데기(수치0·j미참조)), + UI/시각/스톡 2,,Hidden15,Hidden15[피해호출2·더미0·평타등록] | siru_1[피해호출1·더미3] | siru_R[피해호출1·더미4],,,,,,"A04A(!참륙용인 ACbh {""Hbh3"": 250000.0, ""Hbh2"": 4.0, ""Hbh1"": 20.0}) | Hidden15[피해호출2·더미0·평타등록] | siru_1[피해호출1·더미3] | siru_R[피해호출1·더미4]",,,,보통,
h03L,[히든조합]사우전드 써니호밀짚모자해적단,,히든,,,있음,3,"A10O(!선제공격-써니호 ACbh {""Hbh1"": 20.0}) | A0IR(!해적선-싸우전드 써니호 Aroc {""Efk3"": 3, ""Efk2"": 1000000000.0})",A0P6(!어흥포:껍데기(수치0·j미참조)), + UI/시각/스톡 2,,Hidden11,Hidden11[피해호출1·더미2·평타등록],,Franky_misiile_re[피해1],,,,"A10O(!선제공격-써니호 ACbh {""Hbh1"": 20.0}) | A0IR(!해적선-싸우전드 써니호 Aroc {""Efk3"": 3, ""Efk2"": 1000000000.0}) | Hidden11[피해호출1·더미2·평타등록]",,,,낮음,평타 등록 밖에서 이 uid를 언급하는 피해 트리거: Franky_misiile_re
h03M,[히든조합]사보 - 용조권,,히든,,,있음,4,"A0HD(!용의 발톱 ACbh {""Hbh3"": 150000.0, ""Hbh2"": 4.0}) | A0FA(B용조권 AHad {""Had1"": -20.0}) | A0E5(A투기 AOae {""Oae1"": -0.18})",, + UI/시각/스톡 2,,Hidden1,Hidden1[피해호출4·더미2·평타등록],,,,,,"A0HD(!용의 발톱 ACbh {""Hbh3"": 150000.0, ""Hbh2"": 4.0}) | A0FA(B용조권 AHad {""Had1"": -20.0}) | A0E5(A투기 AOae {""Oae1"": -0.18}) | Hidden1[피해호출4·더미2·평타등록]",,,,보통,
h03N,[히든조합]료쿠규'신'해군대장,,히든,,,있음,3,"A14D(&양분흡수 Aspo {""Spo4"": 11, ""Spo2"": 0.15, ""Spo1"": 225000.0}) | A14Y(B숲숲 열매 AHad {""Had1"": -25.0})",A154(!금증 숲숲:껍데기(수치0·j미참조)) | A042(!나무 덩쿨 촉수:껍데기(수치0·j미참조)), + UI/시각/스톡 2,,Hidden23_rokugu,Hidden23_rokugu[피해호출3·더미4·평타등록],,,,,,"A14D(&양분흡수 Aspo {""Spo4"": 11, ""Spo2"": 0.15, ""Spo1"": 225000.0}) | A14Y(B숲숲 열매 AHad {""Had1"": -25.0}) | Hidden23_rokugu[피해호출3·더미4·평타등록]",,,,보통,
h03O,[히든조합]벤담2년 후 임펠다운 5.5층 뉴카마랜드 왕,,히든,,,있음,2,"A0E4(B뉴카마 AHad {""Had1"": -11.0})",A0E3(!폭격백조:껍데기(수치0·j미참조)), + UI/시각/스톡 2,,Hidden2,Hidden2[피해호출0·더미1·평타등록],,Forever_uta[피해1],,,,"A0E4(B뉴카마 AHad {""Had1"": -11.0}) | Hidden2[피해호출0·더미1·평타등록]","A0E4(B뉴카마 AHad {""Had1"": -11.0})→영원_김정래",,,낮음,평타 등록 밖에서 이 uid를 언급하는 피해 트리거: Forever_uta
h03P,[히든조합]발라티에해상 레스토랑,,히든,,,있음,4,"A04J(!최상의 음식 Auhf {""Uhf1"": 1.5}) | A04N($해상 레스토랑1 AOae {""Oae2"": 0.22}) | A04O(발라티에 데미지 Atdg {""Tdg1"": 20000.0})",A0V6(!깨달음-요리사의 길:꼬리표(j참조)), + UI/시각/스톡 2,,,,Hidden22_balra←시전 A0V6[피해호출0·더미4],,,,,"A04J(!최상의 음식 Auhf {""Uhf1"": 1.5}) | A04N($해상 레스토랑1 AOae {""Oae2"": 0.22}) | A04O(발라티에 데미지 Atdg {""Tdg1"": 20000.0}) | Hidden22_balra←시전 A0V6[피해호출0·더미4]",,,,보통,
h03Q,[히든조합]모비딕 호사황 흰수염의 흰고래,,히든,,,있음,3,"A0VF(7범위 흰수염의독려 AUau {""Uau2"": 1.25}) | A0BP(!해적선 모비딕호 Aroc {""Efk3"": 3, ""Efk2"": 1000000000.0}) | A0DX(A흰수염의 전언 AOae {""Oae1"": -0.33})",, + UI/시각/스톡 2,,,,,,,,,"A0VF(7범위 흰수염의독려 AUau {""Uau2"": 1.25}) | A0BP(!해적선 모비딕호 Aroc {""Efk3"": 3, ""Efk2"": 1000000000.0}) | A0DX(A흰수염의 전언 AOae {""Oae1"": -0.33})",,,,보통,
h03R,[히든조합]반 더 데켄어인섬 절반면적의 노아를 던진자,,히든,히든_최윤서,게이트/회수,있음,4,"A06N(!어인 ACbh {""Hbh3"": 150000.0, ""Hbh1"": 20.0}) | A03Q(!표적표적 열매 Aroc {""Efk3"": 2, ""Efk2"": 1000000000.0})",A0KF(!표적표적열매-노아:껍데기(수치0·j미참조)), + UI/시각/스톡 2,,Hidden13,deken_Mana[피해호출1·더미2] | deken_skill_1[피해호출2·더미2],,,3(effects있음 3·빈 0),"A06N(!어인 ACbh {""Hbh3"": 150000.0, ""Hbh1"": 20.0}) | deken_Mana[피해호출1·더미2] | deken_skill_1[피해호출2·더미2]",,"A03Q(!표적표적 열매 Aroc {""Efk3"": 2, ""Efk2"": 1000000000.0})",,3/3,,보통,
h03T,[히든조합]레베카콜로세움의 검투사,,히든,,,있음,2,"A05L(!검투사 ACbh {""Hbh3"": 80000.0, ""Hbh1"": 20.0}) | A0H3(B급소분석 AHad {""Had1"": -18.0})",, + UI/시각/스톡 3,,,,,,,,,"A05L(!검투사 ACbh {""Hbh3"": 80000.0, ""Hbh1"": 20.0}) | A0H3(B급소분석 AHad {""Had1"": -18.0})",,,,보통,
h03U,[히든조합]레드포스 호사황 샹크스의 붉은용,,히든,,,있음,5,"A0F4(#중재자의 배 ACac {""Cac1"": 0.5}) | A0PM(B장악 AHad {""Had1"": -20.0}) | A0IQ(!해적선 레드포스호1 Aroc {""Efk3"": 2, ""Efk2"": 1000000000.0}) | A03Z(!패기의 대포 ACbh {""Hbh1"": 30.0, ""Hbh2"": 3.0})",, + UI/시각/스톡 2,,Hidden12,Hidden12[피해호출4·더미1·평타등록],,,,,,"A0F4(#중재자의 배 ACac {""Cac1"": 0.5}) | A0PM(B장악 AHad {""Had1"": -20.0}) | A0IQ(!해적선 레드포스호1 Aroc {""Efk3"": 2, ""Efk2"": 1000000000.0}) | A03Z(!패기의 대포 ACbh {""Hbh1"": 30.0, ""Hbh2"": 3.0}) | Hidden12[피해호출4·더미1·평타등록]",,,,보통,
h03V,[히든조합]코알라혁명군-어인공수도대리사범,,히든,히든_황정기,게이트/회수,있음,4,"A0II(!혁명군대리사범 ACbh {""Hbh1"": 40.0}) | A0IG(!무뢰관 AIba {""Hab1"": 3.25})",A0IH(!기와 돌려차기:껍데기(수치0·j미참조)), + UI/시각/스톡 2,,Koalla_Attack,koalla_skill_1[피해호출2·더미4] | koalla_skill_Mana[피해호출3·더미4],,,3(effects있음 3·빈 0),"A0II(!혁명군대리사범 ACbh {""Hbh1"": 40.0}) | koalla_skill_1[피해호출2·더미4] | koalla_skill_Mana[피해호출3·더미4]",,"A0IG(!무뢰관 AIba {""Hab1"": 3.25})",,5/5,,보통,
h03W,[히든조합]귀죽의 베르고해군 중장,,히든,,,있음,3,"A0MH(!베르고-무장색의 패기 ACbh {""Hbh1"": 20.0}) | A0MG(!도깨비대나무 ACbh {""Hbh1"": 20.0})",A0P5(!맥시멈스윙:껍데기(수치0·j미참조)), + UI/시각/스톡 2,,Hidden19,Hidden19[피해호출3·더미5·평타등록],,,,,,"A0MH(!베르고-무장색의 패기 ACbh {""Hbh1"": 20.0}) | A0MG(!도깨비대나무 ACbh {""Hbh1"": 20.0}) | Hidden19[피해호출3·더미5·평타등록]",,,,보통,
h03X,[히든조합]갓 에넬방주 맥심,,히든,,,있음,2,"A0DQ(!쿠릉쿠릉열매 Aroc {""Efk3"": 1, ""Efk2"": 10000000.0})",A05N(!뇌영:껍데기(수치0·j미참조)), + UI/시각/스톡 3,,Hidden9,Hidden9[피해호출2·더미3·평타등록],,,,,,"A0DQ(!쿠릉쿠릉열매 Aroc {""Efk3"": 1, ""Efk2"": 10000000.0}) | Hidden9[피해호출2·더미3·평타등록]",,,,보통,
h03Y,[히든조합]엠포리오 이완코브임펠다운 5.5층 뉴카마왕국의 왕(?),,히든,,,있음,3,"A0E4(B뉴카마 AHad {""Had1"": -11.0}) | A05W(!호르몬호르몬 열매 Ainf {""Inf1"": 0.45, ""Inf4"": 1.0})",, + UI/시각/스톡 2,,Hidden3,Hidden3[피해호출0·더미2·평타등록],,,,,,"A0E4(B뉴카마 AHad {""Had1"": -11.0}) | A05W(!호르몬호르몬 열매 Ainf {""Inf1"": 0.45, ""Inf4"": 1.0}) | Hidden3[피해호출0·더미2·평타등록]","A0E4(B뉴카마 AHad {""Had1"": -11.0})→영원_김정래",,,보통,
h03Z,[히든조합]아카이누흰수염을죽인 붉은개,,히든,히든_호치킨,게이트/회수,있음,2,,A0YQ(!철저한 정의:껍데기(수치0·j미참조)) | A0WR(!지천을 녹이는열기-아카히든:껍데기(수치0·j미참조)) | A0PP(!명구:껍데기(수치0·j미참조)), + UI/시각/스톡 2,,Hidden5,Akainu_02_hidden[피해호출3·더미6] | Hidden5[피해호출4·더미3·평타등록],,,2(effects있음 2·빈 0),Akainu_02_hidden[피해호출3·더미6] | Hidden5[피해호출4·더미3·평타등록],,,,5/5,,보통,
h041,[히든조합]쿠잔푸른 꿩,,히든,,,있음,2,"A0D3(A!빙빙열매 AOae {""Oae1"": -0.35})",A0G2(!아이스타임:껍데기(수치0·j미참조)) | A0ZL(!아이스볼-동상:수치미수정(스톡기본값?)), + UI/시각/스톡 2,,Hidden6,Hidden6[피해호출1·더미1·평타등록],,,,,,"A0D3(A!빙빙열매 AOae {""Oae1"": -0.35}) | Hidden6[피해호출1·더미1·평타등록]",,,,보통,
h043,[히든조합]쥬라클 미호크매의 눈,,히든,,,있음,2,"A06V(B가상베기-미호크 히든 AHad {""Had1"": -25.0})",A0W9(P가상베기2:수치미수정(스톡기본값?)) | A127(P가상베기:수치미수정(스톡기본값?)) | A05O(!일도-미호크히든:껍데기(수치0·j미참조)) | A0CV(!흑도 요루:껍데기(수치0·j미참조)), + UI/시각/스톡 2,,Hidden20,Hidden20[피해호출1·더미3·평타등록],,,,,,"A06V(B가상베기-미호크 히든 AHad {""Had1"": -25.0}) | Hidden20[피해호출1·더미3·평타등록]",,,,보통,
h044,[히든조합]검호 류마흑도 슈스이의 주인,,히든,,,있음,2,,A0JQ(!깨달음:꼬리표(j참조)) | A05Y(!흑도 슈스이:껍데기(수치0·j미참조)), + UI/시각/스톡 2,,Hidden8,Hidden8[피해호출4·더미2·평타등록],Hidden8Ryuma←시전 A0JQ[피해호출0·더미3],,,,,Hidden8[피해호출4·더미2·평타등록] | Hidden8Ryuma←시전 A0JQ[피해호출0·더미3],,,,보통,
h045,[히든조합]킬러초신성 - 살육무사,,히든,,,있음,4,"A0DM(!양날 교차 Aroc {""Efk3"": 2, ""Efk2"": 1000000000.0}) | A0DK(!살육 ACbh {""Hbh2"": 7.0}) | A0DH(B살기-킬러히든 AHad {""Had1"": -12.0})",, + UI/시각/스톡 2,,Hidden16,Hidden16[피해호출3·더미0·평타등록],,,,,,"A0DM(!양날 교차 Aroc {""Efk3"": 2, ""Efk2"": 1000000000.0}) | A0DK(!살육 ACbh {""Hbh2"": 7.0}) | A0DH(B살기-킬러히든 AHad {""Had1"": -12.0}) | Hidden16[피해호출3·더미0·평타등록]",,,,보통,
h046,[히든조합]킨에몬여우불의 사무라이,,히든,,,있음,2,"A05K(!와노쿠니의 검술 ACbh {""Hbh3"": 100000.0, ""Hbh1"": 20.0})",A0JB(!화류일섬:껍데기(수치0·j미참조)), + UI/시각/스톡 2,,Hidden17,Hidden17[피해호출2·더미5·평타등록],,,,,,"A05K(!와노쿠니의 검술 ACbh {""Hbh3"": 100000.0, ""Hbh1"": 20.0}) | Hidden17[피해호출2·더미5·평타등록]",,,,보통,
h047,[히든조합]피셔 타이거마리조아 노예시장 파괴자,,히든,,,있음,3,"A0P8(!어인-피셔 ACbh {""Hbh1"": 22.0}) | A03J(#증오 ACac {""Cac1"": 0.27})",A0EY(!마리조나 탈환:껍데기(수치0·j미참조)), + UI/시각/스톡 2,,Hidden4,Hidden4[피해호출2·더미1·평타등록],,,,,,"A0P8(!어인-피셔 ACbh {""Hbh1"": 22.0}) | A03J(#증오 ACac {""Cac1"": 0.27}) | Hidden4[피해호출2·더미1·평타등록]",,,,보통,
h048,[히든조합]페로나고스트 프린세스,,히든,,,있음,4,"A063(홀로홀로열매 AOae {""Oae1"": -0.45})",A14C(!카미카제 랩:껍데기(수치0·j미참조)) | A0EW(!네거티브 홀로우:껍데기(수치0·j미참조)) | A0EV(!고스트 랩:껍데기(수치0·j미참조)), + UI/시각/스톡 2,,Hidden14,Hidden14[피해호출1·더미1·평타등록] | Hidden14_perona_use2[피해호출1·더미3] | perona_Mana[피해호출1·더미3],,,,,,"A063(홀로홀로열매 AOae {""Oae1"": -0.45}) | Hidden14[피해호출1·더미1·평타등록] | Hidden14_perona_use2[피해호출1·더미3] | perona_Mana[피해호출1·더미3]",,,,보통,
h055,[히든조합]스튜시Cp.0.환락가의 여왕,,히든,,,없음,0,,, + UI/시각/스톡 2,,,,,,,,,,,,,보통,
h05X,[히든]실버즈 레일리 세계의 진실을 아는 자 - 희귀함,,히든,희귀함_박기찬,1채널,있음,1,"A03N(!명왕의 검술 ACbh {""Hbh3"": 50000.0, ""Hbh1"": 10.0})",, + UI/시각/스톡 4,,,,,Forever_uta[피해1],1(effects있음 1·빈 0),"A03N(!명왕의 검술 ACbh {""Hbh3"": 50000.0, ""Hbh1"": 10.0})",,,,,,낮음,평타 등록 밖에서 이 uid를 언급하는 피해 트리거: Forever_uta
h05Z,[히든]파이러츠 도킹6 완전한 거대 로봇 전사 - 희귀함,,히든,,,없음,0,,, + UI/시각/스톡 3,,,,,,,,,,,,,보통,
h060,[히든]해적선,,히든,,,없음,0,,, + UI/시각/스톡 2,,,,,,,,,,,,,보통,
h07L,[히든조합]캐럿밍크족 토끼,,히든,,,있음,3,"A0S8(!일렉클로 ACbh {""Hbh1"": 20.0}) | A0S9(!전격-캐럿 ACbh {""Hbh3"": 300000.0, ""Hbh1"": 20.0})",, + UI/시각/스톡 2,,Hidden21,Hidden21[피해호출1·더미1·평타등록],,,,,,"A0S8(!일렉클로 ACbh {""Hbh1"": 20.0}) | A0S9(!전격-캐럿 ACbh {""Hbh3"": 300000.0, ""Hbh1"": 20.0}) | Hidden21[피해호출1·더미1·평타등록]",,,,보통,
h07Q,[히든조합]우루지 초신성-괴승,,히든,,,있음,2,"A15B(!괴승 ACbh {""Hbh3"": 100000.0, ""Hbh1"": 20.0}) | A15A(#인과응보 ACac {""Cac1"": 5000.0, ""Ear4"": 1})",, + UI/시각/스톡 2,,,,,,,,,"A15B(!괴승 ACbh {""Hbh3"": 100000.0, ""Hbh1"": 20.0}) | A15A(#인과응보 ACac {""Cac1"": 5000.0, ""Ear4"": 1})",,,,보통,
h05S,돈키호테 도플라밍고 하늘귀신 - 변화된,,변화된,변화됨_최상호,게이트/회수,있음,2,,A061(!하늘귀신:껍데기(수치0·j미참조)) | A0F5(!오버히트:껍데기(수치0·j미참조)) | A067(!실실열매:껍데기(수치0·j미참조)), + UI/시각/스톡 1,,Transpom2,Transpom2[피해호출1·더미1·평타등록] | Transpom_dp[피해호출2·더미2],,,2(effects있음 2·빈 0),Transpom2[피해호출1·더미1·평타등록] | Transpom_dp[피해호출2·더미2],,,,2/2,,보통,
h05T,벤 베크만 붉은머리 해적단 부선장 - 변화된,,변화된,변화됨_박은석,1채널,있음,1,"A041(!패기의 탄환 ACbh {""Hbh1"": 20.0})",A0PO(!제압-벤베크만:껍데기(수치0·j미참조)), + UI/시각/스톡 3,,,,,,8(effects있음 8·빈 0),"A041(!패기의 탄환 ACbh {""Hbh1"": 20.0})",,,,,,보통,
h05V,포트거스.D.에이스 스페이드 해적단 선장 - 변화된,,변화된,변화됨_박은석,게이트/회수,있음,3,"A131(A염계 AOae {""Oae1"": -0.2})",A0IJ(!불기둥:껍데기(수치0·j미참조)) | A0D1(!이글이글열매:껍데기(수치0·j미참조)), + UI/시각/스톡 2,,Transpom3,Transpom_AceMana[피해호출1·더미4] | Transpom_Ace_bulRemake[피해호출1·더미4],,,8(effects있음 8·빈 0),"A131(A염계 AOae {""Oae1"": -0.2}) | Transpom_AceMana[피해호출1·더미4] | Transpom_Ace_bulRemake[피해호출1·더미4]",,,,2/2,,보통,
h05W,비비 알라바스타의 왕녀 - 변화된,,변화된,변화됨_박은석,2채널,있음,4,"A0WD(!공작스트링-비변 Aroc {""Efk2"": 10000000.0, ""Efk3"": 3}) | A03P(A공작슬래셔-비변 AOae {""Oae1"": -0.2}) | A0FG(B매혹의 향수 AHad {""Had1"": -11.0})",, + UI/시각/스톡 1,,Transpom1,Transpom1[피해호출3·더미1·평타등록],,,8(effects있음 8·빈 0),"A03P(A공작슬래셔-비변 AOae {""Oae1"": -0.2}) | A0FG(B매혹의 향수 AHad {""Had1"": -11.0}) | Transpom1[피해호출3·더미1·평타등록]",,"A0WD(!공작스트링-비변 Aroc {""Efk2"": 10000000.0, ""Efk3"": 3})",,3/3,,보통,
h07E,"코비 ""거프의 제자"" 해군루키 대령 - 변화된",,변화된,변화됨_박은석,1채널,있음,1,"A0GD(!숲숲 열매 ACbh {""Hbh1"": 20.0})",A0NZ(!거프의 제자-코변:껍데기(수치0·j미참조)) | A0NY(!콤비네이션 어택-코변:껍데기(수치0·j미참조)), + UI/시각/스톡 2,,,,,,8(effects있음 8·빈 0),"A0GD(!숲숲 열매 ACbh {""Hbh1"": 20.0})",,,,,,보통,
h07J,캐럿 스론 달의 사자 - 변화된,,변화된,변화됨_강재규,게이트/회수,있음,3,"A0S7(!전격-캐럿 ACbh {""Hbh3"": 350000.0, ""Hbh1"": 50.0})",A0RM(!일렉트리컬 루나:껍데기(수치0·j미참조)) | A0RL(!달의 사자-스론:껍데기(수치0·j미참조)) | A0SA(!달빛걸음:껍데기(수치0·j미참조)), + UI/시각/스톡 2,,carrotattack,carrot_skill_2[피해호출1·더미3] | carrotattack[피해호출1·더미1·평타등록],,,3(effects있음 3·빈 0),"A0S7(!전격-캐럿 ACbh {""Hbh3"": 350000.0, ""Hbh1"": 50.0}) | carrot_skill_2[피해호출1·더미3] | carrotattack[피해호출1·더미1·평타등록]",,,,2/2,,보통,
h07N,베이비 5 초토화 모드 - 변화된,,변화된,변화됨_김건,2채널,있음,2,"A0U2(/베이비5초토화 AIfb {""Idam"": 22500.0, ""Iob5"": 1})",A0U3(!베이비5-과열1:껍데기(수치0·j미참조)) | A0TS(!베이비-무기무기1:껍데기(수치0·j미참조)), + UI/시각/스톡 2,,Transpom6,Transpom6[피해호출4·더미1·평타등록],,,3(effects있음 3·빈 0),"A0U2(/베이비5초토화 AIfb {""Idam"": 22500.0, ""Iob5"": 1}) | Transpom6[피해호출4·더미1·평타등록]",,,,2/2,,보통,
h05H,모건 타락한 해군 - 특수함,,특수함,특수함_장진희,1채널,있음,1,"A0EP(!탐욕-모건 ACbh {""Hbh3"": 50000.0, ""Hbh1"": 11.0, ""Hbh2"": 8.0})",, + UI/시각/스톡 2,,,,,,1(effects있음 1·빈 0),"A0EP(!탐욕-모건 ACbh {""Hbh3"": 50000.0, ""Hbh1"": 11.0, ""Hbh2"": 8.0})",,,,,,보통,
h05O,아이스버그 워터세븐의 조선공 - 특수함,,특수함,특수함_황길라,1채널,있음,2,"A0IL(!조선공의 망치 ACbh {""Hbh3"": 500000.0, ""Hbh1"": 50.0})",A0Q3(!조선공-아이스버그:꼬리표(j참조)), + UI/시각/스톡 1,,,,icebug_ship←시전 A0Q3[피해호출0·더미1],,1(effects있음 1·빈 0),"A0IL(!조선공의 망치 ACbh {""Hbh3"": 500000.0, ""Hbh1"": 50.0})",,icebug_ship←시전 A0Q3[피해호출0·더미1],,,,보통,
h05P,요정 드레스로자 지하 톤타타왕국의 소인족 - 특수함,,특수함,,,꼬리표·툴팁만,0,,A0A9(요정 도둑질:꼬리표(j참조)), + UI/시각/스톡 2,,,,,,,,,,,,,낮음,툴팁 능력 1개가 있는데 효과 배선을 네 그물로 못 찾음
h05Q,블고리 임펠다운 간수 - 특수함,,특수함,,,있음,1,"A0EF(B간수 AHad {""Had1"": -30.0})",, + UI/시각/스톡 1,,,,,,,,,"A0EF(B간수 AHad {""Had1"": -30.0})",,,,보통,
h05R,페루 알라바스타의 수호신 - 특수함,,특수함,,,있음,2,"A0PE(#왕가의 수호신 ACac {""Cac1"": 0.6}) | A0PD(!격려-페루 Aroa {""Roa5"": 1, ""Roa1"": 0.6})",, + UI/시각/스톡 1,,,,,,,,,"A0PE(#왕가의 수호신 ACac {""Cac1"": 0.6}) | A0PD(!격려-페루 Aroa {""Roa5"": 1, ""Roa1"": 0.6})",,,,보통,
h08N,베티 혁명군 군대장 - 특수함,,특수함,,,있음,3,"A0X6(7범위 격려 AUau {""Uau2"": 2.0}) | A0WO($군대장 AOae {""Oae2"": 0.11}) | A0WQ(!격려격려열매 AIba {""Hab1"": 1.25})",, + UI/시각/스톡 1,,,,,,,,,"A0X6(7범위 격려 AUau {""Uau2"": 2.0}) | A0WO($군대장 AOae {""Oae2"": 0.11}) | A0WQ(!격려격려열매 AIba {""Hab1"": 1.25})",,,,보통,
h02N,겟코 모리아 쉐도우 아스가르드 - 전설적인,,전설적인,전설적인_정윤식,게이트/회수,있음,2,"A143(A그림자그림자열매 AOae {""Oae1"": -0.3})",A05A(!그림자흡수:껍데기(수치0·j미참조)) | A055(!모리아전설 쉐도우 아스가르드1:수치미수정(스톡기본값?)), + UI/시각/스톡 1,,Legend34Moria,Legend34Moria_Skill[피해호출2·더미1],,Forever_uta[피해1],4(effects있음 4·빈 0),"A143(A그림자그림자열매 AOae {""Oae1"": -0.3}) | Legend34Moria_Skill[피해호출2·더미1]",,,,1/2,,낮음,평타 등록 밖에서 이 uid를 언급하는 피해 트리거: Forever_uta
h02O,골.D.에이스 해적왕의 아들 - 전설적인,,전설적인,전설적인_임장혁,2채널,있음,2,"A0DZ(B아지랑이-전설 AHad {""Had1"": -33.0})",A0MC(!이글이글열매 - 산화 부지화-전설:껍데기(수치0·j미참조)) | A0MA(!십자화:껍데기(수치0·j미참조)), + UI/시각/스톡 3,,Legend18,Legend18[피해호출2·더미3·평타등록],,,5(effects있음 5·빈 0),"A0DZ(B아지랑이-전설 AHad {""Had1"": -33.0}) | Legend18[피해호출2·더미3·평타등록]",,,,2/2,,보통,
h02P,나미 도둑 고양이 - 전설적인,,전설적인,전설적인_엄태웅,2채널,있음,1,,A0VZ(!금전감각:껍데기(수치0·j미참조)) | A06X(!크리마 텍트:껍데기(수치0·j미참조)) | A04X(!도둑고양이 나미1:꼬리표(j참조)), + UI/시각/스톡 1,,Legend25,Legend25[피해호출1·더미2·평타등록],,,1(effects있음 1·빈 0),Legend25[피해호출1·더미2·평타등록],,,,1/1,,보통,
h02Q,라분 레드라인을 넘으려는 향유고래 - 전설적인,,전설적인,전설적인_이승우,2채널,있음,2,"A0F8($우정의 고래1 AOae {""Oae2"": 0.17})",A0F6(!레드라인을 부수는 박치기:껍데기(수치0·j미참조)), + UI/시각/스톡 1,,Legend12,Legend12[피해호출5·더미1·평타등록],,,3(effects있음 3·빈 0),"A0F8($우정의 고래1 AOae {""Oae2"": 0.17}) | Legend12[피해호출5·더미1·평타등록]",,,,1/3,,보통,
h02R,로브 루치 생명귀환 지회무신 - 전설적인,,전설적인,전설적인_임채민,1채널,있음,2,"A048(!육식 ACbh {""Hbh3"": 250000.0})",A0F9(!육왕건:껍데기(수치0·j미참조)), + UI/시각/스톡 1,,Legend21sc,Legend21sc[피해호출3·더미2·평타등록],,,8(effects있음 7·빈 1),"A048(!육식 ACbh {""Hbh3"": 250000.0}) | Legend21sc[피해호출3·더미2·평타등록]",,,,2/2,,보통,
h02S,롤로노아 조로 죽음의경지'사자의노래' - 전설적인,,전설적인,전설적인_정준영,게이트/회수,있음,3,"A0PQ(!강철을 벤 사나이 ACbh {""Hbh3"": 500000.0, ""Hbh1"": 30.0}) | A06M(!죽음의 경지 ACbh {""Hbh1"": 66.0, ""Hbh2"": 5.0})",A0FE(!사자의노래-조로전설:껍데기(수치0·j미참조)), + UI/시각/스톡 1,,Legend13,Legend13_2[피해호출4·더미3],,,7(effects있음 7·빈 0),"A0PQ(!강철을 벤 사나이 ACbh {""Hbh3"": 500000.0, ""Hbh1"": 30.0}) | A06M(!죽음의 경지 ACbh {""Hbh1"": 66.0, ""Hbh2"": 5.0}) | Legend13_2[피해호출4·더미3]",,,,3/3,,보통,
h02T,마르코 환수종'불사조' - 전설적인,,전설적인,전설적인_임채민,게이트/회수,있음,4,"A0PW(A풍압 AOae {""Oae1"": -0.3}) | A074(!불사조불사조열매 ACbh {""Hbh3"": 100000.0, ""Hbh2"": 3.15})",A0EU(!깃털폭격-마르코전설:껍데기(수치0·j미참조)), + UI/시각/스톡 2,,Legend17_Marco,Legend17_MacroLifeSkill[피해호출2·더미2] | Legend17_Marcodamage[피해호출1·더미0],,,8(effects있음 7·빈 1),"A0PW(A풍압 AOae {""Oae1"": -0.3}) | A074(!불사조불사조열매 ACbh {""Hbh3"": 100000.0, ""Hbh2"": 3.15}) | Legend17_MacroLifeSkill[피해호출2·더미2] | Legend17_Marcodamage[피해호출1·더미0]",,,,3/3,,보통,
h02U,"마샬.D.티치 검은수염 해적단 선장 ""검은수염"" - 전설적인",,전설적인,전설적인_홍인창,게이트/회수,있음,2,,A0HW(!크로우즈:껍데기(수치0·j미참조)) | A0HO(!어둠어둠열매-데브리션:껍데기(수치0·j미참조)), + UI/시각/스톡 2,A11Q(크로우즈-피해량증가:꼬리표(j참조)),Legend26,Legend26[피해호출1·더미1·평타등록] | Legend26_tichi_crows[피해호출3·더미3],,,4(effects있음 4·빈 0),Legend26[피해호출1·더미1·평타등록] | Legend26_tichi_crows[피해호출3·더미3],,,,3/3,,보통,
h02V,스모커 집념의 해군 중장 - 전설적인,,전설적인,전설적인_정준영,1채널,있음,4,"A16L(!화이트아웃 ACbh {""Hbh1"": 25.0}) | A0DC(A!연기연기열매 AOae {""Oae1"": -0.5}) | A0IS(!화이트 블로우 ACbh {""Hbh3"": 250000.0, ""Hbh1"": 18.0})",, + UI/시각/스톡 1,,Legend9,Legend9[피해호출3·더미3·평타등록],,,7(effects있음 7·빈 0),"A16L(!화이트아웃 ACbh {""Hbh1"": 25.0}) | A0DC(A!연기연기열매 AOae {""Oae1"": -0.5}) | A0IS(!화이트 블로우 ACbh {""Hbh3"": 250000.0, ""Hbh1"": 18.0}) | Legend9[피해호출3·더미3·평타등록]",,,,2/2,,보통,
h02W,몽키.D.드래곤 세계최악의 범죄자 - 전설적인,,전설적인,,,있음,5,"A0W8(B파괴공작 AHad {""Had1"": -45.0}) | A0SX(B삭풍 AHad {""Had1"": -10.0}) | A0ST(드래곤전설 이동속도감소 Aasl {""Slo1"": -0.1}) | A04K(#드래곤- 혁명군 ACac {""Cac1"": 0.25})",A0SS($바람바람열매-전설:껍데기(수치0·j미참조)), + UI/시각/스톡 2,,Legend3,Legend3[피해호출0·더미1·평타등록],,,,,,"A0W8(B파괴공작 AHad {""Had1"": -45.0}) | A0SX(B삭풍 AHad {""Had1"": -10.0}) | A0ST(드래곤전설 이동속도감소 Aasl {""Slo1"": -0.1}) | A04K(#드래곤- 혁명군 ACac {""Cac1"": 0.25}) | Legend3[피해호출0·더미1·평타등록]",,,,보통,
h02X,몽키.D.루피 '기어 2' Jet 개틀링 - 전설적인,,전설적인,전설적인_박성호,1채널,있음,3,"A0TT(!개틀링 공속증가 AIsx {""Isx1"": 0.35}) | A052(!고무고무 열매 ACbh {""Hbh3"": 75000.0, ""Hbh2"": 4.25})",A0UU(!숙련된 패기:껍데기(수치0·j미참조)) | A056(!jet 개틀링:수치미수정(스톡기본값?)), + UI/시각/스톡 2,,Legend0,Legend0[피해호출1·더미2·평타등록],,,3(effects있음 3·빈 0),"A0TT(!개틀링 공속증가 AIsx {""Isx1"": 0.35}) | A052(!고무고무 열매 ACbh {""Hbh3"": 75000.0, ""Hbh2"": 4.25}) | Legend0[피해호출1·더미2·평타등록]",,,,1/1,,보통,
h02Y,몽키.D.루피 나이트메어 - 전설적인,,전설적인,전설적인_홍인창,1채널,있음,4,"A0TU(루피전설-공격력증가보너스1 AItg {""Iatt"": 280000}) | A0TW(!그림자 흡수-루피 나메 ACbh {""Hbh2"": 12.5}) | A0O7(!그림자 일격-일도양단 ACbh {""Hbh2"": 11.0, ""Hbh1"": 18.0})",, + UI/시각/스톡 2,,Legend22,Legend22[피해호출6·더미2·평타등록],,,4(effects있음 4·빈 0),"A0TU(루피전설-공격력증가보너스1 AItg {""Iatt"": 280000}) | A0TW(!그림자 흡수-루피 나메 ACbh {""Hbh2"": 12.5}) | A0O7(!그림자 일격-일도양단 ACbh {""Hbh2"": 11.0, ""Hbh1"": 18.0}) | Legend22[피해호출6·더미2·평타등록]",,,,3/3,,보통,
h02Z,바르토로메오 신예 초신성- 식인 - 전설적인,,전설적인,전설적인_박민수,1채널,있음,3,"A16J(B!살벌함 AHad {""Had1"": -12.0}) | A0JW(!배리어 피스트 ACbh {""Hbh3"": 6000.0, ""Hbh1"": 17.0})",A0JX(!배리어불스:껍데기(수치0·j미참조)) | A0D6(!배리어배리어 열매:껍데기(수치0·j미참조)), + UI/시각/스톡 2,,Legend15,Legend15[피해호출2·더미2·평타등록],,,4(effects있음 4·빈 0),"A16J(B!살벌함 AHad {""Had1"": -12.0}) | A0JW(!배리어 피스트 ACbh {""Hbh3"": 6000.0, ""Hbh1"": 17.0}) | Legend15[피해호출2·더미2·평타등록]",,,,1/3,,보통,
h030,바솔로뮤 쿠마 폭군 - 전설적인,,전설적인,전설적인_최상호,2채널,있음,2,,A0RU(5범위 전이:꼬리표(j참조)) | A06H(!발바닥발바닥 열매:껍데기(수치0·j미참조)) | A06I(!우르스스 쇼크:껍데기(수치0·j미참조)), + UI/시각/스톡 3,,Legend6,Legend6[피해호출1·더미6·평타등록],kuma_warp←시전 A0RU[피해호출0·더미1],,5(effects있음 5·빈 0),Legend6[피해호출1·더미6·평타등록] | kuma_warp←시전 A0RU[피해호출0·더미1],,,,1/1,,보통,
h031,후지토라 잇쇼우 '신'해군대장 - 전설적인,,전설적인,전설적인_임채현,2채널,있음,2,"A0FX(A중력중력열매 AOae {""Oae1"": -0.24})",A0FZ(!중력검:껍데기(수치0·j미참조)), + UI/시각/스톡 1,,Legend11,Legend11[피해호출1·더미3·평타등록],,,5(effects있음 5·빈 0),"A0FX(A중력중력열매 AOae {""Oae1"": -0.24}) | Legend11[피해호출1·더미3·평타등록]",,,,1/1,,보통,
h032,보아 핸콕 쿠사 해적단 선장 - 전설적인,,전설적인,전설적인_이현주,게이트/회수,있음,5,"A084(!피스톨키스 핸콕전설2 AHfa {""Hfa1"": 50000.0}) | A05S(!매료매료 열매 ACbh {""Hbh3"": 150000.0})",, + UI/시각/스톡 1,AIbm(:스톡),Legend14,Legend_han_1[피해호출3·더미3] | Legend_han_kiss[피해호출0·더미1] | Legend_han_kiss_damagesc2[피해호출3·더미2],,,4(effects있음 4·빈 0),"A05S(!매료매료 열매 ACbh {""Hbh3"": 150000.0}) | Legend_han_1[피해호출3·더미3] | Legend_han_kiss[피해호출0·더미1]",,"A084(!피스톨키스 핸콕전설2 AHfa {""Hfa1"": 50000.0}) | Legend_han_kiss_damagesc2[피해호출3·더미2]",,3/3,,보통,
h033,빈스모크 레이쥬 포이즌 핑크 - 전설적인,,전설적인,전설적인_임건웅,게이트/회수,있음,5,"A10Y(!레이드 슈트 ACbh {""Hbh1"": 20.0}) | A0SW(A독기 AOae {""Oae1"": -0.35}) | A08M(&포이즌 핑크 Aspo {""Spo4"": 9, ""Spo2"": 0.15, ""Spo1"": 200000.0})",A0DW(!핑크 호넷:껍데기(수치0·j미참조)), + UI/시각/스톡 1,,Legend19,Legend19_0[피해호출3·더미2] | Legend19_1[피해호출3·더미1],,,4(effects있음 4·빈 0),"A10Y(!레이드 슈트 ACbh {""Hbh1"": 20.0}) | A0SW(A독기 AOae {""Oae1"": -0.35}) | Legend19_0[피해호출3·더미2] | Legend19_1[피해호출3·더미1]",,"A08M(&포이즌 핑크 Aspo {""Spo4"": 9, ""Spo2"": 0.15, ""Spo1"": 200000.0})",,1/1,,보통,
h034,상디 검은다리 '슈트 코스' - 전설적인,,전설적인,전설적인_임건웅,2채널,있음,1,,A06E(!디아블 잠브-검은다리 슈트 코스:껍데기(수치0·j미참조)), + UI/시각/스톡 1,,Legend1sc,Legend1sc[피해호출3·더미1·평타등록],,,4(effects있음 4·빈 0),Legend1sc[피해호출3·더미1·평타등록],,,,2/2,,보통,
h035,샹크스 사황 '붉은머리' - 전설적인,,전설적인,전설적인_백기현,1채널,있음,3,"A0PA(!패왕색의패기- 샹크스전설 ANpi {""Eim1"": 12500.0}) | A03X(!패기의 검술 ACbh {""Hbh3"": 250000.0, ""Hbh1"": 20.0, ""Hbh2"": 10.0})",, + UI/시각/스톡 2,,Legend10,Legend10[피해호출0·더미2·평타등록],,Forever_uta[피해1],3(effects있음 3·빈 0),"A03X(!패기의 검술 ACbh {""Hbh3"": 250000.0, ""Hbh1"": 20.0, ""Hbh2"": 10.0}) | Legend10[피해호출0·더미2·평타등록]",,"A0PA(!패왕색의패기- 샹크스전설 ANpi {""Eim1"": 12500.0})",,,,낮음,평타 등록 밖에서 이 uid를 언급하는 피해 트리거: Forever_uta
h036,센고쿠 전 해군 원수 - 전설적인,,전설적인,전설적인_이유선,2채널,있음,1,,A0DV(!사람사람열매:껍데기(수치0·j미참조)) | A059(!인의:껍데기(수치0·j미참조)), + UI/시각/스톡 1,,Legend8,Legend8[피해호출2·더미3·평타등록],,,2(effects있음 2·빈 0),Legend8[피해호출2·더미3·평타등록],,,,2/2,,보통,
h037,슈가 장난감의 지배자 - 전설적인,,전설적인,,,있음,5,"A0J0(4지정 장난감화 AHtb {""Htb1"": 1.0}) | A0IX(!특별 간부 AIba {""Hab1"": 1.25}) | A0QF(스폰 히드라-전설장난감 노획물 Aspt {""Sod1"": 1})",A0IZ(!하비하비열매:껍데기(수치0·j미참조)), + UI/시각/스톡 1,A0QF(스폰 히드라-전설장난감 노획물:실효),Legend27,Legend27[피해호출0·더미2·평타등록],Legend_272_suger←시전 A0J0[피해호출0·더미3],,,,,"A0J0(4지정 장난감화 AHtb {""Htb1"": 1.0}) | A0IX(!특별 간부 AIba {""Hab1"": 1.25}) | A0QF(스폰 히드라-전설장난감 노획물 Aspt {""Sod1"": 1}) | Legend27[피해호출0·더미2·평타등록] | Legend_272_suger←시전 A0J0[피해호출0·더미3]",,,,보통,
h038,시저 크라운 미치광이 과학자 M - 전설적인,,전설적인,,,있음,2,"A0NU(B무공세계 AHad {""Had1"": -30.0}) | A0DG(!가스가스 열매 ANpi {""Eim1"": 33333.0})",, + UI/시각/스톡 1,,,,,,,,,"A0NU(B무공세계 AHad {""Had1"": -30.0}) | A0DG(!가스가스 열매 ANpi {""Eim1"": 33333.0})",,,,보통,
h039,시키 금사자 - 전설적인,,전설적인,전설적인_신문철,1채널,있음,3,"A0T0(!바닷물 가두기 ACbh {""Hbh1"": 20.0})",A06R(!둥실둥실열매:껍데기(수치0·j미참조)), + UI/시각/스톡 1,,Legend4,Legend4[피해호출0·더미2·평타등록] | Legend4_shickirock2[피해호출1·더미0·소환체 h07F 평타],,,1(effects있음 1·빈 0),"A0T0(!바닷물 가두기 ACbh {""Hbh1"": 20.0}) | Legend4[피해호출0·더미2·평타등록]",,Legend4_shickirock2[피해호출1·더미0·소환체 h07F 평타],,0/1,,낮음,이름으론 반영인데 원작 피해상수 1개 중 우리 값 일치 0
h03A,실버즈 레일리 로저해적단 부선장 - 전설적인,,전설적인,전설적인_진연서,1채널,있음,4,"A0ER(B명왕의 패기 AHad {""Had1"": -15.0}) | A03O($패기수련 AOae {""Oae2"": 0.2}) | A0EN(!명왕의 검술 ACbh {""Hbh3"": 80000.0, ""Hbh1"": 12.0})",, + UI/시각/스톡 2,,Legend7,Legend7[피해호출1·더미1·평타등록],,,10(effects있음 10·빈 0),"A0ER(B명왕의 패기 AHad {""Had1"": -15.0}) | A03O($패기수련 AOae {""Oae2"": 0.2}) | A0EN(!명왕의 검술 ACbh {""Hbh3"": 80000.0, ""Hbh1"": 12.0}) | Legend7[피해호출1·더미1·평타등록]",,,,1/1,,보통,
h03B,에드워드 뉴게이트 '사황' 흰수염 해적단의 아버지 - 전설적인,,전설적인,전설적인_최상호,게이트/회수,있음,4,"A0EI(B노장의 패기-보스방깎-흔들흔들열매 레벨 1 AHad {""Had1"": -45.0}) | A0EH(B강자의 패기-일반유닛 AHad {""Had1"": -15.0})",A0SY(!지진강타-흰전:껍데기(수치0·j미참조)), + UI/시각/스톡 1,,Legend5,Legend5[피해호출0·더미1·평타등록] | Legend51[피해호출2·더미4],,,5(effects있음 5·빈 0),Legend5[피해호출0·더미1·평타등록] | Legend51[피해호출2·더미4],,"A0EI(B노장의 패기-보스방깎-흔들흔들열매 레벨 1 AHad {""Had1"": -45.0}) | A0EH(B강자의 패기-일반유닛 AHad {""Had1"": -15.0})",,1/1,,보통,
h03C,트라팔가 로우 하트 해적단 선장 - 전설적인,,전설적인,전설적인_신지우,2채널,있음,2,"A0GA(!외과수술 Auhf {""Uhf1"": 1.5})",A0I6(!인젝션 샷:껍데기(수치0·j미참조)) | A05B(!수술수술열매 '분해':껍데기(수치0·j미참조)), + UI/시각/스톡 2,,Legend16sc,Legend16sc[피해호출3·더미4·평타등록],,,2(effects있음 2·빈 0),Legend16sc[피해호출3·더미4·평타등록],,"A0GA(!외과수술 Auhf {""Uhf1"": 1.5})",,3/3,,보통,
h03E,코비 세계의 운명을 바꾼 해군루키 - 전설적인,,전설적인,전설적인_이시원,1채널,있음,2,"A0L4(!코비 체 ACbh {""Hbh3"": 200000.0, ""Hbh1"": 20.0})",A0L3(!용기의 외침:껍데기(수치0·j미참조)), + UI/시각/스톡 1,,Legend28koby,Legend28koby[피해호출3·더미2·평타등록],,,2(effects있음 2·빈 0),"A0L4(!코비 체 ACbh {""Hbh3"": 200000.0, ""Hbh1"": 20.0}) | Legend28koby[피해호출3·더미2·평타등록]",,,,1/1,,보통,
h03F,카르가라 샨디아의 대전사 - 전설적인,,전설적인,전설적인_박민석,1채널,있음,4,"A0YO(B!샨디아의 대전사 AHad {""Had1"": -15.0}) | A0VW(샨디아의 기운 방깎 AIcb {""Iarp"": 40, ""Iob5"": 1}) | A08H(!샨디아의 기운 ACbh {""Hbh2"": 10.0, ""Hbh1"": 25.0}) | A08G(C전설 카르가라 샨디아의 창 Ablo {""Blo1"": 4.0})",, + UI/시각/스톡 2,,,,,,3(effects있음 3·빈 0),"A0YO(B!샨디아의 대전사 AHad {""Had1"": -15.0}) | A0VW(샨디아의 기운 방깎 AIcb {""Iarp"": 40, ""Iob5"": 1}) | A08H(!샨디아의 기운 ACbh {""Hbh2"": 10.0, ""Hbh1"": 25.0})",,"A08G(C전설 카르가라 샨디아의 창 Ablo {""Blo1"": 4.0})",,,,보통,
h03G,징베 전 칠무해 어인족 수장 - 전설적인,,전설적인,전설적인_정윤식,1채널,있음,3,"A0QL(!어인족 수장1 ACbh {""Hbh3"": 600000.0, ""Hbh1"": 25.0}) | A07A(!의리1 AIba {""Hab1"": 2.5})",A0MQ(!궁극의 어인 가라데:껍데기(수치0·j미참조)) | A0MR(!해류 한판 엎어치기:껍데기(수치0·j미참조)), + UI/시각/스톡 1,,Legend2,Legend2[피해호출1·더미2·평타등록],,,4(effects있음 4·빈 0),"A0QL(!어인족 수장1 ACbh {""Hbh3"": 600000.0, ""Hbh1"": 25.0}) | Legend2[피해호출1·더미2·평타등록]",,"A07A(!의리1 AIba {""Hab1"": 2.5})",,1/1,,보통,
h03H,샬롯 크래커 빅맘 3장성 - 전설적인,,전설적인,전설적인_양문호,2채널,있음,2,"A0PJ(B3장성 크래커 AHad {""Had1"": -25.0})",A0ED(!크래커-롤 프레첼:껍데기(수치0·j미참조)), + UI/시각/스톡 3,,Legend20,Legend20[피해호출2·더미1·평타등록],,,3(effects있음 3·빈 0),"A0PJ(B3장성 크래커 AHad {""Had1"": -25.0}) | Legend20[피해호출2·더미1·평타등록]",,,,2/2,,보통,
h03I,제파 전 해군 대장 '흑완' - 전설적인,,전설적인,전설적인_박은석,1채널,있음,2,"A0GH(!무장색의패기-제파 ACbh {""Hbh3"": 150000.0, ""Hbh1"": 30.0})",A0GE(!흑완:껍데기(수치0·j미참조)), + UI/시각/스톡 2,,Legend23,Legend23[피해호출3·더미2·평타등록],,,2(effects있음 2·빈 0),"A0GH(!무장색의패기-제파 ACbh {""Hbh3"": 150000.0, ""Hbh1"": 30.0}) | Legend23[피해호출3·더미2·평타등록]",,,,1/1,,보통,
h03K,Dr.히루루크 나라를 치료한 의사 - 전설적인,,전설적인,전설적인_이재윤,2채널,있음,4,"A0TG(!벚꽃 Aroc {""Efk3"": 1, ""Efk2"": 100000000.0}) | A0RW(7범위 돌팔이1 AUau {""Uau2"": 1.6}) | A0VG(#흩날리는 겨울의 벚꽃 ACac {""Cac1"": 0.55})",A0RX(히루루크 최후의준비:꼬리표(j참조)), + UI/시각/스톡 2,,Legend29,Legend29[피해호출1·더미2·평타등록],,,2(effects있음 2·빈 0),"A0VG(#흩날리는 겨울의 벚꽃 ACac {""Cac1"": 0.55}) | Legend29[피해호출1·더미2·평타등록]",,"A0TG(!벚꽃 Aroc {""Efk3"": 1, ""Efk2"": 100000000.0}) | A0RW(7범위 돌팔이1 AUau {""Uau2"": 1.6})",,,,보통,
h03S,울티 토비롯포 - 전설적인,,전설적인,전설적인_임채현,게이트/회수,있음,4,"A0FB(B공포-울티전설 AHad {""Had1"": -27.0}) | A0FC(!용용열매 고대종-파키케팔로1 AIcs {""Ocr1"": 33.0, ""Ocr2"": 10.0, ""Ocr3"": 330000.0})",A11A(!울두건:껍데기(수치0·j미참조)), + UI/시각/스톡 1,,Legend35ulti,Legend35ulti_trg[피해호출1·더미3] | Legend35ulti_trg3[피해호출1·더미3],,,5(effects있음 5·빈 0),"A0FB(B공포-울티전설 AHad {""Had1"": -27.0}) | Legend35ulti_trg[피해호출1·더미3]",,"A0FC(!용용열매 고대종-파키케팔로1 AIcs {""Ocr1"": 33.0, ""Ocr2"": 10.0, ""Ocr3"": 330000.0}) | Legend35ulti_trg3[피해호출1·더미3]",,2/2,,보통,
h042,시노부 쿠노이치 - 전설적인,,전설적인,전설적인_이일중,1채널,있음,4,"A0U7(!인술 분신 Aroc {""Efk3"": 1, ""Efk2"": 10000000.0}) | A0TL(!급습 ACbh {""Hbh1"": 20.0})",A0YP(!시노부 보물찾기:꼬리표(j참조)), + UI/시각/스톡 2,,Legend30,Legend30[피해호출3·더미5·평타등록] | Legend30mirror[피해호출3·더미4·소환체 h085 평타],,,2(effects있음 2·빈 0),"A0TL(!급습 ACbh {""Hbh1"": 20.0}) | Legend30[피해호출3·더미5·평타등록] | Legend30mirror[피해호출3·더미4·소환체 h085 평타]",,"A0U7(!인술 분신 Aroc {""Efk3"": 1, ""Efk2"": 10000000.0})",,1/2,,보통,
h06N,장난감 콜렉션 no.31 - 전설적인,,전설적인,,,없음,0,,, + UI/시각/스톡 1,,,,,,,,,,,,,보통,
h07H,망가진 장난감 - 전설적인,,전설적인,,,없음,0,,, + UI/시각/스톡 2,,,,,,,,,,,,,보통,
h087,아마츠키 토키 시간 여행자 - 전설적인,,전설적인,전설적인_임장혁,게이트/회수,있음,2,"A0UF($영주 대리 AOae {""Oae2"": 0.2})",A0UI($시간시간 열매:껍데기(수치0·j미참조)), + UI/시각/스톡 1,,Legend31,Legend31_toki[피해호출3·더미4],,,5(effects있음 5·빈 0),"A0UF($영주 대리 AOae {""Oae2"": 0.2}) | Legend31_toki[피해호출3·더미4]",,,,2/2,,보통,
h09Z,네코마무시 밤의 왕 - 전설적인,,전설적인,전설적인_진연서,게이트/회수,있음,4,"A0YT(/네코마무시평타마뎀1 AIfb {""Idam"": 40000.0, ""Iob5"": 1}) | A0Y1(#수호자 나리 ACac {""Cac1"": 0.25})",A138(!광분:껍데기(수치0·j미참조)) | A0Y7(!네코마무시 방무뎀:수치미수정(스톡기본값?)), + UI/시각/스톡 1,,Legend32,Legend32[피해호출3·더미1·평타등록] | Legend32_neko1[피해호출2·더미3],,,10(effects있음 10·빈 0),"A0YT(/네코마무시평타마뎀1 AIfb {""Idam"": 40000.0, ""Iob5"": 1}) | A0Y1(#수호자 나리 ACac {""Cac1"": 0.25}) | Legend32[피해호출3·더미1·평타등록] | Legend32_neko1[피해호출2·더미3]",,,,4/4,,보통,
h0AH,킹 백수해적단-대간판 - 전설적인,,전설적인,,,있음,3,"A132(파충류 이속감소 Aasl {""Slo1"": -0.15}) | A133(B파충류 AHad {""Had1"": -5.0})",A10G(!용용열매-프테라노돈:껍데기(수치0·j미참조)) | A10U(!화재-리:수치미수정(스톡기본값?)), + UI/시각/스톡 2,,Legend33,King_skill_1sc[피해호출0·더미3],,,,,,"A132(파충류 이속감소 Aasl {""Slo1"": -0.15}) | A133(B파충류 AHad {""Had1"": -5.0}) | King_skill_1sc[피해호출0·더미3]",King_skill_1sc[피해호출0·더미3]→제한_임준성,,,보통,
h01L,돈키호테 도플라밍고 칠무해 - 희귀함,,희귀함,희귀함_이상혁,2채널,있음,1,,A061(!하늘귀신:껍데기(수치0·j미참조)) | A0DE(!실실열매:껍데기(수치0·j미참조)), + UI/시각/스톡 5,,Unique12,Unique12[피해호출1·더미1·평타등록],,,2(effects있음 1·빈 1),Unique12[피해호출1·더미1·평타등록],,,,1/1,,보통,
h01M,보아 핸콕 칠무해 - 희귀함,,희귀함,희귀함_최상호_윤식파의두뇌,1채널,있음,3,"A0PB(!패왕색의패기-희귀함 ANpi {""Eim1"": 400.0}) | A05R(!매료매료 열매 ACbh {""Hbh3"": 10000.0})",, + UI/시각/스톡 4,,Unique20,Unique20[피해호출2·더미2·평타등록],,,2(effects있음 2·빈 0),"A05R(!매료매료 열매 ACbh {""Hbh3"": 10000.0}) | Unique20[피해호출2·더미2·평타등록]",,"A0PB(!패왕색의패기-희귀함 ANpi {""Eim1"": 400.0})",,1/1,,보통,
h01N,브룩 해골 음악가 - 희귀함,,희귀함,희귀함_노수신,1채널,있음,2,"A0N4($콧노래공속-브룩희귀 AOae {""Oae2"": 0.1}) | A04B(!잠의 노래 프람 ACbh {""Hbh3"": 4500.0, ""Hbh1"": 14.0})",, + UI/시각/스톡 4,,,,,Forever_uta[피해1],2(effects있음 2·빈 0),"A0N4($콧노래공속-브룩희귀 AOae {""Oae2"": 0.1}) | A04B(!잠의 노래 프람 ACbh {""Hbh3"": 4500.0, ""Hbh1"": 14.0})",,,,,,낮음,평타 등록 밖에서 이 uid를 언급하는 피해 트리거: Forever_uta
h01O,비비 MIss.웬즈데이 - 희귀함,,희귀함,희귀함_노태현,1채널,있음,2,"A0WE(!공작스트링-비비희귀 Aroc {""Efk2"": 10000000.0, ""Efk3"": 2}) | A0FJ(!공작슬래셔-희귀 ACbh {""Hbh3"": 20000.0, ""Hbh1"": 10.0})",, + UI/시각/스톡 5,,,,,,1(effects있음 1·빈 0),"A0FJ(!공작슬래셔-희귀 ACbh {""Hbh3"": 20000.0, ""Hbh1"": 10.0})",,"A0WE(!공작스트링-비비희귀 Aroc {""Efk2"": 10000000.0, ""Efk3"": 2})",,,,보통,
h01P,사카즈키 해군대장 아카이누 - 희귀함,,희귀함,희귀함_박수찬,2채널,있음,1,,A06T(!용암용암열매:껍데기(수치0·j미참조)), + UI/시각/스톡 4,,Unique10,Unique10[피해호출0·더미1·평타등록],,,2(effects있음 1·빈 1),Unique10[피해호출0·더미1·평타등록],,,,,,보통,
h01Q,거프 해군 영웅 - 희귀함,,희귀함,희귀함_최상호_오타쿠의길,1채널,있음,2,"A04U(!패기의 주먹 ACbh {""Hbh3"": 20000.0, ""Hbh1"": 20.0})",A0IF(!맨손투포환:껍데기(수치0·j미참조)), + UI/시각/스톡 4,,Unique30,Unique30[피해호출2·더미4·평타등록],,,2(effects있음 2·빈 0),"A04U(!패기의 주먹 ACbh {""Hbh3"": 20000.0, ""Hbh1"": 20.0}) | Unique30[피해호출2·더미4·평타등록]",,,,2/2,,보통,
h01R,보르살리노 해군대장 - 희귀함,,희귀함,희귀함_박은석,2채널,있음,1,,A0CT(!빛빛열매:껍데기(수치0·j미참조)), + UI/시각/스톡 5,,Unique9,Unique9[피해호출0·더미1·평타등록],,,2(effects있음 1·빈 1),Unique9[피해호출0·더미1·평타등록],,,,,,보통,
h01S,벤 베크만 붉은머리 해적단 부선장 - 희귀함,,희귀함,희귀함_장하민,1채널,있음,2,"A040(!패기의 탄환 ACbh {""Hbh3"": 2500.0, ""Hbh1"": 35.0})",, + UI/시각/스톡 4,,Unique21,Unique21[피해호출2·더미1·평타등록],,,1(effects있음 1·빈 0),"A040(!패기의 탄환 ACbh {""Hbh3"": 2500.0, ""Hbh1"": 35.0}) | Unique21[피해호출2·더미1·평타등록]",,,,2/2,,보통,
h01T,반 더 데켄 플라잉더치맨호의 선장 - 희귀함,,희귀함,희귀함_김청운,1채널,있음,2,"A06Q(!어인 ACbh {""Hbh3"": 2000.0, ""Hbh1"": 20.0}) | A0BQ(!표적표적 열매 Aroc {""Efk3"": 1, ""Efk2"": 1000000000.0})",, + UI/시각/스톡 4,,,,,,1(effects있음 1·빈 0),"A06Q(!어인 ACbh {""Hbh3"": 2000.0, ""Hbh1"": 20.0})",,"A0BQ(!표적표적 열매 Aroc {""Efk3"": 1, ""Efk2"": 1000000000.0})",,,,보통,
h01U,바질호킨스 스트로맨 - 희귀함,,희귀함,,,있음,1,"A0E0(B부두부두 열매 AHad {""Had1"": -10.0})",, + UI/시각/스톡 3,,,,,,,,,"A0E0(B부두부두 열매 AHad {""Had1"": -10.0})",,,,보통,
h01V,바제스 검은수염해적단 선원 - 희귀함,,희귀함,희귀함_이용민,2채널,있음,1,,A0K1(!괴력:껍데기(수치0·j미참조)), + UI/시각/스톡 4,,Unique27,Unique27[피해호출0·더미1·평타등록],,,1(effects있음 1·빈 0),Unique27[피해호출0·더미1·평타등록],,,,,,보통,
h01W,바르토로메오 밀짚모자 해적단 광신도 - 희귀함,,희귀함,희귀함_양재모,1채널,있음,2,"A0JW(!배리어 피스트 ACbh {""Hbh3"": 6000.0, ""Hbh1"": 17.0})",A0D2(!배리어배리어 열매:껍데기(수치0·j미참조)), + UI/시각/스톡 4,,Unique26,Unique26[피해호출1·더미1·평타등록],,,2(effects있음 2·빈 0),"A0JW(!배리어 피스트 ACbh {""Hbh3"": 6000.0, ""Hbh1"": 17.0}) | Unique26[피해호출1·더미1·평타등록]",,,,1/1,,보통,
h01X,몽키.D.루피 기어서드 초신성 - 희귀함,,희귀함,희귀함_장태영,1채널,있음,2,"A054(!고무고무 열매 ACbh {""Hbh3"": 3000.0, ""Hbh1"": 20.0})",, + UI/시각/스톡 4,,Unique32,Unique32[피해호출1·더미3·평타등록],,,2(effects있음 2·빈 0),"A054(!고무고무 열매 ACbh {""Hbh3"": 3000.0, ""Hbh1"": 20.0}) | Unique32[피해호출1·더미3·평타등록]",,,,1/1,,보통,
h01Y,모몬가 G1 지부의 수장 - 희귀함,,희귀함,희귀함_엄태웅,2채널,있음,1,,A0JL(!육중한 일합-모몬가:껍데기(수치0·j미참조)), + UI/시각/스톡 3,,Unique35,Unique35[피해호출2·더미1·평타등록],,,1(effects있음 1·빈 0),Unique35[피해호출2·더미1·평타등록],,,,1/1,,보통,
h01Z,마젤란 독독열매능력자 - 희귀함,,희귀함,,,있음,2,"A04T(&독독열매 Aspo {""Spo1"": 2500.0, ""Spo4"": 9})",, + UI/시각/스톡 4,,Unique16,Unique16[피해호출0·더미1·평타등록],,,,,,"A04T(&독독열매 Aspo {""Spo1"": 2500.0, ""Spo4"": 9}) | Unique16[피해호출0·더미1·평타등록]",,,,보통,
h020,마인 오즈 대륙파괴인 - 희귀함,,희귀함,희귀함_김만경,1채널,있음,1,"A0DS(!거인의 힘- 오즈희귀 ACbh {""Hbh1"": 20.0, ""Hbh2"": 2.0})",, + UI/시각/스톡 5,,,,,,1(effects있음 1·빈 0),"A0DS(!거인의 힘- 오즈희귀 ACbh {""Hbh1"": 20.0, ""Hbh2"": 2.0})",,,,,,보통,
h021,마샬.D.티치 흰수염해적단의 배신자 - 희귀함,,희귀함,희귀함_황준석,게이트/회수,있음,1,,A0HT(!크로우즈:껍데기(수치0·j미참조)), + UI/시각/스톡 4,,Unique281,Tich1_danil[피해호출2·더미3],,,2(effects있음 2·빈 0),Tich1_danil[피해호출2·더미3],,,,1/1,,보통,
h022,마르코 흰수염 1번대대장 - 희귀함,,희귀함,희귀함_이승우,2채널,있음,1,,A076(!불사조불사조열매:껍데기(수치0·j미참조)), + UI/시각/스톡 6,,Unique4,Unique4[피해호출0·더미1·평타등록],,,1(effects있음 1·빈 0),Unique4[피해호출0·더미1·평타등록],,,,,,보통,
h023,카쿠 CP9 소소열매 람각 주단 - 희귀함,,희귀함,희귀함_서민성,1채널,있음,3,"A0TX(!주단 공속증가 AIsx {""Isx1"": 0.33}) | A047(!육식 ACbh {""Hbh3"": 5000.0})",A0MN(!람각 주단:껍데기(수치0·j미참조)), + UI/시각/스톡 4,,Unique14,Unique14[피해호출0·더미2·평타등록],,,3(effects있음 3·빈 0),"A0TX(!주단 공속증가 AIsx {""Isx1"": 0.33}) | A047(!육식 ACbh {""Hbh3"": 5000.0}) | Unique14[피해호출0·더미2·평타등록]",,,,,,보통,
h024,와이퍼 하늘섬의 전귀 - 희귀함,,희귀함,,,있음,2,"A0D9(!리젝트 다이얼 Aroc {""Efk3"": 1, ""Efk2"": 1000000000.0})",, + UI/시각/스톡 4,,Unique7,Unique7[피해호출0·더미1·평타등록],,,,,,"A0D9(!리젝트 다이얼 Aroc {""Efk3"": 1, ""Efk2"": 1000000000.0}) | Unique7[피해호출0·더미1·평타등록]",,,,보통,
h025,검호 류마 용의 목을 벤 사나이 - 희귀함,,희귀함,희귀함_최현우,2채널,있음,1,,A05X(!흑도 슈스이:껍데기(수치0·j미참조)), + UI/시각/스톡 4,,Unique22,Unique22[피해호출3·더미1·평타등록],,,2(effects있음 2·빈 0),Unique22[피해호출3·더미1·평타등록],,,,2/2,,보통,
h026,시류 전 임펠다운 간수장 - 희귀함,,희귀함,희귀함_현성현,1채널,있음,2,"A049(!참륙용인 ACbh {""Hbh3"": 25000.0, ""Hbh1"": 20.0})",, + UI/시각/스톡 4,,Unique19,Unique19[피해호출2·더미1·평타등록],,,2(effects있음 2·빈 0),"A049(!참륙용인 ACbh {""Hbh3"": 25000.0, ""Hbh1"": 20.0}) | Unique19[피해호출2·더미1·평타등록]",,,,1/1,,보통,
h027,슈가 도플패밀리 최고 간부 - 희귀함,,희귀함,,,있음,2,"A0IW(!특별간부 AIba {""Hab1"": 0.6})",A0IY(!하비하비열매:껍데기(수치0·j미참조)), + UI/시각/스톡 4,,Unique13,Unique13[피해호출0·더미1·평타등록],,,,,,"A0IW(!특별간부 AIba {""Hab1"": 0.6}) | Unique13[피해호출0·더미1·평타등록]",,,,보통,
h028,센토마루  해군 과학본부장 - 희귀함,,희귀함,,,꼬리표·툴팁만,0,,A06B(!대도끼:껍데기(수치0·j미참조)), + UI/시각/스톡 4,,,,,,,,,,,,,낮음,툴팁 능력 1개가 있는데 효과 배선을 네 그물로 못 찾음
h029,샹크스 붉은머리 해적단 선장 - 희귀함,,희귀함,희귀함_배병규,1채널,있음,3,"A0PB(!패왕색의패기-희귀함 ANpi {""Eim1"": 400.0}) | A03Y(!패기의 검술 ACbh {""Hbh1"": 20.0, ""Hbh2"": 2.0})",, + UI/시각/스톡 4,,Unique3,Unique3[피해호출0·더미1·평타등록],,,2(effects있음 2·빈 0),"A03Y(!패기의 검술 ACbh {""Hbh1"": 20.0, ""Hbh2"": 2.0}) | Unique3[피해호출0·더미1·평타등록]",,"A0PB(!패왕색의패기-희귀함 ANpi {""Eim1"": 400.0})",,,,보통,
h02A,엠포리오 이완코브 혁명군 - 희귀함,,희귀함,희귀함_이재윤,2채널,있음,2,"A05V(!호르몬호르몬 열매1 Ainf {""Inf1"": 0.35})",, + UI/시각/스톡 5,,Unique18,Unique18[피해호출0·더미1·평타등록],,,1(effects있음 1·빈 0),Unique18[피해호출0·더미1·평타등록],,"A05V(!호르몬호르몬 열매1 Ainf {""Inf1"": 0.35})",,,,보통,
h02B,쿠잔 해군대장 아오키지 - 희귀함,,희귀함,희귀함_윤현모,2채널,있음,2,"A0D4(A!빙빙열매 AOae {""Oae1"": -0.12})",, + UI/시각/스톡 4,,Unique11,Unique11[피해호출0·더미1·평타등록],,,3(effects있음 2·빈 1),"A0D4(A!빙빙열매 AOae {""Oae1"": -0.12}) | Unique11[피해호출0·더미1·평타등록]",,,,,,보통,
h02C,우솝 보잉열도 생존자 - 희귀함,,희귀함,희귀함_유재헌,2채널,있음,1,,A0EK(!임팩트 다이얼:껍데기(수치0·j미참조)), + UI/시각/스톡 5,,Unique23,Unique23[피해호출0·더미1·평타등록],,,1(effects있음 1·빈 0),Unique23[피해호출0·더미1·평타등록],,,,,,보통,
h02D,유스타스 키드 캡틴-키드 - 희귀함,,희귀함,희귀함_두유찬,1채널,있음,3,"A0K5(A자석자석 열매 AOae {""Oae1"": -0.2}) | A0K6(!자석 팔 ACbh {""Hbh3"": 6000.0, ""Hbh1"": 40.0}) | A0VM(/자석자석열매-1 AIfb {""Idam"": 2500.0, ""Iob5"": 1})",, + UI/시각/스톡 4,,,,,,3(effects있음 3·빈 0),"A0K5(A자석자석 열매 AOae {""Oae1"": -0.2}) | A0K6(!자석 팔 ACbh {""Hbh3"": 6000.0, ""Hbh1"": 40.0}) | A0VM(/자석자석열매-1 AIfb {""Idam"": 2500.0, ""Iob5"": 1})",,,,,,보통,
h02E,죠즈 흰수염 3번대 대장 다이아몬드 - 희귀함,,희귀함,희귀함_황준석,2채널,있음,1,,A0KV(!브릴리언스 펑크:껍데기(수치0·j미참조)), + UI/시각/스톡 4,,Unique34,Unique34[피해호출2·더미5·평타등록],,,2(effects있음 2·빈 0),Unique34[피해호출2·더미5·평타등록],,,,2/2,,보통,
h02F,조로 '현상금 사냥꾼' 초신성 - 희귀함,,희귀함,희귀함_정내연,2채널,있음,1,,A0K8(!삼도류-조로희귀:껍데기(수치0·j미참조)), + UI/시각/스톡 4,,Unique33,Unique33[피해호출2·더미4·평타등록],,,1(effects있음 1·빈 0),Unique33[피해호출2·더미4·평타등록],,,,1/2,,보통,
h02G,제프 해상 레스토랑 쉐프 - 희귀함,,희귀함,희귀함_박민수,2채널,있음,2,"A0MP(!의족 Awar {""War1"": 8.0, ""War3"": 650.0, ""War2"": 3000.0})",, + UI/시각/스톡 4,,Unique2,Unique2[피해호출0·더미1·평타등록],,,1(effects있음 1·빈 0),Unique2[피해호출0·더미1·평타등록],,"A0MP(!의족 Awar {""War1"": 8.0, ""War3"": 650.0, ""War2"": 3000.0})",,,,보통,
h02H,크로커 다일 Mr.0 Sir - 희귀함,,희귀함,희귀함_이태훈,2채널,있음,3,"A0EX(!지령 Aroa {""Roa5"": 1, ""Roa1"": 0.2}) | A0CH(!모래모래 열매 AOae {""Oae1"": -0.2})",, + UI/시각/스톡 4,,Unique17,Unique17[피해호출1·더미1·평타등록],,,2(effects있음 2·빈 0),"A0CH(!모래모래 열매 AOae {""Oae1"": -0.2}) | Unique17[피해호출1·더미1·평타등록]",,"A0EX(!지령 Aroa {""Roa5"": 1, ""Roa1"": 0.2})",,1/1,,보통,
h02I,상디 디아블 잠브 - 희귀함,,희귀함,희귀함_배현진,1채널,있음,2,"A06D(!디아블 잠브 ACbh {""Hbh3"": 15000.0})",, + UI/시각/스톡 4,,Unique1,Unique1[피해호출1·더미0·평타등록],,,1(effects있음 1·빈 0),"A06D(!디아블 잠브 ACbh {""Hbh3"": 15000.0}) | Unique1[피해호출1·더미0·평타등록]",,,,1/1,,보통,
h02J,킨에몬 와노쿠니의 사무라이 - 희귀함,,희귀함,희귀함_배성령,1채널,있음,2,"A05J(!와노쿠니의 검술 ACbh {""Hbh3"": 10000.0, ""Hbh1"": 25.0})",, + UI/시각/스톡 4,,Unique5,Unique5[피해호출1·더미1·평타등록],,,2(effects있음 2·빈 0),"A05J(!와노쿠니의 검술 ACbh {""Hbh3"": 10000.0, ""Hbh1"": 25.0}) | Unique5[피해호출1·더미1·평타등록]",,,,1/1,,보통,
h02K,토니토니 쵸파 혼 포인트 - 희귀함,,희귀함,희귀함_조현규,1채널,있음,4,"A17H(!!!공속감소-혼포인트 AIsx {""Isx1"": -0.5}) | A0UZ(!혼포인트 ACbh {""Hbh3"": 5000.0}) | A0GN(#애교 ACac {""Cac1"": 0.3})",, + UI/시각/스톡 5,,Unique31,Unique31[피해호출2·더미0·평타등록],,,3(effects있음 3·빈 0),"A17H(!!!공속감소-혼포인트 AIsx {""Isx1"": -0.5}) | A0UZ(!혼포인트 ACbh {""Hbh3"": 5000.0}) | A0GN(#애교 ACac {""Cac1"": 0.3}) | Unique31[피해호출2·더미0·평타등록]",,,,2/2,,보통,
h02L,트라팔가 로우 죽음의 외과의사 - 희귀함,,희귀함,희귀함_선효진,2채널,있음,2,"A0GC(!외과수술 Auhf {""Uhf1"": 1.2})",A05D(!카운터 쇼크:껍데기(수치0·j미참조)), + UI/시각/스톡 5,,Unique6,Unique6[피해호출1·더미2·평타등록],,,1(effects있음 1·빈 0),Unique6[피해호출1·더미2·평타등록],,"A0GC(!외과수술 Auhf {""Uhf1"": 1.2})",,1/1,,보통,
h02M,베이비 5 팔보수군 - 희귀함,,희귀함,희귀함_임채민,2채널,있음,1,,A0E2(!베이비-무기무기:껍데기(수치0·j미참조)), + UI/시각/스톡 4,,Unique29,Unique29[피해호출2·더미1·평타등록],,,2(effects있음 2·빈 0),Unique29[피해호출2·더미1·평타등록],,,,2/2,,보통,
h04H,쥬라클 미호크 칠무해 - 희귀함,,희귀함,희귀함_이은엽,2채널,있음,1,,A0CW(!흑도 요루:껍데기(수치0·j미참조)), + UI/시각/스톡 3,,Unique8,Unique8[피해호출1·더미1·평타등록],,,1(effects있음 1·빈 0),Unique8[피해호출1·더미1·평타등록],,,,1/1,,보통,
h05K,페로나 홀로홀로열매-네거티브 - 희귀함,,희귀함,,,있음,1,"A064(홀로홀로열매 AOae {""Oae1"": -0.25})",, + UI/시각/스톡 3,,,,,,,,,"A064(홀로홀로열매 AOae {""Oae1"": -0.25})",,,,보통,
h05L,사보 혁명군 참모 - 희귀함,,희귀함,,,있음,1,"A0PF(B참모장 AHad {""Had1"": -10.0})",, + UI/시각/스톡 4,,,,,,,,,"A0PF(B참모장 AHad {""Had1"": -10.0})",,,,보통,
h05Y,고대의 배 특수 - 희귀함,,희귀함,,,있음,2,"A0OD(!레일리 도박-고대의 배 Aroa {""Roa5"": 1})",A023([조:꼬리표(j참조)) | A0OC(!랜덤유닛도박-고대의배1:꼬리표(j참조)), + UI/시각/스톡 2,,,,Acient_Ship←시전 A0OD[피해호출0·더미6],,,,,"A0OD(!레일리 도박-고대의 배 Aroa {""Roa5"": 1}) | Acient_Ship←시전 A0OD[피해호출0·더미6]",,,,보통,
h06O,장난감희귀함,,희귀함,,,있음,1,"A0J6(스폰 히드라-희귀장난감 Aspt {""Sod1"": 1})",, + UI/시각/스톡 2,,,,,,,,,"A0J6(스폰 히드라-희귀장난감 Aspt {""Sod1"": 1})",,,,보통,
h09X,X-드레이크 알로사우로스 - 희귀함,,희귀함,,,있음,2,"A132(파충류 이속감소 Aasl {""Slo1"": -0.15}) | A133(B파충류 AHad {""Had1"": -5.0})",A0XR(!용용열매-알로사우로스:수치미수정(스톡기본값?)), + UI/시각/스톡 4,,,,,,,,,"A132(파충류 이속감소 Aasl {""Slo1"": -0.15}) | A133(B파충류 AHad {""Had1"": -5.0})",,,,보통,
h00B,겟코 모리아 칠무해 - 특별함,,특별함,,,있음,1,"A113(!그림자그림자열매-리멕특별 ANba {""Nba3"": 10.0})",, + UI/시각/스톡 6,,,,,,,,,"A113(!그림자그림자열매-리멕특별 ANba {""Nba3"": 10.0})",,,,보통,
h00P,나미 크리마 텍트 - 특별함,,특별함,특별함_주영호,2채널,있음,1,,A06Y(!크리마 텍트:껍데기(수치0·j미참조)), + UI/시각/스톡 5,,Speical1,Speical1[피해호출1·더미1·평타등록],,,1(effects있음 1·빈 0),Speical1[피해호출1·더미1·평타등록],,,,,,보통,
h00Q,갓 에넬 하늘섬의 가짜신 - 특별함,,특별함,,,있음,2,"A0DA(!쿠릉쿠릉열매 Aroc {""Efk3"": 1, ""Efk2"": 1000000000.0})",, + UI/시각/스톡 5,,Speical8,Speical8[피해호출0·더미1·평타등록],,,,,,"A0DA(!쿠릉쿠릉열매 Aroc {""Efk3"": 1, ""Efk2"": 1000000000.0}) | Speical8[피해호출0·더미1·평타등록]",,,,보통,
h00R,로브 루치 CP9 도력 4000 - 특별함,,특별함,특별함_조세민,1채널,있음,2,"A045(!육식 ACbh {""Hbh2"": 2.0})",, + UI/시각/스톡 5,,Speical7,Speical7[피해호출0·더미1·평타등록],,,1(effects있음 1·빈 0),"A045(!육식 ACbh {""Hbh2"": 2.0}) | Speical7[피해호출0·더미1·평타등록]",,,,,,보통,
h00S,니코 로빈 오하라의 악마 - 특별함,,특별함,,,있음,1,"A03R(!꽃꽃 열매 Aroc {""Efk3"": 2, ""Efk2"": 1000000000.0})",, + UI/시각/스톡 5,,,,,,,,,"A03R(!꽃꽃 열매 Aroc {""Efk3"": 2, ""Efk2"": 1000000000.0})",,,,보통,
h00T,마르코 흰수염 해적단 - 특별함,,특별함,특별함_최준우,2채널,있음,1,,A075(!불사조불사조열매:껍데기(수치0·j미참조)), + UI/시각/스톡 5,,Speical3,Speical3[피해호출0·더미1·평타등록],,,1(effects있음 1·빈 0),Speical3[피해호출0·더미1·평타등록],,,,,,보통,
h00U,몽키.D.루피 기어 세컨드 - 특별함,,특별함,특별함_조도연,1채널,있음,2,"A053(!고무고무 열매 ACbh {""Hbh3"": 30.0, ""Hbh1"": 20.0})",A066(!기어 세컨드:껍데기(수치0·j미참조)), + UI/시각/스톡 5,,Speical5,Speical5[피해호출0·더미1·평타등록],,,2(effects있음 2·빈 0),"A053(!고무고무 열매 ACbh {""Hbh3"": 30.0, ""Hbh1"": 20.0}) | Speical5[피해호출0·더미1·평타등록]",,,,,,보통,
h00V,캡틴 크로 백계 - 특별함,,특별함,특별함_왕승환,1채널,있음,1,"A0SQ(!작살-크로 ACbh {""Hbh1"": 20.0})",, + UI/시각/스톡 5,,,,,,1(effects있음 1·빈 0),"A0SQ(!작살-크로 ACbh {""Hbh1"": 20.0})",,,,,,보통,
h00W,롤로노아 조로 귀기 - 특별함,,특별함,특별함_최상호,2채널,있음,1,,A0R9(!귀기-특별1:껍데기(수치0·j미참조)), + UI/시각/스톡 6,,Speical12,Speical12[피해호출1·더미2·평타등록],,,1(effects있음 1·빈 0),Speical12[피해호출1·더미2·평타등록],,,,1/1,,보통,
h00X,이나즈마 혁명군 - 특별함,,특별함,특별함_유재헌,1채널,있음,1,"A0HZ(!싹둑싹둑열매 ACbh {""Hbh1"": 60.0, ""Hbh2"": 1.5})",, + UI/시각/스톡 7,,,,,,1(effects있음 1·빈 0),"A0HZ(!싹둑싹둑열매 ACbh {""Hbh1"": 60.0, ""Hbh2"": 1.5})",,,,,,보통,
h00Y,유스타스 키드 초신성 - 특별함,,특별함,,,있음,1,"A0K4(A자석자석 열매 AOae {""Oae1"": -0.07})",, + UI/시각/스톡 5,,,,,,,,,"A0K4(A자석자석 열매 AOae {""Oae1"": -0.07})",,,,보통,
h00Z,우솝 화염탄 - 특별함,,특별함,,,없음,0,,, + UI/시각/스톡 7,,,,,,,,,,,,,보통,
h010,압살롬 투명인간 - 특별함,,특별함,,,없음,0,,, + UI/시각/스톡 5,,,,,,,,,,,,,보통,
h011,아론 어인해적단 선장 - 특별함,,특별함,특별함_이현빈,1채널,있음,1,"A06O(!어인 ACbh {""Hbh3"": 500.0, ""Hbh1"": 20.0})",, + UI/시각/스톡 5,,,,,,1(effects있음 1·빈 0),"A06O(!어인 ACbh {""Hbh3"": 500.0, ""Hbh1"": 20.0})",,,,,,보통,
h012,스쿼드 흰수염산하 소용돌이 거미 - 특별함,,특별함,,,있음,1,,A05C(!대태도:껍데기(수치0·j미참조)), + UI/시각/스톡 5,,Speical10,Speical10[피해호출2·더미3·평타등록],,,,,,Speical10[피해호출2·더미3·평타등록],,,,보통,
h013,상디 검은다리 - 특별함,,특별함,특별함_조성진,2채널,있음,1,,A0JK(!검은다리-특별함:껍데기(수치0·j미참조)), + UI/시각/스톡 5,,Speical6,Speical6[피해호출0·더미1·평타등록],,,1(effects있음 1·빈 0),Speical6[피해호출0·더미1·평타등록],,,,,,보통,
h014,봉쿠레 Mr.2 - 특별함,,특별함,,,있음,1,,A0D7(!폭격백조:껍데기(수치0·j미참조)), + UI/시각/스톡 5,,Speical2,Speical2[피해호출0·더미1·평타등록],,,,,,Speical2[피해호출0·더미1·평타등록],,,,보통,
h015,버기 특제 마기탄 - 특별함,,특별함,특별함_임채준,1채널,있음,2,"A05E(!마기탄 ACbh {""Hbh3"": 800.0, ""Hbh1"": 30.0})",A05Z(버기 긴급탈출1:꼬리표(j참조)), + UI/시각/스톡 4,,,,Buggi←시전 A05Z[피해호출0·더미1],,1(effects있음 1·빈 0),"A05E(!마기탄 ACbh {""Hbh3"": 800.0, ""Hbh1"": 30.0})",,Buggi←시전 A05Z[피해호출0·더미1],,,,보통,
h016,바질 호킨스 초신성 - 특별함,,특별함,,,있음,1,"A0E1(B부두부두 열매 AHad {""Had1"": -3.0})",, + UI/시각/스톡 6,,,,,,,,,"A0E1(B부두부두 열매 AHad {""Had1"": -3.0})",,,,보통,
h017,바솔로뮤 쿠마 칠무해 - 특별함,,특별함,특별함_양재모,1채널,있음,1,"A0SI(!생체병기-특별아이콘용 ACbh {""Hbh1"": 20.0})",A0NV(P생체병기 px:수치미수정(스톡기본값?)), + UI/시각/스톡 5,,,,,,1(effects있음 1·빈 0),"A0SI(!생체병기-특별아이콘용 ACbh {""Hbh1"": 20.0})",,,,,,보통,
h018,징베 칠무해 - 특별함,,특별함,특별함_이지원,1채널,있음,1,"A06O(!어인 ACbh {""Hbh3"": 500.0, ""Hbh1"": 20.0})",, + UI/시각/스톡 6,,,,,,1(effects있음 1·빈 0),"A06O(!어인 ACbh {""Hbh3"": 500.0, ""Hbh1"": 20.0})",,,,,,보통,
h019,챠카 알라바스타의 수호신 - 특별함,,특별함,특별함_황정기,2채널,있음,1,,A0MO(!개개열매:껍데기(수치0·j미참조)), + UI/시각/스톡 5,,Speical4,Speical4[피해호출1·더미1·평타등록],,,1(effects있음 1·빈 0),Speical4[피해호출1·더미1·평타등록],,,,1/1,,보통,
h01A,크로커 다일 전 칠무해 - 특별함,,특별함,,,있음,1,"A0CI(!모래모래 열매 AOae {""Oae1"": -0.07})",, + UI/시각/스톡 5,,,,,,,,,"A0CI(!모래모래 열매 AOae {""Oae1"": -0.07})",,,,보통,
h01B,킬러 초신성 - 특별함,,특별함,특별함_정승준,1채널,있음,1,"A0DJ(!살육 ACbh {""Hbh3"": 2500.0, ""Hbh1"": 10.0, ""Hbh2"": 2.0})",, + UI/시각/스톡 5,,,,,,1(effects있음 1·빈 0),"A0DJ(!살육 ACbh {""Hbh3"": 2500.0, ""Hbh1"": 10.0, ""Hbh2"": 2.0})",,,,,,보통,
h01C,카포네 갱 벳지 초신성 - 특별함,,특별함,,,있음,1,,A0JP(카포네 분열:꼬리표(j참조)), + UI/시각/스톡 4,,,,Kapone←시전 A0JP[피해호출0·더미3],,,,,Kapone←시전 A0JP[피해호출0·더미3],,,,보통,
h01D,토니토니 쵸파 가드 포인트 - 특별함,,특별함,,,있음,1,"A0GO(#애교 ACac {""Cac1"": 0.07})",, + UI/시각/스톡 6,,,,,,,,,"A0GO(#애교 ACac {""Cac1"": 0.07})",,,,보통,
h01E,토니토니 쵸파 두뇌 강화 - 특별함,,특별함,,,있음,1,"A0PY(B약점분석 AHad {""Had1"": -3.0})",, + UI/시각/스톡 5,,,,,,,,,"A0PY(B약점분석 AHad {""Had1"": -3.0})",,,,보통,
h01F,스모커 해군 준장 - 특별함,,특별함,,,있음,1,"A0DD(A!연기연기열매 AOae {""Oae1"": -0.07})",, + UI/시각/스톡 5,,,,,,,,,"A0DD(A!연기연기열매 AOae {""Oae1"": -0.07})",,,,보통,
h01G,파이러츠 도킹 5 거대 로봇 전사 - 특별함,,특별함,,,있음,2,"A0K3(C사람으로써의 부끄러움 AHtb {""Htb1"": 10000.0})",, + UI/시각/스톡 6,,,,Pirates_docking_1←시전 A0K3[피해호출1·더미0],,,,,"A0K3(C사람으로써의 부끄러움 AHtb {""Htb1"": 10000.0}) | Pirates_docking_1←시전 A0K3[피해호출1·더미0]",,,,보통,
h01H,트라팔가 로우 초신성 - 특별함,,특별함,,,있음,1,"A0GB(!외과수술 Auhf {""Uhf1"": 1.0})",, + UI/시각/스톡 5,,,,,,,,,"A0GB(!외과수술 Auhf {""Uhf1"": 1.0})",,,,보통,
h01I,헤르메포 해군 - 특별함,,특별함,특별함_이정범,1채널,있음,1,"A0JT(!쿠크리 ACbh {""Hbh3"": 100.0, ""Hbh1"": 100.0})",, + UI/시각/스톡 5,,,,,,1(effects있음 1·빈 0),"A0JT(!쿠크리 ACbh {""Hbh3"": 100.0, ""Hbh1"": 100.0})",,,,,,보통,
h01J,포트거스.D.에이스 흰수염 해적단 2번대대장 - 특별함,,특별함,특별함_최동준,2채널,있음,1,,A06K(!이글이글열매:껍데기(수치0·j미참조)), + UI/시각/스톡 6,,Speical9,Speical9[피해호출0·더미1·평타등록],,,2(effects있음 1·빈 1),Speical9[피해호출0·더미1·평타등록],,,,,,보통,
h01K,X-드레이크 초신성 - 특별함,,특별함,특별함_임장혁,1채널,있음,1,"A0MK(!창검술-x드레이크1 ACbh {""Hbh3"": 2200.0, ""Hbh1"": 10.0, ""Hbh2"": 2.0})",, + UI/시각/스톡 5,,,,,,1(effects있음 1·빈 0),"A0MK(!창검술-x드레이크1 ACbh {""Hbh3"": 2200.0, ""Hbh1"": 10.0, ""Hbh2"": 2.0})",,,,,,보통,
h063,봉쿠레 Mr.2 - 특별함 공격더미,,특별함,,,없음,0,,, + UI/시각/스톡 2,,,,,,,,,,,,,보통,
h064,챠카 알라바스타의 수호신 - 특별함 공격더미,,특별함,,,없음,0,,, + UI/시각/스톡 2,,,,,Speical4[피해1],,,,,,,,낮음,평타 등록 밖에서 이 uid를 언급하는 피해 트리거: Speical4
h09Y,카포네 Mr.2 - 특별함 공격더미,,특별함,,,없음,0,,, + UI/시각/스톡 2,,,,,,,,,,,,,보통,
h00A,CP9 후쿠로 - 안흔함,,안흔함,흔함_최상호,1채널,있음,2,"A046(!육식 ACbh {""Hbh2"": 1.5})",, + UI/시각/스톡 6,,common1,common1[피해호출0·더미1·평타등록],,,0(effects있음 0·빈 0),,,"A046(!육식 ACbh {""Hbh2"": 1.5}) | common1[피해호출0·더미1·평타등록]","A046(!육식 ACbh {""Hbh2"": 1.5})→안흔함_이호준/안흔함_황정기 | common1[피해호출0·더미1·평타등록]→안흔함_강주혁/안흔함_신문철/안흔함_이호준",,,보통,
h00C,베포 - 안흔함,,안흔함,,,없음,0,,, + UI/시각/스톡 6,,,,,,,,,,,,,보통,
h00D,브룩 - 안흔함,,안흔함,흔함_문필환,1채널,있음,1,"A04C(!잠의 노래 프람 ACbh {""Hbh1"": 10.0})",, + UI/시각/스톡 7,,,,,,0(effects있음 0·빈 0),,,"A04C(!잠의 노래 프람 ACbh {""Hbh1"": 10.0})","A04C(!잠의 노래 프람 ACbh {""Hbh1"": 10.0})→안흔함_문필환",,,보통,
h00E,타시기 - 안흔함,,안흔함,흔함_양재모,1채널,있음,1,"A03M(!시구레 ACbh {""Hbh3"": 200.0, ""Hbh1"": 20.0})",, + UI/시각/스톡 6,,,,,,0(effects있음 0·빈 0),,,"A03M(!시구레 ACbh {""Hbh3"": 200.0, ""Hbh1"": 20.0})","A03M(!시구레 ACbh {""Hbh3"": 200.0, ""Hbh1"": 20.0})→안흔함_이재윤",,,보통,
h00F,하찌 - 안흔함,,안흔함,흔함_박민수,1채널,있음,1,"A06P(!어인 ACbh {""Hbh3"": 150.0, ""Hbh1"": 20.0})",, + UI/시각/스톡 6,,,,,,0(effects있음 0·빈 0),,,"A06P(!어인 ACbh {""Hbh3"": 150.0, ""Hbh1"": 20.0})","A06P(!어인 ACbh {""Hbh3"": 150.0, ""Hbh1"": 20.0})→안흔함_박민수",,,보통,
h00G,토니토니 쵸파 럼블볼강화 - 안흔함,,안흔함,,,없음,0,,, + UI/시각/스톡 7,,,,,,,,,,,,,보통,
h00H,좀비 - 안흔함,,안흔함,,,없음,0,,, + UI/시각/스톡 2,,,,,,,,,,,,,보통,
h00I,이나즈마 - 안흔함,,안흔함,,,없음,0,,, + UI/시각/스톡 6,,,,,,,,,,,,,보통,
h00J,페로나 - 안흔함,,안흔함,,,없음,0,,, + UI/시각/스톡 6,,,,,,,,,,,,,보통,
h00K,포트거스.D.에이스 - 안흔함,,안흔함,흔함_박민석,1채널,있음,1,"A06J(!이글이글열매 ACbh {""Hbh3"": 200.0, ""Hbh1"": 10.0})",, + UI/시각/스톡 6,,,,,,0(effects있음 0·빈 0),,,"A06J(!이글이글열매 ACbh {""Hbh3"": 200.0, ""Hbh1"": 10.0})","A06J(!이글이글열매 ACbh {""Hbh3"": 200.0, ""Hbh1"": 10.0})→안흔함_엄태웅",,,보통,
h00L,프랑키 - 안흔함,,안흔함,,,없음,0,,, + UI/시각/스톡 6,,,,,,,,,,,,,보통,
h00M,CP9 블루노 - 안흔함,,안흔함,흔함_임장혁,1채널,있음,2,"A046(!육식 ACbh {""Hbh2"": 1.5})",, + UI/시각/스톡 6,,common2,common2[피해호출0·더미1·평타등록],,,0(effects있음 0·빈 0),,,"A046(!육식 ACbh {""Hbh2"": 1.5}) | common2[피해호출0·더미1·평타등록]","A046(!육식 ACbh {""Hbh2"": 1.5})→안흔함_이호준/안흔함_황정기 | common2[피해호출0·더미1·평타등록]→안흔함_강주혁/안흔함_신문철/안흔함_황정기",,,보통,
h00N,저격왕 우솝 - 안흔함,,안흔함,,,없음,0,,, + UI/시각/스톡 6,,,,,,,,,,,,,보통,
h00O,니코 로빈 - 안흔함,,안흔함,,,있음,1,"A0T7(!꽃꽃 열매 Aroc {""Efk3"": 1, ""Efk2"": 99999.0})",, + UI/시각/스톡 5,,,,,,,,,"A0T7(!꽃꽃 열매 Aroc {""Efk3"": 1, ""Efk2"": 99999.0})",,,,보통,
h001,나미 - 흔함,,흔함,,,없음,0,,, + UI/시각/스톡 7,,,,,,,,,,,,,보통,
h002,롤로노아 조로 - 흔함,,흔함,,,없음,0,,, + UI/시각/스톡 7,,,,,,,,,,,,,보통,
h003,몽키.D.루피 - 흔함,,흔함,,,없음,0,,, + UI/시각/스톡 7,,,,,Forever_uta[피해1],,,,,,,,낮음,평타 등록 밖에서 이 uid를 언급하는 피해 트리거: Forever_uta
h004,상디 - 흔함,,흔함,,,없음,0,,, + UI/시각/스톡 7,,,,,,,,,,,,,보통,
h005,버기 - 흔함,,흔함,,,없음,0,,, + UI/시각/스톡 7,,,,,,,,,,,,,보통,
h006,해군 칼병 - 흔함,,흔함,,,없음,0,,, + UI/시각/스톡 7,,,,,,,,,,,,,보통,
h007,우솝 - 흔함,,흔함,,,없음,0,,, + UI/시각/스톡 7,,,,,,,,,,,,,보통,
h008,토니토니 쵸파 - 흔함,,흔함,,,없음,0,,, + UI/시각/스톡 7,,,,,,,,,,,,,보통,
h009,해군 총병 - 흔함,,흔함,,,없음,0,,, + UI/시각/스톡 8,,,,,,,,,,,,,보통,
